loan_id,application_date,age,gender,marital_status,dependents,employment_type,monthly_income,credit_score,loan_amount,loan_term_months,interest_rate,loan_purpose,existing_loans_count,city,loan_default
LN100186,30-Mar-2022,51.0,Male,single,1,,31790.18,737.0,268078.75,60,9.06,car,1,HYDERABAD,1
LN100801,27/04/2021,35.0,FEMALE,Married,1,selfemployed,59000.38,665.0,253839.61,12,8.84,education,0,hyderabad,1
LN101980,23/04/2017,18.0,f,Marreid,0,RETIRED,99675.29,660.0,534476.1,12,8.77,Personal,1,Madras,1
LN101433,2019-06-18,26.0,MALE,Married,2,Salaried,69537.66,786.0,63470.64,12,6.7,business,0,BANGALORE,0
LN100494,16-Jan-2016,71.0,f,Single,0,unemployed,-5000.0,589.0,169865.79,84,8.37,Business,0,chennai,0
LN101932,2016-12-10,50.0,f,married,1,salaried,34587.6,627.0,154940.9,36,15.76,education,1,mumbai,0
LN101579,16/10/2022,36.0,M,MARRIED,1,UNEMPLOYED,61985.38,584.0,261321.04,120,11.1,Car,1,,1
ln101803,22-Jan-2021,17.0,FEMALE,married,0,selfemployed,31239.8,637.0,173118.13,60,9.35,education,0,,0
LN101325,2015-02-15,42.0,Female,single,0,Retired,53766.56,692.0,483407.62,36,9.95,CAR,1,Pune,1
LN101383,12/03/2015,46.0,M,Single,0,retired,63560.31,624.0,222754.1,48,5.44,Personal,0,chennai,1
LN101566,2016-05-30,45.0,male,single,0,Retired,25753.11,579.0,130187.03,84,17.72,Auto,0,HYDERABAD,0
LN101012,16-Aug-2020,48.0,FEMALE,Divorced,2,selfemployed,26936.4,569.0,91782.97,36,6.53,Home,1,Delhi,0
LN100326,30-Apr-2017,23.0,f,divorced,1,Self Employed,33559.39,652.0,161084.06,120,12.83,education,0,New Delhi,1
LN101725,18-Jun-2020,43.0,m,Divorced,1,unemployed,80351.14,635.0,127266.55,84,12.73,Car,1,HYDERABAD,0
LN101169,31-May-2017,53.0,f,Marreid,1,UNEMPLOYED,43705.09,714.0,443222.37,12,6.55,PERSONAL,1,Bombay,1
LN101729,08-Jul-2022,41.0,Male,single,3,self employed,85490.75,690.0,711887.37,12,14.26,personal,1,Delhi,1
LN100128,23-Sep-2023,25.0,M,SINGLE,3,Retired,34349.77,597.0,173117.41,24,8.72,biz,1,CHENNAI,0
LN101224,15/03/2018,16.0,female,DIVORCED,1,SELF-EMPLOYED,22120.3,659.0,136786.25,120,8.59,Edu,1,PUNE,0
LN101944,03-14-2019,44.0,m,divorced,0,retired,162178.32,499.0,97392.17,84,12.69,CAR,1,chennai,0
LN101743,08-06-2020,31.0,male,single,4,unemployed,21451.13,743.0,156508.73,84,12.4,HOME,0,PUNE,1
LN100900,05-Feb-2023,26.0,female,Single,2,Self Employed,68471.78,807.0,132696.32,24,12.24,BUSINESS,1,mumbai,0
LN101500,23-Sep-2020,38.0,FEMALE,Married,2,SELF-EMPLOYED,42087.64,631.0,149864.18,60,13.57,education,2,Pune,0
LN101332,01-14-2023,42.0,F,divorced,2,UNEMPLOYED,81135.96,593.0,170682.9,120,13.49,business,4,HYDERABAD,1
LN100639,26/03/2015,42.0,Male,single,0,Retired,34888.53,534.0,558558.93,36,12.47,car,0,Chennai,1
LN100705,19-May-2018,33.0,Male,Divorced,3,retired,44228.14,794.0,46327.07,12,14.62,,1,Chennai,0
LN100688,03-18-2015,37.0,M,Single,1,RETIRED,23452.88,735.0,206592.19,36,12.27,Personal,1,chennai,0
LN100300,03-24-2015,31.0,Female,Divorced,2,retired,82387.53,513.0,27377.89,24,9.65,,1,Bengaluru,0
LN100358,25-Nov-2017,44.0,Female,married,2,Salaried,53839.86,740.0,121737.73,84,13.28,Education,2,Pune,0
LN100373,04-27-2023,22.0,FEMALE,divorced,0,Salaried,,602.0,408774.03,48,7.81,housing,0,hyderabad,1
LN100141,13-Nov-2016,36.0,Male,single,1,UNEMPLOYED,115364.76,526.0,64248.07,36,15.41,PERSONAL,3,hyderabad,0
LN100329,2023-03-22,37.0,Male,married,0,Salaried,84260.65,717.0,544493.89,48,9.62,EDUCATION,2,CHENNAI,0
LN101856,2021-11-12,47.0,female,divorced,1,UNEMPLOYED,43507.62,456.0,243037.36,12,8.47,Personal,0,Pune,1
LN100439,26-Dec-2020,35.0,Female,divorced,0,self employed,88386.47,703.0,48215.81,84,11.6,BUSINESS,1,Hyderabad,0
LN100299,02-Feb-2018,33.0,FEMALE,divorced,3,unemployed,125975.64,700.0,78054.53,120,12.46,biz,0,,0
LN100263,02-09-2015,28.0,male,married,2,Salary,104782.49,695.0,408973.81,84,9.03,BUSINESS,1,HYDERABAD,1
LN101898,04-11-2022,32.0,MALE,Single,0,Salaried,88640.83,621.0,89869.21,120,9.61,car,1,Bangalore,0
LN101524,05/12/2017,44.0,MALE,MARRIED,1,self employed,29730.55,747.0,501862.43,120,8.36,Business,2,Bengaluru,1
LN100906,29-Jan-2018,44.0,FEMALE,married,2,unemployed,50625.15,701.0,112411.11,60,12.71,Home Loan,1,Chennai,0
LN100173,16/02/2016,45.0,m,Married,1,self employed,126746.08,638.0,100491.61,24,14.32,personal,1,hyderabad,0
LN100354,31/12/2019,-5.0,F,Marreid,0,unemployed,33704.69,697.0,55030.03,84,6.33,Business,1,DELHI,1
LN101790,19/07/2020,31.0,male,divorced,2,Salaried,53817.23,,89067.52,48,12.25,car,1,hyderabad,0
  LN101096  ,2019-01-29,30.0,male,SINGLE,3,unemployed,54040.22,600.0,94778.46,36,7.47,housing,2,mumbai,0
LN100913,25-Jun-2021,10.0,M,SINGLE,1,selfemployed,38983.29,799.0,142451.41,12,9.53,PERSONAL,0,delhi,0
LN101752,04-06-2016,21.0,male,Married,1,Self-Employed,40973.49,652.0,251235.3,12,7.25,EDUCATION,0,PUNE,1
LN100958,07-30-2015,52.0,FEMALE,MARRIED,0,Salaried,52448.56,645.0,242060.71,48,9.97,Home,1,chennai,0
LN101282,23-Nov-2019,43.0,Female,Divorced,0,,33435.2,585.0,85742.69,36,5.89,personal,1,DELHI,1
LN101646,2023-09-01,57.0,f,Divorced,3,Salary,64730.88,,264231.13,12,6.47,Education,1,Chennai,1
LN100612,14/06/2019,36.0,Male,divorced,1,SALARIED,30976.7,658.0,66487.19,120,11.43,Home Loan,0,Bangalore,0
LN100641,04-Jan-2018,23.0,M,Divorced,0,SALARIED,42591.84,695.0,287646.49,84,5.3,personal,1,Madras,0
LN100632,14-Dec-2023,27.0,FEMALE,divorced,1,Self Employed,46312.48,637.0,177095.36,60,11.1,auto,1,HYDERABAD,0
LN101826,06-18-2023,20.0,f,MARRIED,0,salaried,123912.51,751.0,74999.84,48,11.47,biz,0,Bengaluru,0
LN101973,15-Apr-2022,36.0,female,divorced,0,Salaried,38668.66,527.0,644954.1,48,10.93,Education,1,hyderabad,1
LN101079,21-Dec-2020,55.0,MALE,SINGLE,2,unemployed,21880.04,644.0,63837.76,36,3.86,HOME,50,PUNE,0
LN100652,09-06-2021,42.0,Female,Marreid,1,Unemployed,65571.14,648.0,446763.05,60,12.19,personal,0,HYDERABAD,1
LN101525,20-Jul-2019,22.0,male,Married,2,Unemployed,38462.73,688.0,163558.3,120,6.37,Home,2,pune,1
LN101034,21-Feb-2017,57.0,M,SINGLE,0,RETIRED,,475.0,121250.45,24,8.14,Personal,0,PUNE,0
LN101144,11/08/2018,39.0,M,single,1,Salary,27907.928552690162,545.0,611367.88,120,14.21,biz,0,Madras,1
LN101667,05-Jan-2018,29.0,M,SINGLE,2,unemployed,,665.0,749305.71,48,5.25,PERSONAL,1,PUNE,1
LN100904,2017-08-10,39.0,Female,Divorced,1,SALARIED,34046.48,610.0,243637.09,120,11.6,education,2,CHENNAI,1
LN100588,14-Jul-2017,45.0,FEMALE,single,4,Salary,28296.05,762.0,222550.58,12,12.93,BUSINESS,1,hyderabad,1
LN100952,07-Aug-2020,47.0,Female,Divorced,0,Salaried,41944.69,762.0,440435.33,60,11.31,Car,1,Hyderabad,0
LN101063,2019-11-17,28.0,Female,SINGLE,0,Self-Employed,40291.07,801.0,188890.24,48,10.45,BUSINESS,0,Bombay,0
LN100603,28-Jan-2019,46.0,Female,SINGLE,0,Self Employed,92982.46,610.0,179897.42,120,11.17,education,2,pune,0
LN100451,2016-09-30,40.0,f,Marreid,1,RETIRED,70290.09,563.0,366239.53,24,15.35,home,0,MUMBAI,0
  LN101687  ,27-Feb-2015,30.0,MALE,Divorced,0,Retired,31030.24,380.0,149746.34,12,19.3,Auto,0,Delhi,1
LN100821,22-Jun-2022,,female,married,1,selfemployed,,669.0,197353.81,12,10.48,Education,0,bangalore,1
LN101138,04-27-2016,40.0,female,Marreid,4,,39834.03,580.0,1445151.27,48,9.94,BUSINESS,0,pune,1
LN100508,2015-05-18,34.0,MALE,Divorced,0,Salary,30682.31,591.0,304754.43,24,10.85,BUSINESS,0,CHENNAI,0
LN101521,21/07/2023,35.0,female,divorced,0,retired,-5000.0,659.0,198008.29,24,15.97,BUSINESS,1,CHENNAI,0
LN100359,2023-06-24,16.0,FEMALE,Marreid,0,retired,50184.8,820.0,102382.91,48,8.5,housing,1,Delhi,0
LN100118,2018-12-12,45.0,female,single,1,Retired,67352.71,766.0,165548.59,120,11.36,EDUCATION,0,Pune,0
LN100271,2017-11-26,51.0,Male,Marreid,0,self employed,113835.21,700.0,107380.08,12,16.96,Education,1,PUNE,0
LN101683,29-Jan-2022,30.0,m,Divorced,1,Retired,62393.05,562.0,144627.31,36,7.79,business,0,PUNE,0
LN100260,04/01/2017,35.0,F,divorced,3,Unemployed,48861.22,703.0,317374.69,24,8.8,housing,2,Hyderabad,1
  LN100197  ,09-12-2023,50.0,male,married,2,Salary,44257.16,637.0,401312.86,12,18.0,Personal,1,pune,1
LN100393,2021-06-12,44.0,f,Single,0,unemployed,19180.33,686.0,368133.0,60,12.77,business,2,Madras,1
LN101691,08/09/2022,36.0,F,DIVORCED,0,,13587.97,610.0,695653.59,120,11.04,business,2,HYDERABAD,1
LN100661,10-Dec-2022,29.0,m,Divorced,0,salaried,40263.24,684.0,79339.05,120,9.81,CAR,1,MUMBAI,0
LN101252,03-12-2017,43.0,F,Single,1,UNEMPLOYED,21782.01,639.0,217964.21,84,10.07,auto,1,Bengaluru,1
LN101392,09-23-2022,45.0,M,Married,1,selfemployed,70418.7,772.0,97345.51,24,11.48,education,0,New Delhi,0
LN101911,12-Aug-2016,28.0,FEMALE,Married,2,retired,19364.84,709.0,167154.18,12,6.88,PERSONAL,1,chennai,1
LN101657,15/12/2017,43.0,FEMALE,DIVORCED,0,salaried,64102.83,655.0,188650.82,48,14.13,business,3,Delhi,0
LN100361,05-05-2018,34.0,MALE,married,3,selfemployed,,739.0,131810.96,120,9.87,,3,bangalore,0
LN101957,15-Jun-2016,41.0,M,Single,0,retired,50726.15,788.0,182087.59,84,10.95,Personal,1,Madras,0
LN101042,2021-08-18,54.0,m,Married,2,Retired,15273.59,622.0,77441.61,48,13.82,Car,0,MUMBAI,0
LN100875,2017-05-24,25.0,male,Marreid,1,UNEMPLOYED,19775.03,603.0,372636.63,1200,14.77,HOME,0,Madras,1
LN101122,15/01/2018,39.0,Female,married,1,unemployed,68722.52,578.0,144223.74,60,12.05,CAR,2,Bombay,0
LN100998,2023-01-12,41.0,f,SINGLE,1,RETIRED,107304.66,703.0,224801.17,24,8.09,Auto,2,Bangalore,0
LN100659,2023-08-18,11.0,m,Divorced,0,Self-Employed,53977.67,682.0,193413.67,48,9.04,personal,0,Bengaluru,0
LN101959,02-20-2015,,FEMALE,Divorced,3,self employed,16269.26,583.0,119627.4,12,14.56,car,0,Chennai,0
LN101278,30-Oct-2022,24.0,f,DIVORCED,0,RETIRED,141316.83,506.0,333770.94,48,13.64,HOME,0,Pune,0
LN101575,07/04/2021,19.0,Female,Marreid,0,Salaried,86348.24,469.0,148485.98,60,14.62,biz,3,Madras,0
LN101269,30-May-2023,,M,SINGLE,6,UNEMPLOYED,26985.33,584.0,129848.18,48,2.6,Personal,1,pune,1
LN101117,03/11/2021,27.0,Male,Divorced,2,Salaried,60534.24625950985,605.0,134471.27,84,8.71,Business,1,pune,0
LN101666,01-Jul-2022,46.0,M,Divorced,2,Self-Employed,45197.38,645.0,413002.91,24,6.82,Home,0,hyderabad,1
LN101068,10-15-2018,36.0,M,Married,4,Unemployed,53286.2,465.0,385725.93,12,10.64,PERSONAL,0,Hyderabad,1
LN100003,2019-04-06,30.0,male,Single,1,retired,16817.74,593.0,302067.06,120,18.68,CAR,0,Delhi,1
LN101422,2016-08-02,50.0,female,SINGLE,2,UNEMPLOYED,89903.48,612.0,102608.19,120,10.84,Home Loan,2,Hyderabad,0
LN101288,11-Jan-2022,57.0,m,SINGLE,2,Self-Employed,0.0,529.0,579306.57,24,14.59,housing,0,mumbai,1
LN100242,11-03-2023,36.0,MALE,single,0,unemployed,62864.86,615.0,266816.58,120,8.41,business,2,pune,1
LN100937,2018-06-03,20.0,f,Single,1,self employed,67205.36,696.0,129351.86,84,12.14,PERSONAL,0,MUMBAI,0
LN101543,23/01/2021,46.0,female,Married,1,RETIRED,76910.34,712.0,45514.93,84,14.58,Auto,1,New Delhi,0
LN100809,2020-10-10,35.0,f,SINGLE,2,Retired,134919.62,611.0,181274.78,12,10.39,business,1,Madras,0
LN100877,04/11/2016,57.0,FEMALE,Married,0,Self Employed,75474.03,,386259.13,36,14.73,Home Loan,0,,1
LN101780,2015-07-13,47.0,m,Married,1,unemployed,20522.03,737.0,74414.87,36,13.89,Auto,1,Bangalore,0
LN101868,20-Mar-2018,33.0,Female,married,0,Salary,31142.86564560384,651.0,323893.89,60,8.82,EDUCATION,1,Pune,1
LN101883,03-14-2017,43.0,M,,3,Salaried,85058.77,591.0,235524.67,36,5.34,home,1,Bengaluru,1
LN100201,23/06/2020,54.0,FEMALE,divorced,0,Retired,49096.45,633.0,210609.06,36,10.52,car,0,HYDERABAD,0
LN100218,07-31-2018,36.0,M,Divorced,4,UNEMPLOYED,97384.68,450.0,581521.71,120,6.73,personal,0,Bombay,1
LN100230,09-04-2017,20.0,FEMALE,DIVORCED,4,Self Employed,72872.56,737.0,348835.43,36,11.1,home,1,Bangalore,0
LN101188,31-Aug-2019,38.0,FEMALE,DIVORCED,1,,53650.61,704.0,193922.68,60,9.9,Edu,1,Hyderabad,1
LN100455,16-Jul-2018,31.0,Male,Single,3,UNEMPLOYED,54074.63,699.0,43473.2,120,10.98,PERSONAL,1,Hyderabad,0
LN101294,07/09/2017,41.0,M,SINGLE,3,unemployed,16910.25,483.0,352562.82,36,9.36,business,0,Bengaluru,1
LN100831,28/11/2023,39.0,f,divorced,0,salaried,44997.93,657.0,196567.7,48,18.75,CAR,1,Delhi,0
LN100180,11-21-2022,31.0,female,single,0,Salaried,48121.37,611.0,122431.3,36,6.78,Auto,1,HYDERABAD,0
LN100100,27-Dec-2022,42.0,FEMALE,single,1,Salaried,,527.0,159329.79,84,8.78,PERSONAL,1,New Delhi,0
LN100072,02-07-2017,46.0,F,Divorced,0,Salary,30631.77,671.0,237264.03,36,15.94,biz,0,Chennai,0
LN100620,2018-07-09,41.0,Male,Divorced,0,SELF-EMPLOYED,40872.52,633.0,34840.11,48,10.33,Home Loan,1,MUMBAI,0
LN100111,01-Feb-2015,20.0,Male,married,2,Self Employed,42778.97,461.0,237499.72,1200,10.22,EDUCATION,0,Bangalore,1
LN101507,27-May-2017,38.0,male,Marreid,3,SALARIED,35036.41,702.0,42492.32,48,6.01,biz,1,Hyderabad,0
LN100280,28/08/2016,58.0,f,SINGLE,0,self employed,73649.74,693.0,257329.64,12,12.18,CAR,3,Delhi,0
LN101303,19/04/2019,46.0,f,Married,3,Unemployed,65802.69,665.0,552647.82,24,9.17,BUSINESS,0,mumbai,1
LN100591,02-14-2018,39.0,female,divorced,1,Unemployed,35448.98,713.0,137395.7,12,11.77,home,1,Madras,0
LN100035,27/04/2019,44.0,female,Marreid,0,Unemployed,96658.59,611.0,229274.65,12,12.68,EDUCATION,0,Chennai,0
LN101633,26/10/2018,27.0,f,single,1,,31577.4,685.0,137541.95,24,11.56,CAR,1,HYDERABAD,0
LN100038,10-24-2023,40.0,female,Divorced,3,unemployed,49330.42,658.0,115715.88,84,11.07,EDUCATION,2,Bombay,1
LN100398,2016-09-30,64.0,male,married,1,Self Employed,59192.26,641.0,65059.29,48,8.72,car,0,pune,0
LN101200,2016-08-12,49.0,M,Single,1,SELF-EMPLOYED,52797.82,749.0,91695.86,24,9.12,Education,1,CHENNAI,0
LN101581,2022-08-26,38.0,male,married,2,Salaried,38131.83,608.0,59578.63,36,5.08,Auto,0,BANGALORE,0
LN102000,10-21-2020,35.0,f,SINGLE,2,Self-Employed,72024.99,547.0,132121.44,120,10.45,biz,2,chennai,0
LN101088,04/08/2016,25.0,Male,Divorced,0,Self Employed,60865.71,749.0,337266.76,48,14.25,CAR,0,CHENNAI,1
LN100205,03/05/2021,31.0,m,single,1,unemployed,49399.2,735.0,96470.4,24,8.42,HOME,0,Madras,0
LN100739,06/02/2023,40.0,male,DIVORCED,1,Self Employed,22505.71,653.0,73422.53,48,12.38,Education,1,HYDERABAD,0
LN100109,2017-06-01,43.0,M,single,2,RETIRED,55845.09,600.0,124226.73,84,10.92,biz,0,CHENNAI,0
LN100695,04/05/2019,40.0,Male,Divorced,2,Salary,64134.6,,188292.9,60,10.82,Edu,0,pune,1
LN101519,2023-11-14,36.0,FEMALE,Divorced,0,Self-Employed,88808.49,591.0,299707.0,24,8.69,EDUCATION,0,hyderabad,0
LN101616,11-Dec-2023,37.0,F,DIVORCED,0,SALARIED,31796.07,585.0,493284.25,12,12.42,EDUCATION,0,mumbai,1
ln101460,26-Aug-2017,44.0,MALE,Married,3,UNEMPLOYED,35167.09,695.0,277514.78,12,6.85,personal,0,Bangalore,0
LN101625,2016-01-24,28.0,Female,Married,1,salaried,28196.86,9999.0,312758.08,84,14.11,Home Loan,0,pune,0
LN101881,07-12-2017,25.0,m,Single,2,salaried,80450.69,545.0,155744.63,120,9.68,Home Loan,2,MUMBAI,0
LN101243,2018-08-15,46.0,FEMALE,DIVORCED,2,Unemployed,28110.74,790.0,192116.38,12,7.26,personal,0,mumbai,0
LN101334,10-27-2022,28.0,Female,married,4,selfemployed,20773.43,702.0,317876.83,120,12.66,Auto,0,Mumbai,0
LN101593,16-Sep-2015,46.0,Male,married,1,Salaried,69315.85,790.0,317903.39,24,10.7,car,0,Delhi,0
LN100883,10-21-2019,41.0,F,SINGLE,1,UNEMPLOYED,45972.6,643.0,165314.24,48,10.09,Education,0,Bombay,1
LN101277,18/08/2020,39.0,Female,DIVORCED,2,salaried,59636.45,572.0,485372.98,24,7.44,housing,0,Chennai,1
LN100984,13/11/2015,45.0,M,SINGLE,1,Unemployed,64464.47,586.0,109949.04,12,12.97,home,4,Chennai,1
LN100480,09/04/2023,31.0,m,Married,0,Self Employed,62297.74,413.0,1183878.88,120,12.59,Home,1,Chennai,1
LN101210,03-Apr-2019,48.0,female,Single,3,salaried,25627.41,863.0,361939.98,84,5.95,home,0,Madras,1
LN101242,07-04-2023,32.0,FEMALE,divorced,0,SELF-EMPLOYED,34407.28,634.0,405455.64,12,12.87,business,0,pune,1
LN101946,18/08/2017,44.0,FEMALE,SINGLE,3,Salary,,520.0,81367.08,36,12.11,PERSONAL,3,mumbai,0
LN100238,08-31-2015,35.0,M,divorced,0,unemployed,30880.6,730.0,410312.58,60,5.46,Business,1,,1
LN100025,2020-02-21,61.0,female,MARRIED,0,unemployed,67302.96,467.0,226504.03,84,9.01,personal,1,Delhi,0
LN100362,02/06/2018,39.0,Male,DIVORCED,2,Salaried,148192.22,617.0,119413.32,12,12.12,PERSONAL,0,Pune,0
LN100279,23-Mar-2015,36.0,MALE,Single,1,Unemployed,20168.49,642.0,110952.87,60,13.75,Home,0,mumbai,0
LN101075,07/12/2015,37.0,F,DIVORCED,3,NA,102319.39,665.0,113975.47,84,8.87,Home Loan,2,pune,0
LN100829,29/06/2015,53.0,m,divorced,1,unemployed,19245.57,786.0,283372.81,12,8.09,auto,1,Hyderabad,0
LN101118,04-07-2022,38.0,MALE,SINGLE,0,unemployed,44411.34,669.0,204033.35,120,10.35,CAR,1,delhi,1
LN100493,25/05/2019,42.0,Male,Married,0,RETIRED,16151.84,542.0,369888.11,12,11.86,Personal,2,New Delhi,1
LN100888,09-23-2021,33.0,Male,Married,2,Retired,53550.53,652.0,99641.96,84,12.88,CAR,3,PUNE,0
LN100732,2016-12-03,44.0,female,SINGLE,2,?,78552.76,619.0,577173.34,60,8.64,PERSONAL,0,Bangalore,1
LN101241,20-Jul-2023,38.0,M,MARRIED,1,Unemployed,48832.22,549.0,71980.21,48,10.74,Home,1,HYDERABAD,0
LN100636,14-May-2016,51.0,male,MARRIED,2,RETIRED,58015.6,535.0,270240.5,48,16.1,HOME,2,HYDERABAD,1
LN101556,01-01-2016,41.0,female,Divorced,1,RETIRED,134168.15,555.0,156472.87,48,11.61,Personal,0,Pune,0
LN101518,30/08/2018,24.0,Female,Divorced,1,,25137.27,600.0,97771.34,12,10.17,,1,PUNE,0
LN100528,01-07-2016,49.0,Female,divorced,1,unemployed,54456.17,667.0,197515.5,84,9.45,Personal,2,HYDERABAD,1
LN101308,27/01/2018,52.0,m,Single,0,,22369.43,602.0,212740.53,84,8.28,CAR,0,BANGALORE,1
LN101191,02/04/2017,41.0,F,Marreid,3,Unemployed,46597.22,641.0,350425.49,36,16.01,Car,4,pune,1
LN101459,06-28-2021,46.0,MALE,single,1,SALARIED,41435.31,699.0,476716.07,24,14.8,Business,3,Hyderabad,1
LN100059,23/02/2017,20.0,F,Married,2,unemployed,49415.86,628.0,353689.07,84,13.68,CAR,1,delhi,1
LN100351,15-Sep-2018,47.0,MALE,Single,0,UNEMPLOYED,28604.29,773.0,247506.59,48,13.06,,1,Bangalore,1
LN100703,17-Mar-2016,46.0,Male,Single,1,Salary,37139.83,651.0,186276.58,36,7.19,BUSINESS,2,bangalore,0
LN101193,14/08/2023,45.0,f,Divorced,1,unemployed,53151.19,681.0,157012.63,24,12.49,PERSONAL,2,delhi,1
LN100472,12-25-2021,45.0,F,Divorced,2,retired,49498.15,441.0,343808.77,48,10.93,home,1,Mumbai,1
LN101942,01/10/2022,38.0,F,married,1,Self Employed,80931.69,666.0,232956.9,84,8.88,Car,0,DELHI,0
LN101209,10-Oct-2016,45.0,Female,Marreid,0,self employed,77672.36,790.0,1562304.3,36,11.75,housing,1,pune,1
LN100708,25-May-2020,28.0,Male,Divorced,2,salaried,24256.9,630.0,181827.77,12,11.31,BUSINESS,0,BANGALORE,0
LN101270,2016-08-14,52.0,male,Divorced,1,Retired,70800.46,668.0,302563.28,84,0.0,housing,0,New Delhi,1
LN100962,10/09/2020,46.0,MALE,MARRIED,1,Salary,54961.42,653.0,57125.31,36,13.32,Home,1,New Delhi,0
LN101399,01/12/2017,28.0,m,Single,0,SELF-EMPLOYED,65989.74,636.0,657917.14,48,14.49,biz,1,Bengaluru,1
LN101757,18/12/2020,36.0,male,Divorced,1,SALARIED,64585.76,,130385.96,12,9.79,HOME,0,MUMBAI,0
LN100978,11-22-2017,38.0,m,,0,SALARIED,26531.44,621.0,526277.27,48,11.96,Education,1,chennai,1
LN101904,31-Jul-2023,39.0,male,single,0,Salary,58191.32,753.0,182358.65,36,17.18,home,0,MUMBAI,0
LN100722,03-13-2019,61.0,male,Single,2,Retired,26771.52,717.0,193132.05,24,11.01,Edu,2,chennai,0
LN100994,04-23-2019,44.0,male,Single,6,unemployed,132301.44,661.0,170806.69,120,10.22,biz,1,Bengaluru,0
LN101090,2021-08-31,,F,single,1,UNEMPLOYED,77748.97,661.0,608454.63,120,11.65,PERSONAL,3,Bengaluru,1
LN100008,08-08-2016,50.0,Female,divorced,2,selfemployed,,725.0,244652.22,48,7.89,Auto,2,Madras,0
  LN101391  ,22-Feb-2018,8.0,male,MARRIED,1,Unemployed,42328.53,731.0,129542.27,24,17.43,housing,0,Chennai,0
LN101756,16/08/2016,42.0,female,Divorced,1,Self Employed,30912.09,577.0,78872.47,60,17.73,housing,0,Bombay,0
LN101322,09/03/2015,17.0,female,Divorced,2,RETIRED,43452.5,706.0,388972.95,24,7.25,Edu,1,mumbai,0
LN101049,17/02/2021,40.0,F,married,3,UNEMPLOYED,19402.05,691.0,184160.85,48,14.4,EDUCATION,2,Bombay,0
LN100207,30/07/2017,43.0,Male,divorced,2,retired,32591.21,667.0,208534.43,84,7.83,Business,0,Pune,1
LN101127,03-08-2023,37.0,MALE,Divorced,0,Unemployed,79851.06,702.0,206838.72,36,12.44,personal,1,DELHI,1
LN100143,09-24-2023,60.0,Male,divorced,2,-,52484.21,617.0,0.0,60,6.96,home,0,delhi,0
LN100424,04/11/2020,23.0,MALE,Divorced,1,Retired,16952.29,676.0,205275.86,120,13.34,Auto,2,Hyderabad,0
LN101320,09-22-2021,23.0,f,divorced,0,Retired,46855.98,682.0,183020.08,120,11.69,Car,3,Mumbai,0
LN100021,29-Sep-2019,45.0,MALE,Single,3,salaried,51340.72,706.0,682867.57,48,11.69,personal,1,CHENNAI,1
LN101835,24/11/2023,37.0,F,married,1,Retired,40361.33,607.0,248787.52,24,5.54,Education,1,CHENNAI,0
LN100518,11-04-2019,35.0,Female,SINGLE,1,unemployed,30810.29,914.0,93776.58,24,9.71,Education,2,DELHI,0
LN100181,05-21-2023,34.0,M,married,1,UNEMPLOYED,33341.057114566334,680.0,508039.92,84,5.37,Auto,2,Bombay,1
LN101105,01/11/2021,35.0,male,divorced,0,Self Employed,80823.15,696.0,0.0,24,14.07,Edu,0,DELHI,0
LN100442,02-29-2020,47.0,M,Single,1,self employed,50000000.0,659.0,260708.98,36,11.97,education,2,Delhi,0
LN101689,21-Aug-2018,34.0,MALE,SINGLE,0,RETIRED,43563.85,747.0,43849.2,84,9.5,Edu,0,chennai,0
LN101754,17-Dec-2019,39.0,MALE,Married,2,unemployed,48994.55,513.0,191228.54,36,9.28,Home Loan,3,Bombay,1
LN101901,14/07/2019,48.0,Male,single,0,Unemployed,40802.5,613.0,305080.99,12,11.24,Edu,0,hyderabad,1
LN101709,16-Jul-2016,43.0,f,Single,0,SELF-EMPLOYED,90033.94,846.0,151230.43,36,11.42,housing,3,hyderabad,0
LN101021,11-Aug-2018,39.0,Female,Marreid,0,UNEMPLOYED,62884.56,696.0,419071.7,36,8.68,biz,1,bangalore,1
LN100740,11-06-2016,40.0,f,Married,0,SALARIED,20792.7,722.0,203465.47,48,17.63,BUSINESS,2,Madras,0
LN100579,2015-11-09,41.0,m,DIVORCED,2,self employed,68392.42,710.0,686590.93,24,5.85,Business,0,Madras,1
LN100886,05-24-2016,29.0,FEMALE,SINGLE,0,self employed,18486.46,712.0,629298.93,84,12.67,Personal,1,Bombay,1
LN101152,18-Aug-2021,45.0,F,Marreid,0,Salaried,45255.12,,45773.78,84,10.75,auto,2,chennai,1
LN100453,12/11/2017,31.0,male,SINGLE,2,UNEMPLOYED,42209.86,722.0,132042.79,24,8.75,Car,0,Chennai,0
LN100717,2022-12-22,59.0,M,single,3,Retired,67587.8,630.0,0.0,36,6.87,auto,0,pune,0
LN100575,03/01/2019,36.0,M,Married,2,SALARIED,61182.66,649.0,131185.41,84,7.23,CAR,3,chennai,0
LN101899,01-28-2021,47.0,M,DIVORCED,2,Self-Employed,100216.32,685.0,45908.79,120,15.61,,1,MUMBAI,0
LN101206,21-Jul-2023,37.0,MALE,single,0,N/A,132103.69,670.0,77495.54,84,5.87,Personal,1,Hyderabad,0
LN101962,09-04-2018,18.0,f,Divorced,0,Unemployed,43734.44,741.0,335265.96,120,9.01,Edu,0,New Delhi,0
LN101801,09-May-2017,30.0,FEMALE,divorced,2,Retired,26762.55,714.0,560248.75,12,11.66,Business,2,bangalore,1
LN100454,06-08-2022,34.0,female,SINGLE,1,Unemployed,44977.96,715.0,218746.83,12,14.68,Home,1,,1
LN101356,11-23-2015,,MALE,DIVORCED,1,Unemployed,52632.89,677.0,192243.7,120,11.43,Car,0,hyderabad,0
LN100889,31-Jul-2015,36.0,m,divorced,1,Retired,58319.91,561.0,179326.79,36,10.4,auto,2,hyderabad,1
LN100431,01-15-2020,25.0,m,divorced,3,unemployed,46444.01,595.0,248335.48,60,12.95,education,1,delhi,1
LN100862,2021-05-24,34.0,m,married,0,SALARIED,113847.12,810.0,311167.74,12,13.91,home,0,Bangalore,0
LN100948,23/12/2018,33.0,Female,divorced,1,Retired,133818.07,517.0,332290.66,36,9.28,housing,0,Chennai,0
LN100562,23/02/2019,42.0,male,MARRIED,1,,38817.52,552.0,999999999.0,24,10.55,business,0,CHENNAI,0
LN100285,2023-01-29,28.0,FEMALE,married,0,SALARIED,31465.89,698.0,469905.25,120,9.09,HOME,1,Bangalore,1
LN101926,12/04/2023,18.0,male,,1,UNEMPLOYED,91810.58,731.0,165058.21,36,11.9,BUSINESS,0,delhi,0
LN101439,11/11/2017,40.0,f,SINGLE,2,SALARIED,146736.66,684.0,114209.87,60,15.19,Car,1,hyderabad,0
LN100502,2021-07-14,46.0,M,divorced,0,UNEMPLOYED,44247.83,652.0,612500.36,24,10.94,PERSONAL,0,Bangalore,1
LN101355,2023-09-29,37.0,Female,Divorced,4,UNEMPLOYED,55011.58,684.0,173147.12,60,3.43,PERSONAL,1,MUMBAI,0
LN100397,18/01/2017,37.0,F,single,0,salaried,37307.31,703.0,168954.86,12,11.09,education,1,pune,0
LN101262,04-10-2015,36.0,Male,SINGLE,1,Salaried,57492.71,552.0,483190.06,48,2.65,Edu,0,MUMBAI,1
LN101996,01/10/2016,33.0,M,Marreid,0,Self Employed,28736.77,636.0,229293.26,120,5.84,Business,1,Pune,1
LN100545,07/10/2018,45.0,female,Marreid,0,retired,63997.78,664.0,75552.85,60,9.55,CAR,1,bangalore,0
LN101843,02-06-2020,29.0,FEMALE,married,0,Salary,33250.26,723.0,267370.63,36,13.83,Business,0,Chennai,0
LN100052,23-Nov-2018,22.0,Male,divorced,1,Self-Employed,64957.25,591.0,141352.53,48,9.22,Business,0,Pune,0
LN100037,24-Feb-2017,41.0,f,single,1,UNEMPLOYED,32415.26,696.0,581238.96,84,10.67,PERSONAL,0,bangalore,1
LN100916,06-15-2017,18.0,female,divorced,1,unemployed,49502.23,645.0,314090.14,12,11.21,auto,0,delhi,1
LN101799,03/09/2018,44.0,M,SINGLE,1,Self-Employed,62170.50199279331,755.0,88380.18,84,14.22,Edu,1,bangalore,0
LN100896,2022-05-25,19.0,FEMALE,Single,3,UNEMPLOYED,33949.47,632.0,316828.05,24,11.57,CAR,1,delhi,1
LN101110,22/09/2017,34.0,F,DIVORCED,1,self employed,79123.0,607.0,125921.43,48,16.71,personal,2,Delhi,0
LN100416,18-Sep-2022,40.0,M,Divorced,0,Salaried,28421.35,,100828.81,36,11.33,EDUCATION,0,Chennai,0
LN101732,2020-02-21,48.0,female,MARRIED,2,Self-Employed,39332.31,570.0,766340.33,120,8.29,Car,2,MUMBAI,1
LN101179,2022-07-02,43.0,female,single,0,selfemployed,79920.77,775.0,779342.75,12,11.05,biz,1,Chennai,1
LN101719,27-Sep-2018,38.0,Male,married,1,Self Employed,64869.66,750.0,157029.44,60,10.51,home,1,hyderabad,0
LN100949,2020-10-02,43.0,F,SINGLE,0,salaried,,561.0,285437.3,48,17.47,business,0,BANGALORE,1
LN100735,10-12-2016,74.0,FEMALE,married,0,Salary,64216.28,701.0,301540.45,24,15.22,CAR,0,Madras,0
LN101380,13-Jan-2015,34.0,F,single,0,self employed,47482.91,733.0,272539.62,24,9.75,Edu,1,DELHI,0
LN101458,2019-03-21,30.0,MALE,divorced,0,selfemployed,68996.37,583.0,105658.03,12,16.3,Auto,0,CHENNAI,0
LN100071,2020-02-06,37.0,male,divorced,1,unemployed,49761.25,586.0,119393.42,36,11.3,Edu,0,Pune,1
LN101999,22-Sep-2017,39.0,MALE,Marreid,2,UNEMPLOYED,78408.02,680.0,337342.3,36,7.51,EDUCATION,2,Hyderabad,1
LN101545,2015-05-06,36.0,female,Single,0,Salaried,,572.0,378955.26,84,13.11,BUSINESS,0,HYDERABAD,1
LN101941,19/01/2015,38.0,Female,divorced,0,Self-Employed,63886.6,581.0,0.0,36,17.18,Home Loan,0,Mumbai,0
LN101192,2023-07-21,,MALE,married,1,Retired,55256.07,526.0,607097.17,60,10.96,Home Loan,0,Mumbai,1
LN101017,28-Jul-2020,31.0,f,SINGLE,2,unemployed,33671.81,560.0,75027.63,24,8.36,business,0,Chennai,0
LN100147,04-04-2018,36.0,MALE,MARRIED,3,SELF-EMPLOYED,56460.13,627.0,612400.59,24,12.47,Education,2,PUNE,1
LN101679,04-11-2015,52.0,Male,Divorced,2,Unemployed,47937.13,570.0,63973.04,48,12.54,education,0,Chennai,0
LN101147,23-Apr-2017,44.0,Female,Marreid,0,Self Employed,27422.64,859.0,492450.64,24,11.04,housing,1,Hyderabad,1
LN100597,27-May-2022,43.0,female,MARRIED,1,retired,31867.6,846.0,227756.74,60,10.56,personal,2,New Delhi,0
LN101905,19-Jul-2017,25.0,M,Marreid,2,unemployed,60936.89,590.0,488146.18,60,7.49,housing,1,chennai,1
LN101048,02/02/2015,46.0,F,Divorced,0,RETIRED,59656.92,597.0,437668.94,48,8.78,Education,0,hyderabad,1
LN101966,06-19-2015,36.0,f,Marreid,2,UNEMPLOYED,35115.17,391.0,119375.56,120,13.15,Auto,2,PUNE,1
LN100818,06-05-2016,30.0,MALE,single,1,Unemployed,71033.32,677.0,179624.14,84,12.62,biz,0,HYDERABAD,1
LN101707,11-18-2017,34.0,F,Marreid,2,Salary,41691.76,810.0,65475.46,60,6.3,Edu,2,Hyderabad,0
LN101862,03-May-2015,23.0,Female,MARRIED,2,SALARIED,28814.96,612.0,78008.08,24,5.18,CAR,0,Madras,0
LN101821,03-28-2019,29.0,FEMALE,Single,1,Retired,100994.11,620.0,282469.56,60,17.3,education,2,Pune,0
LN100631,11-15-2021,36.0,M,single,0,salaried,51125.94,712.0,145602.45,36,11.42,Edu,1,Bengaluru,0
LN100789,22/02/2016,45.0,F,married,0,self employed,14074.87,407.0,87110.4,48,11.45,HOME,0,HYDERABAD,1
LN100413,05-24-2015,,male,Divorced,2,unemployed,45237.63,606.0,101075.96,36,10.47,auto,2,Mumbai,0
LN100375,10-08-2020,26.0,FEMALE,married,0,RETIRED,27279.29,691.0,135213.95,36,11.95,Personal,0,Mumbai,0
LN100142,07-22-2019,37.0,Female,single,1,UNEMPLOYED,77704.99,776.0,465159.39,36,11.83,Home,1,HYDERABAD,1
LN101073,26-Jan-2021,34.0,m,DIVORCED,2,UNEMPLOYED,58364.72,615.0,309759.94,24,11.7,PERSONAL,1,CHENNAI,1
LN100587,2021-04-01,9.0,Female,Divorced,1,Retired,46680.16,579.0,687546.1,120,11.3,personal,1,hyderabad,1
LN101961,25/09/2019,53.0,MALE,SINGLE,1,RETIRED,25592.71,698.0,193983.33,48,14.87,Edu,0,Chennai,0
LN101275,06/12/2015,25.0,Female,Single,1,Retired,94125.77,734.0,68132.89,84,10.04,personal,1,Pune,0
  LN101337  ,08/10/2018,32.0,FEMALE,Single,1,SELF-EMPLOYED,71725.11,514.0,148385.87,48,5.69,education,4,Pune,0
  LN100673  ,11-16-2015,36.0,FEMALE,Marreid,2,Salaried,44910.11,687.0,243138.94,84,10.41,Auto,2,Bombay,1
LN100309,08-29-2021,34.0,F,Married,2,RETIRED,41388.28,784.0,142458.78,24,8.48,BUSINESS,0,PUNE,0
LN100863,10/08/2020,42.0,Female,MARRIED,2,SALARIED,73078.05,750.0,596443.63,60,10.8,HOME,1,BANGALORE,1
LN100489,2015-06-30,38.0,male,SINGLE,2,Salary,90671.21,738.0,74604.08,120,12.76,Business,0,DELHI,0
LN101040,07-02-2015,59.0,FEMALE,married,1,Salaried,35304.67,649.0,125882.88,84,7.93,Education,1,Bombay,0
LN100594,2016-01-30,59.0,male,divorced,3,RETIRED,59662.37,793.0,133465.23,84,8.61,CAR,0,PUNE,0
LN101805,2020-10-24,38.0,FEMALE,,0,selfemployed,54209.23,730.0,193741.83,60,8.68,EDUCATION,1,Pune,0
LN100716,2019-04-02,60.0,male,MARRIED,2,Self-Employed,39609.99,628.0,363851.08,36,10.73,Home,3,Hyderabad,1
LN100376,2023-01-29,43.0,male,DIVORCED,4,Self Employed,38796.64,577.0,210987.74,24,10.39,home,1,CHENNAI,0
LN100368,2015-03-18,36.0,male,married,2,SALARIED,46482.51,739.0,654888.86,48,6.09,Education,1,Hyderabad,1
LN101529,2020-10-18,33.0,FEMALE,Single,2,Unemployed,84856.03,640.0,138231.07,12,8.33,PERSONAL,2,Delhi,0
LN101728,01/06/2017,41.0,m,Married,2,Self-Employed,55338.62,660.0,142471.3,24,9.04,CAR,0,Chennai,0
LN100611,07-Feb-2023,30.0,M,single,0,Self-Employed,41262.39,678.0,133758.31,24,9.68,,0,Hyderabad,1
LN101047,30/04/2020,42.0,Female,Marreid,4,Self Employed,40740.94,624.0,153330.07,84,10.76,Education,0,delhi,0
LN101977,2022-08-01,35.0,m,DIVORCED,1,RETIRED,45213.7,674.0,132356.31,60,2.32,personal,1,MUMBAI,0
LN101620,13-Feb-2021,61.0,f,,1,Self Employed,20340.24,687.0,113667.83,48,5.28,Business,1,CHENNAI,0
LN100341,21/05/2022,44.0,Female,DIVORCED,1,Retired,25896.1,534.0,243994.47,84,11.44,Business,2,Madras,1
LN101750,03-07-2021,,FEMALE,divorced,3,SALARIED,57796.96741812771,829.0,124009.9,12,6.18,Business,1,HYDERABAD,0
LN100301,05-May-2023,40.0,F,DIVORCED,3,unemployed,61365.89,604.0,203639.94,120,3.54,home,0,MUMBAI,1
LN100684,04-14-2019,48.0,MALE,Single,1,SALARIED,44822.73,,463539.16,48,13.11,Personal,1,pune,1
LN101318,01-03-2015,,Male,DIVORCED,0,self employed,36056.03731601903,560.0,275473.5,48,13.73,Home,2,chennai,1
LN101150,15-Sep-2017,34.0,FEMALE,Single,1,SELF-EMPLOYED,76997.57,669.0,375305.89,84,10.06,Business,0,DELHI,1
  LN101006  ,2018-07-30,38.0,M,Single,2,retired,65344.02,697.0,35325.22,24,9.02,Personal,0,Bombay,0
LN100117,03-18-2022,37.0,Male,SINGLE,1,SELF-EMPLOYED,57779.03,678.0,267090.95,60,15.84,biz,1,HYDERABAD,0
LN101758,20-Sep-2016,45.0,M,DIVORCED,0,RETIRED,27735.78,589.0,185356.6,120,16.12,Home,2,Madras,0
LN100654,11-Jan-2020,40.0,f,divorced,2,SALARIED,93379.93,638.0,78855.74,48,17.43,Personal,1,CHENNAI,0
LN100005,04-06-2019,40.0,f,married,0,Self-Employed,18401.09,530.0,228160.1,120,13.22,Education,0,,1
LN100934,07-18-2016,41.0,Male,Marreid,0,retired,56394.0,676.0,215430.05,36,13.61,Education,2,DELHI,0
LN100047,2016-06-06,32.0,FEMALE,SINGLE,0,Salary,32976.93,640.0,96310.28,36,9.34,PERSONAL,1,Bombay,0
LN100378,01-26-2023,53.0,m,MARRIED,1,Self-Employed,49422.34,721.0,494038.54,24,11.49,auto,0,Chennai,1
LN101172,09-Jun-2021,38.0,male,Divorced,3,Salary,46424.18,742.0,79460.59,24,4.15,Education,2,New Delhi,0
LN100972,2020-12-21,42.0,FEMALE,married,2,Retired,85848.8,638.0,229541.82,120,11.34,Personal,1,hyderabad,0
LN101796,2019-09-22,47.0,female,Divorced,2,RETIRED,43861.97,591.0,71138.56,12,13.95,car,2,delhi,0
LN101450,30/06/2022,26.0,FEMALE,Marreid,2,Salaried,82581.03,840.0,-10000.0,60,14.89,business,3,Delhi,0
LN100448,19/07/2023,32.0,m,Marreid,0,retired,83882.01,694.0,849620.9,60,14.54,biz,1,Hyderabad,1
LN100340,16/02/2020,41.0,MALE,Divorced,2,SALARIED,89695.32,752.0,134385.67,48,14.81,Car,2,chennai,0
LN101694,2016-08-31,28.0,Male,Single,3,RETIRED,39258.23,587.0,89566.47,120,11.27,BUSINESS,1,DELHI,0
LN101486,27-Dec-2016,29.0,Female,Married,0,SALARIED,36862.95,757.0,228124.41,48,12.03,Education,3,DELHI,0
LN100667,24-Apr-2022,35.0,f,SINGLE,0,SELF-EMPLOYED,61896.3,696.0,93370.15,12,13.99,auto,0,PUNE,0
LN101597,02-24-2019,46.0,Male,Divorced,3,salaried,93915.88,,157364.11,120,13.06,personal,0,Mumbai,0
ln101267,10-Oct-2022,33.0,f,SINGLE,0,selfemployed,51606.51,697.0,138757.36,12,9.57,auto,0,mumbai,0
LN100195,07-31-2015,37.0,M,Divorced,1,Self Employed,59591.1,,413382.13,48,6.66,personal,0,delhi,1
LN101884,02-Dec-2020,44.0,male,divorced,0,Salaried,31758.4,647.0,126267.24,12,10.35,HOME,1,PUNE,0
LN101484,04/09/2018,33.0,female,MARRIED,2,retired,38554.19,506.0,286717.68,12,14.25,Edu,0,DELHI,1
LN100331,12-Jan-2017,25.0,Male,Married,1,Self-Employed,74412.24,732.0,67372.29,84,15.77,PERSONAL,0,Madras,0
LN101574,08-23-2020,32.0,MALE,married,0,Salaried,80821.27,835.0,94123.87,60,11.88,Education,3,DELHI,0
LN100982,04-Oct-2018,45.0,FEMALE,Single,2,Salary,156577.22,745.0,534892.14,60,11.66,HOME,1,pune,0
LN100743,2018-04-19,61.0,female,married,1,retired,31879.46,620.0,153727.08,84,9.74,housing,1,delhi,0
LN100114,23-Sep-2017,39.0,MALE,Marreid,0,SALARIED,61467.72,637.0,425111.36,36,4.7,Education,1,Chennai,1
LN101886,2018-02-04,32.0,Male,DIVORCED,4,RETIRED,60720.06,660.0,1060563.97,12,14.26,Business,1,Delhi,1
LN100944,2019-05-20,47.0,m,Married,0,salaried,23865.83,829.0,453759.01,60,5.87,Personal,0,pune,1
LN101413,21/03/2022,49.0,Male,Divorced,1,retired,28272.33,629.0,267737.2,120,15.54,Business,0,Bengaluru,1
LN100387,22/05/2023,32.0,F,SINGLE,2,-,83569.6,753.0,170531.91,60,14.58,PERSONAL,3,Mumbai,0
LN101974,12-25-2019,28.0,female,Single,0,unemployed,28767.05,587.0,1077835.52,12,7.55,Education,1,mumbai,1
LN100834,2018-04-10,40.0,M,married,2,UNEMPLOYED,14467.33,633.0,172113.96,36,6.91,Car,3,Pune,1
LN100624,30/04/2016,40.0,M,,0,,52599.34,663.0,126978.98,24,17.11,biz,1,Madras,0
LN100110,06/07/2015,25.0,Female,DIVORCED,1,UNEMPLOYED,57504.11,683.0,187064.48,36,13.42,PERSONAL,0,hyderabad,0
LN101600,27-Oct-2019,38.0,f,Single,1,UNEMPLOYED,45090.73,663.0,300710.33,12,13.0,Business,1,bangalore,1
LN101039,2020-10-15,23.0,female,divorced,1,SALARIED,44953.74,650.0,980572.47,120,10.82,auto,2,hyderabad,1
LN100931,2018-11-07,23.0,f,Single,1,retired,61325.22,680.0,255390.59,36,10.08,housing,1,PUNE,1
LN101803,22-Jan-2021,17.0,FEMALE,married,0,selfemployed,31239.8,637.0,173118.13,60,9.35,education,0,,0
LN100721,2022-04-15,51.0,f,single,3,RETIRED,82349.74,737.0,382738.85,84,12.31,Edu,0,HYDERABAD,0
LN100614,2017-11-07,36.0,MALE,married,0,self employed,26766.85,793.0,367213.95,120,13.89,CAR,1,Madras,1
LN101309,22-Sep-2015,39.0,female,Single,0,,77559.42,728.0,288912.78,84,11.94,business,3,HYDERABAD,0
LN100312,07-14-2022,47.0,FEMALE,SINGLE,0,salaried,16922.28,641.0,130356.14,48,12.3,auto,0,hyderabad,0
LN100096,09/10/2015,31.0,Female,Married,2,selfemployed,59195.8,790.0,189847.2,120,9.33,education,0,mumbai,1
LN101348,2016-08-29,38.0,F,MARRIED,2,Self-Employed,38266.02,670.0,519519.11,84,13.59,Personal,0,CHENNAI,1
LN100675,15/10/2022,36.0,male,divorced,2,SELF-EMPLOYED,27051.26,801.0,111720.2,120,13.19,auto,1,Pune,0
LN100020,23-Jul-2019,26.0,MALE,DIVORCED,2,Salaried,62394.74,629.0,327682.47,120,12.42,Home,2,mumbai,1
LN100736,13/10/2021,36.0,m,Married,0,retired,44710.18,580.0,637890.71,60,9.87,Auto,0,New Delhi,1
LN101089,10/06/2023,30.0,female,SINGLE,1,Unemployed,33845.89,749.0,35112.87,120,9.63,Home Loan,1,hyderabad,0
LN100566,06-28-2017,47.0,MALE,Single,1,Unemployed,59815.74,685.0,147557.19,48,12.35,business,0,PUNE,1
LN100464,10/04/2017,37.0,male,MARRIED,1,Salary,55356.31,735.0,287457.0,24,10.43,Personal,2,HYDERABAD,0
LN101253,2016-04-06,40.0,Female,Marreid,3,unemployed,,681.0,369821.3,36,10.79,biz,2,mumbai,1
LN101328,30/12/2017,40.0,male,DIVORCED,0,,28634.08,651.0,139584.22,84,10.81,PERSONAL,2,HYDERABAD,0
LN101174,12-01-2015,41.0,Female,Single,1,Self Employed,61459.71,800.0,173546.98,36,12.23,CAR,0,HYDERABAD,0
LN100595,2021-01-23,27.0,FEMALE,divorced,1,Self Employed,63538.2,727.0,224140.53,84,14.46,PERSONAL,0,Bengaluru,0
LN100979,24-Jan-2017,25.0,female,Married,1,self employed,,654.0,167743.6,36,7.4,Car,0,Hyderabad,0
LN101078,03-Mar-2021,40.0,female,divorced,0,Self-Employed,42849.55,679.0,85265.56,12,8.43,car,1,hyderabad,0
LN100223,22-May-2019,53.0,Female,Single,0,Salaried,26306.84,586.0,130823.37,120,6.42,business,0,CHENNAI,1
LN100858,02/10/2019,44.0,FEMALE,divorced,0,RETIRED,38837.77,,57806.57,12,7.31,BUSINESS,1,Hyderabad,0
LN100956,10-22-2015,37.0,Male,Married,2,Self-Employed,24261.36,643.0,566830.84,12,9.17,Edu,1,PUNE,1
LN101173,06-Dec-2022,35.0,FEMALE,Single,1,Retired,81959.42,614.0,202769.31,120,12.26,HOME,2,bangalore,0
LN101623,31-Jan-2019,35.0,F,single,1,Salary,,388.0,506265.82,48,12.06,BUSINESS,0,Bangalore,1
LN100112,2018-12-21,34.0,female,DIVORCED,0,SELF-EMPLOYED,138465.16,684.0,268613.59,84,14.09,,0,PUNE,0
LN100702,11-04-2016,55.0,M,Divorced,3,,90397.16,508.0,103501.37,48,4.14,Personal,2,mumbai,0
LN101967,01-14-2015,48.0,female,SINGLE,0,selfemployed,27187.47,589.0,121172.89,84,14.24,Education,3,,0
LN101482,2016-05-06,33.0,FEMALE,Married,0,unemployed,26020.49,472.0,124442.63,12,3.56,CAR,2,HYDERABAD,0
LN101178,14/08/2021,30.0,Female,single,3,Salaried,47733.74,672.0,79195.58,120,10.6,HOME,1,Hyderabad,0
LN100314,07-26-2021,52.0,Female,MARRIED,1,Self Employed,57330.74,595.0,273520.8,84,9.62,personal,0,Bengaluru,1
LN100288,02/11/2019,15.0,female,SINGLE,0,,116116.39,624.0,243076.2,24,10.86,biz,0,Hyderabad,0
LN100861,2016-10-28,40.0,Female,SINGLE,2,Salaried,27928.45,552.0,294498.99,24,12.69,Education,0,MUMBAI,0
LN101133,2023-01-13,37.0,M,Single,1,retired,34309.77,601.0,268112.84,24,6.84,EDUCATION,1,PUNE,1
LN101833,2021-03-06,43.0,f,Divorced,2,Unemployed,68621.44,593.0,173118.22,12,15.0,CAR,2,bangalore,0
LN101398,12-26-2017,39.0,male,Marreid,2,Self-Employed,39313.03,659.0,174314.12,12,6.8,Home Loan,1,mumbai,1
LN100342,12/12/2016,33.0,m,divorced,2,Salary,39862.53,607.0,82570.29,48,10.62,business,1,HYDERABAD,0
LN100505,07/07/2022,,male,Marreid,1,Retired,114926.84,639.0,156038.25,48,13.67,Edu,1,MUMBAI,0
LN101555,07-17-2016,25.0,M,DIVORCED,1,RETIRED,25725.59,674.0,271766.45,12,11.23,auto,0,New Delhi,1
LN100745,19-Jul-2015,34.0,MALE,SINGLE,0,Salaried,35821.0,760.0,274513.2,84,11.75,Edu,0,Delhi,1
LN100758,12-Jan-2019,37.0,M,SINGLE,1,UNEMPLOYED,41346.54,648.0,148411.54,24,4.91,CAR,0,Chennai,0
LN100825,2015-01-03,28.0,F,Single,0,UNEMPLOYED,86492.27,621.0,520288.89,36,13.42,Education,1,Mumbai,1
LN100700,2018-01-27,34.0,Female,DIVORCED,1,RETIRED,60018.71,646.0,109343.21,84,14.87,HOME,1,Madras,0
LN101887,18-Jul-2023,21.0,M,Married,1,Retired,53025.04,656.0,105567.18,12,9.38,,1,New Delhi,0
LN100741,07-Mar-2017,51.0,MALE,DIVORCED,0,Salaried,43163.99,608.0,277266.51,24,7.81,personal,0,BANGALORE,1
LN100507,04-25-2019,63.0,f,Marreid,1,RETIRED,41479.55,708.0,197069.3,120,7.3,biz,2,pune,0
LN100018,03-02-2023,49.0,F,SINGLE,1,retired,95087.5,716.0,101910.67,84,8.75,Home,3,New Delhi,0
LN101283,2016-05-10,29.0,Male,single,1,UNEMPLOYED,19808.23,454.0,330615.51,12,5.08,PERSONAL,2,mumbai,1
LN101154,23-Nov-2018,26.0,m,married,0,Salaried,67701.86,604.0,351657.12,60,9.88,Edu,4,Chennai,0
LN100420,21/03/2015,20.0,Female,single,1,RETIRED,,779.0,155887.27,24,15.36,biz,1,MUMBAI,0
LN101076,12-31-2021,45.0,F,SINGLE,2,unemployed,80167.06,529.0,106940.97,84,8.45,,1,mumbai,0
LN100352,10-26-2015,41.0,Male,Divorced,1,Self Employed,172090.93,484.0,194347.6,84,12.92,BUSINESS,0,CHENNAI,0
LN101043,21/02/2017,,Male,Single,1,Self Employed,70000.12,587.0,74063.11,120,7.11,CAR,0,HYDERABAD,0
LN100864,08-Apr-2015,25.0,F,single,3,Self-Employed,51599.68,498.0,355701.71,36,13.61,Business,1,Pune,1
LN101878,12-Jun-2018,42.0,F,MARRIED,1,self employed,80664.38,805.0,298116.35,60,8.44,education,2,Bangalore,0
LN101057,12/08/2023,19.0,f,SINGLE,2,SALARIED,23190.67,616.0,53626.54,60,8.93,Business,2,mumbai,0
LN100043,29-Jan-2018,35.0,FEMALE,divorced,0,Unemployed,79680.92,708.0,518161.42,24,8.11,biz,0,Hyderabad,1
LN100055,07-17-2020,37.0,Male,Marreid,2,unemployed,26755.41,591.0,205495.43,120,8.42,biz,0,Bangalore,1
LN100264,12-24-2022,44.0,F,Divorced,0,salaried,30510.49,691.0,76343.91,12,13.54,personal,3,delhi,0
LN100102,2019-08-31,64.0,m,Single,0,,48469.91,697.0,691859.07,12,8.37,personal,0,Madras,1
LN100276,12-08-2020,32.0,female,Divorced,1,SALARIED,42512.88,626.0,167871.11,48,10.81,HOME,0,New Delhi,0
LN100287,10-31-2015,50.0,male,MARRIED,0,Retired,40836.52,596.0,91399.7,120,18.23,HOME,2,Bangalore,1
LN100557,03/04/2016,42.0,Female,MARRIED,3,Salary,45390.01,621.0,57206.38,24,8.18,Home,1,MUMBAI,0
LN100250,16/10/2023,45.0,M,DIVORCED,1,selfemployed,49242.83,745.0,44436.38,120,6.8,Auto,4,Bangalore,0
LN101211,07-14-2022,16.0,m,DIVORCED,0,unemployed,46879.33,750.0,135122.76,24,6.48,Auto,1,New Delhi,0
LN101135,06-30-2022,,F,MARRIED,1,salaried,67998.38,646.0,32339.79,84,17.22,CAR,0,BANGALORE,0
LN101831,05/10/2015,65.0,m,MARRIED,1,SELF-EMPLOYED,52441.5,596.0,89183.6,12,5.52,education,0,DELHI,0
LN100604,2023-01-18,34.0,Female,Single,2,Self Employed,22608.91,673.0,193255.08,24,13.24,Edu,0,Mumbai,1
LN100466,2019-06-09,32.0,FEMALE,single,1,Salaried,72014.5,661.0,87174.95,84,0.0,home,0,PUNE,0
LN100719,2017-05-07,56.0,m,Single,2,Unemployed,84066.17,722.0,173524.52,12,14.79,HOME,1,Bombay,0
LN100345,10-14-2022,25.0,m,SINGLE,1,UNEMPLOYED,118786.59,412.0,158513.25,24,11.33,car,1,PUNE,1
LN101248,03/08/2015,,male,MARRIED,1,Retired,23937.89,823.0,184991.06,60,10.56,car,2,Delhi,0
LN101426,28-Sep-2017,41.0,Male,single,0,Salaried,34821.04,650.0,578962.32,24,8.08,housing,2,Mumbai,1
LN101786,2016-05-26,34.0,F,MARRIED,0,retired,100019.17,701.0,90060.52,12,9.2,Personal,0,mumbai,0
LN100692,18-Feb-2018,34.0,m,Marreid,2,SALARIED,87137.58,627.0,159141.15,12,14.32,home,0,HYDERABAD,0
  LN101587  ,03-05-2015,28.0,Female,Divorced,0,RETIRED,21101.26,685.0,481738.06,120,13.33,PERSONAL,1,Pune,1
LN100061,06-Apr-2020,38.0,Male,Marreid,1,UNEMPLOYED,38606.32,693.0,251089.18,36,14.11,Home,0,pune,1
LN100541,11-16-2019,33.0,FEMALE,Divorced,0,self employed,51815.43,803.0,91520.78,84,13.93,HOME,0,bangalore,0
LN101677,28/04/2023,32.0,Female,married,2,Salary,52988.9,654.0,235633.23,120,3.42,housing,1,CHENNAI,0
LN100563,2016-05-12,31.0,M,single,0,Unemployed,33894.93,495.0,76103.44,24,10.37,business,0,pune,1
LN100427,20/09/2022,41.0,f,Married,1,Salary,47400.37,547.0,106406.22,24,15.6,housing,2,hyderabad,1
LN100364,19-Mar-2017,35.0,m,Divorced,2,RETIRED,120965.19,618.0,414569.5,24,12.02,Education,1,Bangalore,0
LN101684,09-Sep-2016,15.0,M,divorced,0,Self Employed,70785.94,787.0,174464.76,120,11.45,car,2,mumbai,0
LN100211,12-18-2015,18.0,FEMALE,SINGLE,1,Retired,52026.54,512.0,89888.84,12,10.35,personal,1,Bombay,0
LN100411,2016-02-26,12.0,male,DIVORCED,2,Self Employed,37893.15,581.0,194042.94,24,4.4,home,1,Bombay,0
LN100282,03-30-2019,58.0,MALE,Single,0,RETIRED,110523.06,849.0,177845.12,24,11.89,BUSINESS,1,mumbai,0
LN101494,13-Aug-2016,45.0,Male,SINGLE,4,unemployed,19033.53,637.0,686560.28,60,7.6,biz,3,Madras,1
LN100706,2021-09-21,27.0,Male,single,1,SALARIED,102789.98,513.0,289085.99,12,9.21,housing,1,chennai,0
LN100471,2023-08-17,46.0,Female,,2,Self Employed,30236.59,673.0,406866.61,48,10.4,car,0,mumbai,1
LN101335,09-10-2023,56.0,FEMALE,married,1,unemployed,89764.69,689.0,374266.72,48,8.34,auto,1,Chennai,0
LN101295,06/07/2022,67.0,female,divorced,1,UNEMPLOYED,36233.63,807.0,190430.73,36,6.04,EDUCATION,0,pune,1
LN100475,2015-07-20,22.0,Female,DIVORCED,2,Self-Employed,34408.01,626.0,65047.58,84,8.78,BUSINESS,1,Bangalore,0
LN101602,2023-10-07,34.0,m,SINGLE,1,selfemployed,26745.23,697.0,197969.53,120,11.2,Business,1,Madras,1
LN101738,20-Sep-2022,0.0,Male,Marreid,2,Salaried,101041.66,648.0,82429.87,12,13.76,Business,0,MUMBAI,0
LN101045,29-Nov-2018,32.0,M,single,0,UNEMPLOYED,110708.87,483.0,137966.11,24,7.37,Home Loan,1,Bengaluru,0
LN101582,23-Feb-2017,45.0,FEMALE,divorced,2,self employed,22948.9,765.0,178233.85,48,6.36,Auto,1,Mumbai,0
LN101364,2016-07-03,35.0,Female,single,3,UNEMPLOYED,31592.46,680.0,226517.91,12,8.75,HOME,0,Chennai,0
LN100325,24/03/2017,16.0,f,Married,0,SELF-EMPLOYED,69867.74,581.0,243042.92,84,15.61,Education,1,New Delhi,0
LN101276,22-Jun-2018,52.0,MALE,Single,3,RETIRED,59074.89,516.0,41740.47,84,8.84,biz,2,DELHI,0
LN101991,03/05/2021,46.0,M,Single,2,UNEMPLOYED,58802.85,650.0,229344.03,60,8.94,Home Loan,1,MUMBAI,0
LN100029,2016-04-03,38.0,female,divorced,1,Unemployed,158577.46,686.0,375801.64,12,10.39,biz,2,Pune,0
LN100902,2019-06-20,36.0,MALE,divorced,1,Self-Employed,36725.73,712.0,155862.98,36,7.53,,3,Bengaluru,1
LN100650,25-Apr-2020,44.0,male,Divorced,0,RETIRED,61698.89,788.0,478659.54,48,8.94,HOME,1,chennai,1
LN100360,12-Apr-2019,35.0,M,divorced,1,SALARIED,71117.79,687.0,239611.2,84,9.98,Business,1,BANGALORE,0
LN101415,03-27-2022,54.0,Male,DIVORCED,1,SELF-EMPLOYED,58101.83,718.0,446544.81,24,13.91,education,3,PUNE,1
LN101882,18-Jul-2019,22.0,f,,3,Self-Employed,38550.65,701.0,38577.6,84,15.78,Edu,0,Pune,0
LN100225,2018-07-30,53.0,female,Single,1,retired,40026.42,617.0,20000.0,36,12.23,PERSONAL,0,hyderabad,0
LN100574,22-Nov-2017,43.0,M,DIVORCED,1,Retired,139959.83,637.0,300678.02,12,10.68,Edu,1,pune,0
LN101538,09-27-2015,44.0,m,Divorced,1,SALARIED,93743.67,654.0,170926.07,60,6.77,education,2,HYDERABAD,0
LN101655,02-26-2020,23.0,F,Married,2,Retired,,589.0,107368.5,12,13.33,education,1,Madras,1
LN101239,10/07/2018,25.0,M,SINGLE,0,UNEMPLOYED,33972.42,572.0,119710.0,84,10.03,CAR,1,BANGALORE,1
LN101903,10-07-2017,40.0,F,DIVORCED,4,SELF-EMPLOYED,82572.56,,82727.9,48,7.85,Personal,1,BANGALORE,0
LN101478,2017-03-07,27.0,female,DIVORCED,1,self employed,44123.86,711.0,218427.25,120,14.93,BUSINESS,0,chennai,1
LN100682,14-Feb-2017,34.0,m,DIVORCED,1,salaried,25575.08,537.0,357026.08,60,11.04,Business,2,PUNE,1
LN100857,23/08/2020,25.0,FEMALE,married,0,SALARIED,65391.65,871.0,184197.8,84,13.85,Home,1,Pune,0
LN101553,2019-12-24,39.0,M,single,1,Retired,66376.93,623.0,225958.58,48,13.82,BUSINESS,1,Mumbai,0
LN100515,22-Aug-2023,35.0,m,married,0,SALARIED,100650.88,569.0,68480.87,48,12.31,business,0,Madras,0
LN100947,2016-08-29,44.0,F,,1,unemployed,,585.0,471358.56,60,17.73,Home Loan,1,Madras,0
LN101214,2018-10-14,32.0,MALE,married,0,Unemployed,25539.93,751.0,610110.19,60,13.93,EDUCATION,0,Madras,1
LN100187,06/12/2020,43.0,FEMALE,married,1,retired,62589.07,486.0,122365.68,36,5.49,Education,2,Bombay,0
LN100596,15/05/2015,27.0,MALE,single,3,Salary,37272.17,630.0,357184.65,120,10.04,personal,0,Chennai,0
LN100432,14/09/2023,32.0,f,Marreid,2,unemployed,49821.58,589.0,232417.26,120,5.77,Car,1,pune,1
LN101783,10-18-2019,39.0,Female,Marreid,0,Salary,35715.32,594.0,359584.92,60,13.95,Home,3,delhi,1
LN100152,2021-11-21,21.0,Female,DIVORCED,2,Unemployed,92160.97,600.0,1191518.97,36,9.31,education,1,hyderabad,1
LN100216,29/08/2021,42.0,F,Single,2,retired,99359.25,679.0,153474.56,24,7.11,EDUCATION,1,Bombay,0
LN100099,2021-11-24,45.0,Male,SINGLE,3,,70352.25,691.0,304145.06,60,8.17,Business,0,chennai,1
LN101532,2015-04-12,37.0,F,Single,2,unemployed,140112.06,626.0,20000.0,120,4.9,,1,delhi,0
LN100993,09-14-2020,47.0,m,divorced,1,UNEMPLOYED,32541.02,586.0,269091.17,24,10.57,personal,1,chennai,1
LN101331,11-04-2018,39.0,Female,Marreid,1,SELF-EMPLOYED,50395.24,718.0,147849.5,36,11.13,Home,0,hyderabad,0
LN101986,2023-10-12,38.0,M,DIVORCED,1,selfemployed,51160.31,673.0,684449.19,60,10.6,education,0,delhi,1
LN101978,25-Aug-2020,29.0,female,SINGLE,1,Retired,46009.74,843.0,268349.62,48,13.58,auto,2,HYDERABAD,0
LN101716,08-31-2018,47.0,Male,married,3,Retired,46362.24,926.0,43301.16,24,15.11,Home Loan,1,New Delhi,0
LN100013,2017-09-13,31.0,m,Married,1,unemployed,39705.73,680.0,197764.83,60,13.3,EDUCATION,1,Mumbai,0
LN101444,31/10/2020,34.0,M,Divorced,1,selfemployed,31573.72,,348583.45,24,11.3,EDUCATION,0,Hyderabad,1
LN101465,2023-11-20,14.0,MALE,Marreid,0,RETIRED,31022.19,601.0,272513.66,48,6.04,Personal,1,chennai,0
LN100168,10-Dec-2016,51.0,m,SINGLE,3,selfemployed,178935.7,702.0,249710.47,84,11.58,PERSONAL,0,CHENNAI,0
LN100804,11-09-2022,48.0,Male,divorced,2,selfemployed,68689.22,594.0,113956.77,48,4.78,biz,2,DELHI,0
LN101410,2022-06-01,37.0,f,Single,3,salaried,53591.48,646.0,697419.72,48,5.16,,1,Bengaluru,1
LN100189,12/09/2017,20.0,female,Divorced,2,Unemployed,92618.46,820.0,143850.92,48,10.86,Home Loan,0,Pune,0
LN100456,28-Sep-2018,25.0,male,SINGLE,3,selfemployed,122493.24,,124385.1,120,8.37,Home,1,MUMBAI,0
LN101071,18-Mar-2015,33.0,m,divorced,2,Retired,95368.09,686.0,140125.28,36,10.44,Education,0,chennai,0
LN101121,11/06/2015,47.0,male,,3,self employed,60049.54,643.0,113750.21,84,12.14,Home,2,PUNE,1
LN100044,18/04/2019,18.0,female,SINGLE,3,unemployed,100928.68,729.0,180601.01,12,11.6,home,1,mumbai,0
LN101153,2019-04-17,50.0,Female,DIVORCED,2,RETIRED,47456.29,668.0,396393.97,84,15.47,PERSONAL,2,,1
LN100010,06-Sep-2021,29.0,Male,divorced,1,self employed,38143.91,732.0,250227.5,12,9.41,Business,3,Madras,1
LN101414,06-26-2019,30.0,FEMALE,Marreid,0,selfemployed,30976.86,591.0,281918.84,60,10.32,auto,1,Hyderabad,1
LN100148,04-18-2015,42.0,male,Married,1,UNEMPLOYED,35394.85,602.0,299675.29,120,14.71,car,2,Bombay,1
LN100859,26/05/2019,38.0,m,Divorced,1,Retired,44512.4,535.0,425339.72,36,7.59,PERSONAL,1,delhi,0
LN100014,17/05/2017,44.0,Female,divorced,1,self employed,146565.52,560.0,133731.8,12,11.3,business,1,BANGALORE,0
LN100390,04-06-2017,48.0,FEMALE,Divorced,1,UNEMPLOYED,61774.25,543.0,224263.74,84,13.01,Auto,3,Chennai,1
  LN101737  ,28/11/2023,43.0,f,Single,0,self employed,41112.15,641.0,382056.79,84,7.2,Auto,1,Pune,1
LN101347,06-28-2016,43.0,FEMALE,SINGLE,2,SELF-EMPLOYED,37883.94,808.0,586823.33,12,11.1,PERSONAL,2,BANGALORE,1
LN101035,2018-09-07,28.0,Male,SINGLE,3,SELF-EMPLOYED,87486.17,760.0,386353.31,36,12.57,Car,0,pune,0
LN100699,10-09-2022,46.0,Male,,3,Self Employed,20154.03,714.0,168787.05,12,13.12,BUSINESS,2,Mumbai,0
LN100095,2017-02-16,39.0,M,DIVORCED,1,SALARIED,60129.52,633.0,149751.71,48,9.91,Education,1,CHENNAI,0
LN101264,03-09-2019,27.0,M,divorced,1,NA,35709.79,446.0,612260.61,84,15.78,personal,1,,1
LN100790,27-Aug-2021,22.0,female,single,1,Salaried,61232.1,687.0,102849.06,48,14.36,Car,3,DELHI,0
LN101274,09-28-2019,37.0,Female,Single,1,retired,26732.35,708.0,204758.01,84,11.5,Edu,1,Chennai,1
LN100838,11-Jun-2023,42.0,f,MARRIED,2,SELF-EMPLOYED,57659.97,541.0,270483.39,84,10.39,education,1,PUNE,0
LN101733,28-Aug-2015,42.0,Male,married,0,RETIRED,48431.92,696.0,88255.01,120,15.97,CAR,1,DELHI,0
LN101474,11-13-2023,25.0,female,DIVORCED,2,Self Employed,64075.68,542.0,159005.55,60,6.7,Auto,1,Hyderabad,0
LN101638,01-09-2021,38.0,MALE,Marreid,1,unemployed,39702.63,676.0,71755.72,48,18.36,CAR,2,,0
LN101685,10-08-2023,23.0,m,single,3,Self-Employed,80278.49,660.0,231073.05,24,8.53,PERSONAL,0,Hyderabad,0
LN101617,2023-03-21,28.0,MALE,divorced,0,Unemployed,56135.13,,44964.79,48,11.92,Edu,1,New Delhi,0
LN101893,01-15-2017,43.0,MALE,,1,Unemployed,40168.19,837.0,40036.26,60,13.35,PERSONAL,5,Delhi,0
LN101867,27/08/2023,30.0,M,MARRIED,1,Retired,49361.1,585.0,208874.3,24,9.86,home,2,Pune,0
LN101011,03/04/2018,35.0,Male,Divorced,0,Self Employed,98272.29,662.0,505054.83,36,14.74,auto,2,chennai,1
LN101850,01-Jul-2018,48.0,female,Single,3,SELF-EMPLOYED,36513.17,605.0,390337.05,120,7.85,housing,2,pune,1
LN100689,13/04/2017,42.0,male,divorced,0,Self Employed,,703.0,183126.47,60,13.2,Personal,0,HYDERABAD,0
LN100759,18-Jul-2023,64.0,MALE,DIVORCED,1,retired,74415.11,592.0,105445.28,48,9.52,Personal,0,Chennai,0
LN101810,13/05/2022,50.0,f,SINGLE,1,SALARIED,94166.78,490.0,277397.72,60,7.08,Home,0,HYDERABAD,1
LN100946,2022-06-27,29.0,male,married,2,self employed,81574.23,533.0,160957.26,24,11.99,personal,0,Bengaluru,0
  LN100026  ,11-30-2019,43.0,m,Single,0,Unemployed,-5000.0,541.0,157290.41,12,9.58,CAR,2,bangalore,0
LN101330,2016-10-31,31.0,MALE,DIVORCED,4,,39892.68,774.0,119201.82,48,10.74,education,1,Delhi,0
LN101535,20-Jul-2016,40.0,FEMALE,MARRIED,1,Retired,41031.3,728.0,159966.94,120,3.79,Business,1,Pune,0
LN100526,27/12/2017,41.0,m,Marreid,1,unemployed,55758.63,,176508.84,12,6.5,Car,0,New Delhi,0
LN100919,09-11-2020,68.0,Female,Single,0,SALARIED,43227.15,476.0,565574.23,36,12.83,Auto,0,pune,1
LN100880,2022-03-02,29.0,Female,DIVORCED,2,retired,123790.83,585.0,185712.94,120,15.25,Home Loan,2,Bombay,0
LN100116,19/03/2017,40.0,M,Divorced,0,UNEMPLOYED,82894.77,749.0,456307.05,60,12.92,Car,1,MUMBAI,1
LN100559,05-09-2022,34.0,M,married,3,Self-Employed,64307.83,656.0,500334.7,84,5.21,BUSINESS,2,CHENNAI,1
LN100371,06-03-2020,54.0,m,married,3,SELF-EMPLOYED,73403.8,640.0,144689.49,120,9.28,business,1,,0
LN100968,11-27-2020,-5.0,female,single,5,RETIRED,56494.24,521.0,171319.21,48,10.09,BUSINESS,1,Hyderabad,1
LN101307,08/03/2019,45.0,FEMALE,Marreid,1,unemployed,55713.19,494.0,115411.38,24,7.5,biz,0,chennai,0
LN100638,12-28-2023,33.0,m,DIVORCED,2,retired,63078.51,696.0,506803.36,36,10.75,business,1,Mumbai,1
LN100807,02/11/2020,37.0,FEMALE,single,2,SELF-EMPLOYED,36601.79,,108226.6,84,4.5,BUSINESS,2,BANGALORE,0
LN100097,15/12/2023,45.0,male,Divorced,1,Unemployed,80310.4,750.0,497514.85,60,10.33,education,2,MUMBAI,0
LN101750,03-07-2021,,FEMALE,divorced,3,SALARIED,57178.53,829.0,124009.9,12,6.18,Business,1,HYDERABAD,0
LN101990,26-Sep-2021,35.0,m,Single,2,Salaried,40770.4,831.0,111744.19,24,13.78,Personal,1,Pune,0
LN101823,2017-05-26,52.0,Female,DIVORCED,3,salaried,32896.75,764.0,323857.77,12,11.86,Business,0,Bombay,0
LN101872,14-Aug-2016,30.0,female,SINGLE,0,unemployed,35379.27,705.0,210370.62,48,6.3,HOME,2,Hyderabad,1
LN101664,27-May-2021,0.0,f,married,1,Salary,118734.94,608.0,238426.51,60,5.47,Education,4,HYDERABAD,0
LN101204,09/03/2021,46.0,Female,divorced,1,retired,56140.5,773.0,333043.01,24,12.64,home,0,MUMBAI,1
LN101420,19/02/2023,40.0,Male,DIVORCED,1,Unemployed,38223.46,,180223.64,120,14.14,business,0,Bengaluru,1
LN100119,07-Sep-2020,28.0,FEMALE,single,2,Salaried,106540.55,510.0,160737.01,36,7.12,Home,0,PUNE,0
LN100376,2023-01-29,43.0,male,DIVORCED,4,Self Employed,38796.64,577.0,210987.74,24,10.39,home,1,CHENNAI,0
LN100493,25/05/2019,42.0,Male,Married,0,RETIRED,16211.247167449581,545.0,369888.11,12,11.86,Personal,2,New Delhi,1
LN101265,27-Aug-2016,32.0,M,Marreid,1,unemployed,115262.92,538.0,261635.19,84,16.27,Edu,0,Bengaluru,0
LN100501,17-May-2019,24.0,Female,Married,0,salaried,27979.71,713.0,201515.34,36,10.58,car,1,CHENNAI,0
LN100607,21-Nov-2021,35.0,m,DIVORCED,1,Retired,29274.95,724.0,110648.5,84,12.66,personal,1,HYDERABAD,0
LN101759,2015-03-23,36.0,f,DIVORCED,2,salaried,29569.58,650.0,254761.88,60,13.56,Car,1,HYDERABAD,1
LN101187,03/08/2016,49.0,male,Single,1,Unemployed,38723.92,715.0,229800.62,36,8.15,Edu,1,delhi,1
LN101481,05-02-2019,40.0,m,single,0,,48864.17,604.0,228964.22,12,14.12,Home Loan,2,pune,1
LN100165,09/05/2022,48.0,Female,SINGLE,2,RETIRED,35099.0,818.0,423383.49,36,9.66,housing,2,CHENNAI,1
LN101207,01/01/2019,26.0,Male,Married,0,Salaried,,666.0,278844.78,36,12.37,HOME,1,DELHI,0
LN101565,18-Nov-2015,37.0,F,Divorced,2,SELF-EMPLOYED,25506.87,746.0,502863.73,12,13.15,Education,0,New Delhi,1
LN101895,03-Oct-2021,53.0,male,Married,4,Retired,53269.64,655.0,56795.31,24,12.97,PERSONAL,0,New Delhi,0
LN101125,01-07-2016,38.0,Male,divorced,1,RETIRED,67107.53,588.0,243917.62,24,14.99,Edu,1,mumbai,0
LN101782,2021-05-21,39.0,Female,Marreid,1,UNEMPLOYED,47347.39,772.0,267582.72,48,12.37,,0,Madras,1
LN100379,12-27-2021,36.0,MALE,married,2,retired,60237.75,700.0,180972.14,12,12.21,PERSONAL,0,mumbai,0
LN100064,11/02/2016,39.0,FEMALE,divorced,2,retired,70465.84,693.0,232517.05,120,8.63,Education,1,PUNE,0
LN100769,20/01/2020,52.0,female,married,3,Self Employed,40854.53,848.0,46932.95,84,6.36,Auto,1,Mumbai,0
LN100749,04-16-2022,32.0,MALE,Single,1,,54723.96,737.0,185565.75,24,10.44,Personal,1,DELHI,0
LN100295,07-May-2016,28.0,f,Single,1,SELF-EMPLOYED,19103.12,670.0,659256.13,60,10.81,PERSONAL,0,delhi,1
LN100573,18/09/2022,29.0,F,DIVORCED,0,Retired,66212.79,523.0,256497.96,24,4.45,Edu,0,Bombay,1
LN100316,10/01/2023,46.0,male,single,1,self employed,27640.84,696.0,392816.39,48,9.87,,0,MUMBAI,1
LN100529,30/05/2022,40.0,Female,Divorced,1,retired,89023.49,580.0,140284.35,60,9.46,auto,3,New Delhi,0
LN100131,02-10-2016,38.0,MALE,Single,3,Unemployed,72405.61,656.0,469270.69,48,8.75,education,1,DELHI,1
LN101341,2016-07-21,39.0,Female,SINGLE,3,UNEMPLOYED,70733.46,773.0,247508.48,48,8.33,Business,1,pune,1
LN100190,06-Jul-2019,37.0,m,DIVORCED,1,,40741.17,626.0,608683.08,12,12.68,home,0,Hyderabad,1
LN100028,2018-02-07,35.0,M,divorced,2,Self Employed,124991.73,648.0,103485.4,60,7.12,Education,1,New Delhi,0
LN100839,27/01/2017,,female,Marreid,1,N/A,30830.04,669.0,176241.32,24,16.29,Home Loan,1,Bombay,0
LN101387,29/07/2021,27.0,female,divorced,0,Self-Employed,44910.27,565.0,326675.77,12,9.58,personal,1,hyderabad,1
LN101195,14-Apr-2015,40.0,female,married,1,UNEMPLOYED,39317.99,514.0,121483.44,48,9.92,car,1,BANGALORE,1
LN101287,2021-03-15,43.0,female,single,3,SELF-EMPLOYED,61603.75,843.0,693953.82,120,8.21,Car,1,Bombay,1
LN100770,19/02/2022,33.0,Male,single,2,self employed,49064.81,660.0,61683.21,24,19.13,PERSONAL,2,Pune,0
LN101701,2017-08-05,21.0,FEMALE,Married,0,Salary,55370.93,,433263.12,48,14.09,Auto,0,Madras,1
LN101299,19/09/2019,45.0,male,SINGLE,1,unemployed,99205.86,819.0,84267.6,12,10.56,BUSINESS,1,PUNE,0
LN101889,07-04-2017,29.0,FEMALE,Married,1,unemployed,28356.45,703.0,125427.09,60,14.59,home,1,CHENNAI,1
LN101228,03-05-2020,34.0,F,Divorced,0,self employed,36179.2,585.0,210982.84,36,10.28,HOME,2,Madras,0
LN100267,03-23-2020,51.0,female,Married,3,salaried,36359.68,486.0,311256.78,48,7.4,Car,0,Bombay,1
LN101140,2020-02-17,34.0,Female,Divorced,0,unemployed,72588.61,725.0,162986.01,120,14.95,business,0,delhi,0
LN101577,26-Jul-2017,47.0,MALE,Divorced,1,salaried,49993.82,567.0,143810.34,120,12.03,Car,1,MUMBAI,0
LN100076,01-Aug-2021,20.0,Male,SINGLE,0,unemployed,64597.55,830.0,328507.22,60,9.59,Education,0,Bengaluru,0
LN101798,01-23-2017,49.0,M,divorced,2,SELF-EMPLOYED,36007.23,732.0,319166.19,120,11.51,Car,1,BANGALORE,1
LN101456,04-09-2017,36.0,male,Married,0,SELF-EMPLOYED,44706.63,758.0,200515.09,12,11.96,CAR,3,bangalore,0
LN101774,05/11/2015,30.0,F,divorced,1,retired,41665.15,790.0,241297.87,60,14.7,BUSINESS,0,CHENNAI,0
LN101404,2023-08-02,43.0,f,Single,1,SALARIED,61708.22,586.0,263182.43,12,13.24,EDUCATION,1,Delhi,0
LN101544,08-21-2017,35.0,MALE,DIVORCED,3,salaried,44030.43,639.0,39911.19,12,13.34,HOME,0,Delhi,0
LN100572,2023-11-15,44.0,Female,single,0,UNEMPLOYED,47100.82,668.0,63807.9,60,16.67,biz,0,Mumbai,0
LN100755,11-05-2020,31.0,F,Divorced,2,self employed,23993.73,757.0,317131.44,24,10.92,car,0,pune,1
LN100817,10/05/2015,23.0,female,Single,0,salaried,,581.0,140592.37,12,9.58,Auto,1,CHENNAI,0
LN101339,2022-06-21,56.0,Male,,3,Salary,62856.46,484.0,82008.47,120,11.17,CAR,1,Bengaluru,0
LN101637,2015-02-15,47.0,FEMALE,Single,5,Self Employed,38658.49,576.0,129711.51,48,6.66,car,1,hyderabad,0
LN100748,12-31-2018,29.0,m,single,1,selfemployed,50541.15,733.0,559987.11,60,10.6,home,2,Mumbai,0
LN100658,09-18-2015,48.0,Male,SINGLE,1,unemployed,69115.45,,628924.99,60,14.38,car,3,Pune,1
LN100922,19/02/2016,33.0,female,Single,2,Salaried,22484.89,529.0,333973.03,12,10.15,biz,0,Madras,1
LN100181,05-21-2023,34.0,M,married,1,UNEMPLOYED,33655.16,678.0,508039.92,84,5.37,Auto,2,Bombay,1
LN101418,02-04-2017,54.0,F,Single,0,salaried,65190.24,588.0,159868.12,120,8.04,EDUCATION,0,PUNE,0
LN101107,02-24-2023,49.0,F,single,1,Self Employed,64487.82,724.0,59376.29,84,10.52,education,0,Bengaluru,0
LN100876,2019-07-18,42.0,MALE,Divorced,3,unemployed,17907.38,571.0,194700.52,24,12.46,home,3,DELHI,1
LN100377,07/06/2021,,FEMALE,Marreid,1,selfemployed,31399.75,573.0,71400.75,48,13.8,home,0,delhi,0
LN101702,11-Apr-2022,42.0,male,SINGLE,3,RETIRED,95439.44,716.0,133222.66,120,11.39,Home Loan,1,BANGALORE,0
LN100024,04/12/2017,28.0,m,Divorced,0,selfemployed,41464.44,790.0,217506.87,48,12.65,Business,0,CHENNAI,0
LN101396,13-Sep-2022,17.0,MALE,Married,2,selfemployed,96200.3,578.0,62283.19,48,5.74,home,0,Bengaluru,0
LN100347,31/05/2023,43.0,m,Single,1,Salaried,41185.98,605.0,301628.33,120,6.42,Home,1,MUMBAI,0
LN101730,06-03-2023,18.0,F,Single,3,Salary,66729.78,771.0,46875.16,120,13.81,PERSONAL,2,pune,0
LN100621,03/12/2017,29.0,male,divorced,0,selfemployed,58701.52,630.0,103004.81,12,15.0,,0,chennai,0
LN101813,21/12/2020,17.0,MALE,married,0,Salaried,84616.17,480.0,731624.12,24,9.42,Business,1,delhi,1
LN100009,20-Jul-2016,38.0,m,divorced,0,UNEMPLOYED,42213.54,658.0,49449.23,24,10.34,biz,1,bangalore,1
LN100229,2021-08-01,32.0,Female,SINGLE,3,UNEMPLOYED,27785.5,781.0,59630.84,24,9.2,Edu,2,pune,0
LN100490,03-19-2018,49.0,Female,MARRIED,2,SALARIED,40065.91,694.0,144435.44,36,15.59,CAR,1,mumbai,0
LN100214,2019-05-08,45.0,Male,MARRIED,0,UNEMPLOYED,68767.27,445.0,103217.94,12,9.81,Personal,0,BANGALORE,0
LN101497,2023-04-13,46.0,m,divorced,3,Self-Employed,46726.39,597.0,209749.63,24,6.25,Business,2,New Delhi,0
LN101811,29/09/2019,43.0,MALE,MARRIED,3,RETIRED,82533.23,546.0,720087.6,120,15.82,education,2,pune,1
LN100450,08-19-2023,19.0,Male,single,0,retired,18645.4,746.0,115681.24,36,11.4,CAR,1,Bangalore,0
  LN100805  ,07/05/2020,41.0,f,MARRIED,2,Salaried,20679.18,,70321.15,60,7.57,Personal,1,BANGALORE,0
LN100016,18/10/2015,40.0,m,Married,1,Self-Employed,94237.3,505.0,226215.58,60,11.78,Car,0,DELHI,0
LN101554,01/02/2018,29.0,Female,MARRIED,1,Retired,65709.31,767.0,84217.59,24,16.14,business,1,hyderabad,0
LN101876,11-11-2023,28.0,female,Marreid,1,Self Employed,51279.26,665.0,233544.18,36,11.24,PERSONAL,1,CHENNAI,0
LN101982,06-Jan-2016,49.0,MALE,SINGLE,0,salaried,94315.67,547.0,242971.97,84,8.95,education,3,Bombay,0
LN101490,25/03/2018,42.0,f,divorced,3,UNEMPLOYED,56008.62,626.0,66615.0,84,9.6,EDUCATION,1,HYDERABAD,0
LN101157,22-Apr-2023,57.0,Female,DIVORCED,0,unemployed,35924.29,474.0,66965.67,36,9.0,education,0,MUMBAI,1
LN101649,2018-06-27,49.0,f,divorced,0,selfemployed,56070.3,526.0,263977.93,60,11.8,auto,1,Bengaluru,0
LN100547,03-10-2020,43.0,m,SINGLE,1,Self-Employed,67055.05,538.0,69424.19,120,8.76,,0,pune,0
LN101807,12-11-2017,53.0,M,Single,2,selfemployed,56777.38,703.0,117410.99,120,14.08,Personal,0,Bengaluru,0
LN100670,2023-06-26,49.0,f,single,1,Salaried,47073.55,,362900.33,84,12.7,BUSINESS,1,Delhi,1
LN100355,07-Oct-2020,21.0,Male,Marreid,0,unemployed,51382.97,585.0,66558.55,84,15.01,EDUCATION,2,DELHI,0
LN101765,16/02/2017,42.0,FEMALE,SINGLE,1,salaried,73951.67,675.0,121756.64,24,9.31,,2,Delhi,0
LN100208,06/03/2015,38.0,F,divorced,2,Salaried,66211.1,520.0,39841.86,120,9.35,Business,1,MUMBAI,0
LN100644,22-Sep-2020,36.0,m,Divorced,1,retired,41233.63,620.0,156350.6,120,4.79,Business,1,Delhi,0
LN100803,25/03/2019,39.0,Female,Single,0,unemployed,52854.66,514.0,399107.32,12,8.36,CAR,3,Delhi,1
LN101137,17-Feb-2015,36.0,male,Divorced,1,,22976.72,645.0,132213.96,120,15.24,car,0,CHENNAI,0
LN100417,11-Feb-2017,19.0,F,SINGLE,2,Salary,50866.83,597.0,165933.69,120,10.52,Car,2,pune,1
LN101595,2022-03-11,43.0,Female,Divorced,1,Unemployed,29137.06,518.0,665436.57,36,12.74,BUSINESS,2,bangalore,1
LN101119,07-11-2017,29.0,Female,Single,0,RETIRED,28883.67,657.0,283167.45,48,5.11,biz,0,Delhi,0
LN101233,15/06/2018,41.0,f,Marreid,0,Unemployed,59531.04,577.0,219926.97,36,8.18,Auto,1,Chennai,0
LN100763,2019-02-17,15.0,MALE,single,1,self employed,27162.21,628.0,444362.49,12,6.43,Edu,2,HYDERABAD,1
LN100443,19/05/2021,32.0,M,married,0,,71559.34,524.0,415702.06,24,7.42,EDUCATION,1,New Delhi,1
LN101822,08-05-2019,53.0,MALE,Marreid,0,Salaried,42635.69,657.0,147450.75,36,13.12,education,0,Bengaluru,0
LN101747,05-03-2022,,Female,Divorced,4,retired,23029.65,751.0,315789.09,12,9.29,auto,1,Mumbai,0
LN100537,01-Sep-2019,23.0,female,Married,1,Salary,42537.28,1200.0,123984.27,120,13.63,home,0,DELHI,0
LN101316,2020-08-13,35.0,male,MARRIED,2,self employed,49294.43,697.0,361988.96,84,9.39,CAR,0,Pune,1
LN100349,11-Apr-2017,42.0,Female,SINGLE,1,retired,32396.36,559.0,162986.18,24,15.1,Education,1,DELHI,0
LN100718,18/02/2022,20.0,male,divorced,0,self employed,21374.3,832.0,840659.97,12,7.64,EDUCATION,1,pune,1
LN100404,2020-04-21,,Male,divorced,1,,86136.37,567.0,132831.76,60,10.51,Personal,0,mumbai,1
LN100363,2017-03-06,46.0,female,Divorced,1,RETIRED,,686.0,119925.46,84,13.54,car,0,MUMBAI,1
LN100027,01-20-2018,42.0,m,married,0,UNEMPLOYED,111935.21,530.0,722592.75,60,8.81,Education,1,delhi,1
LN101180,2020-05-21,50.0,M,Single,5,self employed,46598.56,536.0,109776.19,36,8.17,Personal,4,Bangalore,0
LN101234,21/09/2022,33.0,f,married,2,RETIRED,19632.6,673.0,159392.02,36,13.69,BUSINESS,3,Bengaluru,1
LN100178,26/01/2017,43.0,male,divorced,1,retired,97424.14,637.0,387322.2,60,15.84,Home Loan,2,Hyderabad,1
LN101267,10-Oct-2022,33.0,f,SINGLE,0,selfemployed,52143.092859879296,700.0,138757.36,12,9.57,auto,0,mumbai,0
LN101671,04/01/2020,45.0,female,MARRIED,1,RETIRED,76658.73,552.0,368192.14,120,10.15,Edu,0,CHENNAI,1
LN101636,12-Jan-2015,54.0,female,divorced,1,self employed,81271.32,764.0,102229.0,48,6.42,EDUCATION,2,Mumbai,0
LN100846,11-26-2021,46.0,Female,married,0,Retired,68163.91,726.0,199473.64,24,14.1,HOME,0,Bangalore,1
LN100253,04/12/2015,29.0,f,DIVORCED,2,UNEMPLOYED,34570.49,660.0,271447.79,12,4.72,personal,1,hyderabad,1
LN100415,07-Feb-2019,36.0,f,SINGLE,3,unemployed,78296.02,496.0,1259702.85,84,13.68,Car,1,CHENNAI,1
LN100559,05-09-2022,34.0,M,married,3,Self-Employed,64307.83,656.0,500334.7,84,5.21,BUSINESS,2,CHENNAI,1
LN100554,09/04/2023,30.0,female,MARRIED,2,salaried,12461.88,756.0,584333.28,36,9.34,auto,0,New Delhi,1
LN100194,03/09/2019,21.0,female,MARRIED,2,Retired,55296.37,673.0,685827.69,36,9.91,Auto,1,New Delhi,1
LN101197,25-Jan-2015,36.0,m,Single,4,Self Employed,48747.07,538.0,151437.02,48,15.49,Car,1,Hyderabad,0
LN100766,21-May-2022,32.0,m,Marreid,3,SELF-EMPLOYED,64312.94,628.0,173292.25,48,12.23,EDUCATION,1,PUNE,0
LN101085,2023-05-25,34.0,MALE,married,0,,37317.73,690.0,454867.68,24,11.17,PERSONAL,1,Delhi,1
LN100446,23/06/2017,20.0,f,DIVORCED,3,SALARIED,60264.56,630.0,259259.24,12,13.07,CAR,0,PUNE,1
LN101572,17/12/2016,40.0,f,,0,Unemployed,49483.67,573.0,453920.24,48,12.55,Personal,0,Mumbai,1
LN101126,12-23-2018,52.0,f,Married,1,Salary,31454.34,827.0,118874.82,48,7.17,personal,1,Chennai,0
LN101086,2022-04-04,44.0,f,Marreid,0,retired,39442.0,671.0,93787.66,84,10.8,Education,4,HYDERABAD,1
LN101536,2023-06-20,61.0,Male,single,1,unemployed,100689.72,583.0,181834.03,12,11.73,HOME,0,Bangalore,1
LN100452,04-04-2015,55.0,male,MARRIED,1,Self Employed,21939.69,628.0,269414.74,12,8.94,HOME,3,Madras,0
LN101468,21-Aug-2017,36.0,Male,divorced,1,Self Employed,9764.91,483.0,261613.3,60,14.55,PERSONAL,1,DELHI,1
LN100465,26-Oct-2021,45.0,MALE,single,3,RETIRED,65446.56,701.0,181668.41,12,15.22,Auto,3,Chennai,0
LN100747,09-01-2018,42.0,male,Divorced,0,salaried,,633.0,313345.67,84,8.39,Home Loan,1,Pune,0
LN100459,26/04/2017,43.0,MALE,Marreid,2,selfemployed,26631.22,468.0,27374.63,60,13.44,EDUCATION,1,chennai,0
LN101442,13-Aug-2015,16.0,Male,Single,1,self employed,37793.62,658.0,723444.98,24,14.09,personal,3,PUNE,1
LN101016,2019-10-26,40.0,M,Married,5,unemployed,25798.54,770.0,340064.83,48,14.01,Edu,1,CHENNAI,1
LN101594,25/04/2018,29.0,FEMALE,Marreid,0,Salaried,48541.53,406.0,138634.17,48,13.76,Personal,0,Delhi,1
LN100811,11-29-2016,32.0,male,MARRIED,1,SALARIED,23365.26,645.0,65712.95,24,12.17,Home Loan,1,Madras,0
LN100370,07/06/2022,22.0,female,Divorced,1,RETIRED,39961.91,693.0,319880.57,24,11.45,personal,2,Pune,1
LN100485,10-Nov-2016,51.0,F,Single,2,salaried,35215.92,611.0,258983.15,24,6.87,Edu,0,HYDERABAD,0
LN100738,2022-11-01,37.0,MALE,DIVORCED,0,NA,43306.58,611.0,197338.22,48,7.6,personal,1,chennai,1
LN101245,08/02/2023,44.0,M,SINGLE,0,SALARIED,58343.22,821.0,214599.52,48,10.68,Business,1,Pune,0
LN100308,02-24-2020,38.0,f,DIVORCED,1,UNEMPLOYED,41432.08,765.0,425669.24,24,12.33,Edu,0,CHENNAI,1
LN100286,20-Feb-2016,27.0,FEMALE,single,1,Unknown,35105.4,676.0,174358.65,12,4.29,personal,1,pune,0
LN101652,20/07/2022,50.0,male,single,1,Salaried,41256.74,648.0,42356.31,36,9.61,business,0,Hyderabad,0
LN101117,03/11/2021,27.0,Male,Divorced,2,Salaried,60017.29,602.0,134471.27,84,8.71,Business,1,pune,0
LN101352,29/10/2021,29.0,F,DIVORCED,4,Salary,70038.39,452.0,200832.77,12,12.77,Home Loan,2,Madras,0
LN101788,2018-07-04,46.0,F,single,0,selfemployed,62606.22,473.0,271132.58,84,16.17,Car,2,mumbai,0
LN101313,27-Jul-2017,38.0,m,MARRIED,2,unemployed,50654.86,610.0,58476.24,36,7.65,Auto,1,bangalore,0
LN101229,11-03-2023,36.0,FEMALE,married,1,,42931.89,709.0,234179.44,120,10.11,personal,1,delhi,0
LN101820,26/04/2015,51.0,MALE,Divorced,0,,28943.61,599.0,326053.92,36,13.03,personal,0,Bombay,1
LN100685,27/07/2019,42.0,Male,married,1,Self Employed,68412.71,528.0,144547.11,12,6.96,Education,0,MUMBAI,0
ln101664,27-May-2021,0.0,f,married,1,Salary,118734.94,608.0,238426.51,60,5.47,Education,4,HYDERABAD,0
LN100730,2018-08-28,29.0,MALE,Marreid,1,unemployed,63390.73,,112101.92,36,14.97,PERSONAL,0,CHENNAI,0
LN101832,2015-09-29,39.0,Male,single,1,SALARIED,62364.26,601.0,649083.64,120,8.49,Car,2,Bengaluru,1
LN101924,04-25-2021,33.0,female,SINGLE,0,unemployed,21339.32,784.0,161848.38,48,7.83,Car,0,chennai,0
LN101268,09-02-2022,61.0,Female,Divorced,0,Salaried,49926.23,,87617.1,12,6.28,education,2,Hyderabad,0
LN101376,06/05/2016,31.0,f,Divorced,1,Self Employed,44826.86,562.0,238514.15,12,12.68,business,2,HYDERABAD,1
LN100701,2018-07-19,34.0,FEMALE,married,0,UNEMPLOYED,57470.9,795.0,623995.67,84,10.83,HOME,0,Madras,1
LN101316,2020-08-13,35.0,male,MARRIED,2,self employed,49294.43,697.0,361988.96,84,9.39,CAR,0,Pune,1
LN100098,03-Jun-2016,47.0,male,MARRIED,2,SALARIED,44210.45,586.0,124444.52,12,11.22,home,1,Bangalore,0
LN100856,09-Apr-2020,33.0,m,Marreid,1,Retired,33487.69,882.0,266554.9,12,12.84,auto,1,hyderabad,0
LN101059,28-Jul-2022,38.0,M,Marreid,0,RETIRED,31353.57,633.0,134831.99,48,14.52,CAR,1,BANGALORE,1
LN100830,2019-11-22,36.0,f,single,1,UNEMPLOYED,43403.48,655.0,182144.37,24,10.35,PERSONAL,2,Hyderabad,1
LN100140,02-12-2021,39.0,FEMALE,Single,1,UNEMPLOYED,28020.29,560.0,194530.2,24,5.12,Personal,1,chennai,1
LN100870,2019-03-11,54.0,F,DIVORCED,1,retired,72965.63,723.0,170833.14,12,5.79,Auto,3,Bengaluru,0
LN101009,02/06/2021,54.0,FEMALE,Divorced,2,Self Employed,125540.11,699.0,302147.7,12,11.39,Edu,2,chennai,0
LN101216,07-26-2019,50.0,MALE,MARRIED,1,retired,,836.0,658837.24,48,8.29,personal,0,BANGALORE,1
LN101423,2017-09-14,14.0,m,SINGLE,2,RETIRED,32583.2,762.0,179558.85,12,9.57,housing,1,delhi,0
LN101714,21/08/2016,50.0,F,MARRIED,0,retired,79520.17,729.0,123031.43,120,9.51,personal,1,delhi,0
LN101023,26-May-2023,,MALE,single,3,Salaried,40009.94,,174578.3,24,8.12,auto,2,,0
LN101528,18/03/2021,41.0,m,Divorced,1,Salaried,125731.7,,321512.88,12,13.09,home,0,New Delhi,0
LN101397,04-Sep-2022,,male,married,1,retired,61994.33,689.0,175502.69,24,5.13,Education,2,Pune,0
LN101560,2023-05-20,59.0,male,Marreid,2,unemployed,42018.77,647.0,541693.18,84,10.1,Personal,1,Madras,1
LN100129,2022-12-23,51.0,female,MARRIED,1,selfemployed,26773.81,800.0,266548.98,60,8.88,Home Loan,2,Bangalore,0
LN100752,29/06/2023,47.0,m,Married,0,salaried,55946.16,768.0,196647.85,48,8.4,education,0,hyderabad,0
LN101675,17-Feb-2019,16.0,Male,divorced,1,Salary,74334.68,506.0,272775.33,84,5.86,car,0,Delhi,0
LN100836,2015-08-23,37.0,F,Divorced,2,SALARIED,79565.9,,225815.65,84,11.99,PERSONAL,1,Bengaluru,0
LN101428,08-28-2023,39.0,female,SINGLE,0,Salaried,36527.45,651.0,87733.26,60,8.63,Home,0,PUNE,0
LN100523,2018-02-09,41.0,MALE,DIVORCED,1,unemployed,79542.86,682.0,64355.74,48,17.34,EDUCATION,0,Mumbai,0
LN100265,23-Feb-2022,26.0,male,single,2,RETIRED,18373.91,681.0,66478.78,12,11.29,housing,0,delhi,0
LN100167,2020-04-15,40.0,MALE,Marreid,2,unemployed,55305.03,696.0,199599.35,24,11.8,,2,PUNE,1
LN101963,27/10/2022,23.0,Female,DIVORCED,1,Salary,61830.48,717.0,132681.21,12,9.12,business,2,MUMBAI,0
LN101674,2017-07-14,39.0,F,SINGLE,4,Self-Employed,84638.57,646.0,134488.14,120,12.74,Personal,2,hyderabad,0
LN100664,02-May-2015,47.0,female,single,3,SELF-EMPLOYED,12660.32,585.0,104105.08,24,7.24,PERSONAL,2,hyderabad,0
LN100632,14-Dec-2023,27.0,FEMALE,divorced,1,Self Employed,46312.48,637.0,177095.36,60,11.1,auto,1,HYDERABAD,0
LN100499,09-Jun-2021,40.0,FEMALE,Divorced,1,UNEMPLOYED,76937.47,607.0,202988.95,24,10.23,Car,1,HYDERABAD,0
LN101731,03-29-2023,37.0,male,Single,2,UNEMPLOYED,90687.87,693.0,125453.04,24,8.24,Home,1,mumbai,0
  LN101590  ,12-17-2016,53.0,M,Married,1,Retired,101763.76,662.0,88330.86,84,7.84,biz,1,hyderabad,0
LN101968,08-18-2017,16.0,F,Single,3,RETIRED,66433.57,633.0,69314.58,24,7.76,Home Loan,4,hyderabad,0
LN100986,2019-01-22,28.0,female,single,1,Unemployed,30321.44,,323817.6,24,12.18,home,3,Madras,1
LN100433,14-Aug-2018,11.0,m,DIVORCED,0,Retired,136084.98,676.0,115433.58,36,11.47,PERSONAL,1,MUMBAI,0
LN101724,03-11-2021,31.0,f,DIVORCED,0,RETIRED,35288.39,571.0,116818.87,24,8.61,PERSONAL,1,Delhi,1
LN100971,2020-07-21,21.0,M,single,0,UNEMPLOYED,66840.34,507.0,262874.52,48,10.93,Home,0,BANGALORE,1
LN100869,22-May-2016,33.0,Male,single,2,SELF-EMPLOYED,45917.41,676.0,53300.19,36,6.29,Edu,0,Hyderabad,0
LN100069,2021-06-18,37.0,f,married,1,Unemployed,37357.45,585.0,214164.81,48,10.24,Business,1,hyderabad,1
LN101260,01-23-2018,39.0,Male,Divorced,3,Salaried,45468.55,640.0,365447.52,48,8.88,PERSONAL,1,HYDERABAD,1
LN100849,08-Apr-2016,45.0,male,Marreid,1,Self Employed,114555.18,679.0,312478.45,120,10.04,PERSONAL,1,Chennai,0
LN101257,04/03/2023,59.0,Male,MARRIED,3,Salaried,,527.0,171270.26,12,8.12,HOME,2,Madras,1
LN101390,13/12/2019,,Female,SINGLE,2,SELF-EMPLOYED,38681.39,662.0,52600.57,24,9.41,Home,2,HYDERABAD,0
LN100574,22-Nov-2017,43.0,M,DIVORCED,1,Retired,139959.83,637.0,300678.02,12,10.68,Edu,1,pune,0
LN100335,19-Nov-2015,,M,Divorced,1,Unemployed,121006.35,498.0,97069.26,36,10.16,biz,0,chennai,0
LN100339,07/07/2015,30.0,male,SINGLE,0,SALARIED,40073.16,829.0,111030.15,12,9.35,EDUCATION,2,Hyderabad,0
ln100686,08-20-2018,40.0,female,single,1,Salaried,47947.57,584.0,174153.09,12,11.54,HOME,1,Bombay,0
LN101324,11-16-2015,51.0,Male,MARRIED,1,unemployed,81042.19,674.0,159975.07,24,13.15,personal,2,,0
LN100665,2019-05-30,48.0,m,single,2,Salaried,72291.97,652.0,106077.25,24,9.04,Personal,1,Chennai,0
LN100384,2021-06-25,33.0,Male,divorced,0,UNEMPLOYED,34056.26,678.0,632561.1,1200,11.42,education,1,Delhi,1
LN101124,2020-09-06,51.0,FEMALE,Marreid,2,Retired,61435.57,809.0,48468.69,12,12.39,Business,0,delhi,0
LN100056,17/10/2020,50.0,female,single,2,unemployed,72100.7,584.0,1092188.08,24,5.69,BUSINESS,3,Pune,1
LN100756,11/01/2016,42.0,Female,married,1,Salary,73415.23,660.0,233286.57,24,10.25,home,0,mumbai,0
LN100841,2021-10-07,46.0,MALE,divorced,1,SELF-EMPLOYED,27969.57,654.0,66075.41,24,12.01,housing,1,Mumbai,0
LN101961,25/09/2019,53.0,MALE,SINGLE,1,RETIRED,25592.71,698.0,193983.33,48,14.87,Edu,0,Chennai,0
LN101896,29-Sep-2015,41.0,FEMALE,divorced,1,unemployed,43050.38,570.0,323122.98,60,8.08,Home Loan,0,CHENNAI,1
LN101349,12-23-2022,47.0,m,married,1,retired,84552.01,589.0,348987.21,24,16.91,Personal,1,DELHI,0
LN101769,04-Dec-2018,36.0,M,DIVORCED,0,RETIRED,76660.76,657.0,530250.44,48,12.7,auto,1,hyderabad,1
LN100171,20-May-2023,25.0,female,SINGLE,1,Unemployed,88773.17,608.0,228847.65,48,11.85,HOME,0,CHENNAI,0
LN100174,2023-08-15,35.0,MALE,Divorced,2,retired,60526.84,610.0,336182.95,12,11.59,EDUCATION,1,Bangalore,0
LN101029,02-Jun-2016,28.0,Male,Divorced,0,Self-Employed,47448.52,651.0,76232.34,36,9.68,education,4,Bangalore,0
LN100327,2023-02-11,22.0,Male,Marreid,1,Salaried,36404.52,624.0,128881.56,36,10.91,Car,3,Pune,0
LN100504,22-Jul-2019,18.0,Female,,3,SELF-EMPLOYED,54761.72,657.0,147727.9,120,12.48,PERSONAL,1,BANGALORE,0
LN101159,12-07-2018,50.0,F,Marreid,1,RETIRED,56755.3,702.0,61701.74,84,12.11,CAR,1,hyderabad,0
LN100410,23/08/2019,39.0,F,divorced,4,UNEMPLOYED,13222.36,624.0,212979.0,36,11.46,Edu,1,BANGALORE,1
LN101523,02-Nov-2019,30.0,m,married,1,retired,64134.07,510.0,342237.82,48,12.76,Business,2,Chennai,1
LN100298,10-24-2023,42.0,female,DIVORCED,0,selfemployed,138743.61,493.0,298812.37,12,10.8,Home,0,Pune,1
LN101019,10/12/2015,32.0,F,married,0,Self-Employed,51341.55,506.0,305254.25,84,13.6,Auto,0,Pune,0
LN100899,22-Nov-2019,37.0,M,Married,1,unemployed,41457.19,492.0,122615.24,12,10.45,,1,Madras,1
LN100824,2018-05-31,21.0,male,Single,0,unemployed,83191.5,602.0,151448.7,84,7.63,biz,1,Hyderabad,1
LN100729,23/06/2021,57.0,MALE,single,1,-,152705.76,705.0,211683.92,36,10.19,Business,2,bangalore,0
LN101682,12-24-2021,38.0,f,Married,1,Salary,50603.14,671.0,131188.38,120,7.41,Car,1,Bombay,0
LN101462,05-Dec-2017,42.0,Male,SINGLE,0,Self-Employed,88032.86,648.0,114962.79,24,10.37,business,0,delhi,0
LN100798,22/09/2020,40.0,f,divorced,1,Retired,90893.11,603.0,1022956.53,60,13.27,EDUCATION,0,PUNE,1
LN100672,06/02/2016,19.0,f,SINGLE,1,Self-Employed,40273.74,508.0,69931.85,84,8.0,business,1,BANGALORE,0
LN100649,20/04/2015,17.0,F,Married,0,salaried,24179.07,730.0,58790.91,84,10.41,Car,0,delhi,0
ln100783,07-Feb-2015,31.0,FEMALE,Divorced,1,unemployed,57730.23,597.0,262847.92,120,7.04,business,3,New Delhi,1
LN101771,07-04-2017,54.0,male,MARRIED,1,unemployed,64916.4,744.0,256686.93,60,13.47,business,1,Bengaluru,1
LN100726,29/01/2018,30.0,Female,MARRIED,0,Self Employed,37893.34,608.0,252028.0,12,12.37,EDUCATION,2,HYDERABAD,0
LN101623,31-Jan-2019,35.0,F,single,1,Salary,,385.0,506265.82,48,12.06,BUSINESS,0,Bangalore,1
LN100202,06/10/2015,47.0,m,,1,Salaried,44492.99,626.0,48888.44,60,12.91,Home Loan,2,mumbai,0
LN100780,03-22-2022,35.0,m,divorced,0,Retired,41773.26,643.0,99933.31,84,13.35,auto,2,Pune,0
LN100926,24/07/2017,31.0,MALE,Married,2,SELF-EMPLOYED,75799.83,695.0,174358.5,48,15.17,housing,3,hyderabad,0
LN100532,01/04/2023,31.0,male,Divorced,2,RETIRED,42348.35,587.0,204687.88,48,10.29,business,1,Delhi,0
LN100408,14/03/2020,51.0,F,divorced,1,UNEMPLOYED,38308.52,744.0,174412.75,120,8.97,Personal,1,CHENNAI,0
LN100200,03-05-2021,36.0,F,Single,2,self employed,33777.45,589.0,179662.78,60,8.62,PERSONAL,2,Bombay,1
LN100474,2016-08-30,28.0,Female,divorced,1,salaried,37786.34,479.0,151754.71,48,10.84,business,1,delhi,0
LN101785,03/08/2016,57.0,F,single,1,RETIRED,51997.3,624.0,134443.22,48,10.63,CAR,3,New Delhi,0
LN101824,08-02-2022,39.0,MALE,Single,0,Retired,55935.04,701.0,706169.99,36,9.69,Business,1,Bengaluru,1
LN100796,2023-06-12,47.0,F,married,3,Salaried,128528.57,606.0,206628.81,12,13.4,Car,1,pune,0
LN101460,26-Aug-2017,44.0,MALE,Married,3,UNEMPLOYED,35167.09,695.0,277514.78,12,6.85,personal,0,Bangalore,0
LN100217,03-Oct-2018,41.0,male,single,2,Unemployed,66833.73,,178246.9,48,11.11,biz,0,BANGALORE,1
LN101451,11-25-2015,25.0,Female,SINGLE,1,Salaried,49604.53,553.0,479050.67,120,13.05,housing,3,hyderabad,1
LN100254,2022-08-21,49.0,M,MARRIED,1,salaried,43450.8,699.0,939817.41,36,11.76,PERSONAL,0,HYDERABAD,1
LN100153,2015-04-27,46.0,m,,1,,37212.77,576.0,198320.14,60,10.49,BUSINESS,3,Pune,0
LN101622,2018-09-30,43.0,female,single,1,RETIRED,102586.44,599.0,308783.21,24,6.43,auto,0,DELHI,0
LN100448,19/07/2023,32.0,m,Marreid,0,retired,83882.01,694.0,849620.9,60,14.54,biz,1,Hyderabad,1
LN101003,08-Jun-2015,37.0,Male,SINGLE,2,Retired,43521.58,622.0,113499.21,60,9.7,business,1,Hyderabad,0
LN101615,2022-08-19,48.0,Female,Married,3,self employed,47311.81,491.0,283555.69,24,11.12,Personal,0,CHENNAI,1
LN101516,03-Nov-2019,5.0,M,married,1,Retired,131473.73,574.0,390335.3,48,8.24,HOME,0,Pune,0
LN101038,2018-07-11,28.0,male,Married,3,Salary,93882.03,653.0,105591.83,84,11.56,PERSONAL,2,Hyderabad,0
LN101171,20/03/2023,39.0,M,Divorced,1,Salaried,203401.82,748.0,186107.11,60,11.12,biz,1,Hyderabad,0
LN101698,05/01/2019,41.0,m,Divorced,1,Salary,165382.04,653.0,346464.11,36,11.02,BUSINESS,0,Madras,0
LN101298,23-Mar-2019,24.0,f,Single,1,RETIRED,68035.42,685.0,95326.45,84,11.87,Education,0,Bangalore,0
LN100531,2018-10-15,50.0,Female,divorced,1,unemployed,31062.17,686.0,254872.3,48,14.82,Home,0,Bangalore,1
LN101196,2022-09-05,45.0,m,married,1,UNEMPLOYED,54945.31,771.0,130440.44,12,13.13,BUSINESS,1,Delhi,0
LN101498,21/12/2020,48.0,MALE,married,2,unemployed,75947.87,649.0,85831.01,12,5.64,biz,4,Bangalore,0
LN100241,11-Jun-2017,35.0,F,divorced,1,Salaried,56297.01,799.0,330151.43,48,8.41,Education,0,pune,1
LN101681,17/08/2023,32.0,Male,divorced,1,Retired,56930.8,627.0,181157.62,48,10.03,auto,2,Hyderabad,0
LN101115,17-Oct-2019,33.0,female,DIVORCED,0,unemployed,54176.38,683.0,279806.99,36,13.39,home,0,New Delhi,1
LN100188,29/07/2017,27.0,Male,SINGLE,1,SALARIED,39534.21,654.0,177559.15,84,6.76,biz,0,pune,0
LN100247,2016-08-08,32.0,Male,Single,2,unemployed,20196.16,587.0,199359.52,84,13.38,Personal,0,HYDERABAD,1
LN100977,20/05/2020,44.0,female,Marreid,1,retired,136905.5,704.0,276743.91,120,12.59,Home Loan,2,DELHI,0
LN101858,2021-12-05,41.0,male,SINGLE,1,Retired,107182.42,712.0,399601.95,120,10.62,biz,0,HYDERABAD,1
LN101095,07/07/2017,51.0,female,Married,1,retired,41625.29,623.0,273007.71,120,15.42,education,0,bangalore,1
LN100973,20-Feb-2023,29.0,Female,divorced,3,Unemployed,38963.86,634.0,67921.83,84,5.94,,0,DELHI,0
LN100693,02-27-2020,17.0,F,single,1,UNEMPLOYED,76807.58,616.0,325062.69,24,7.0,CAR,1,bangalore,1
LN100303,12/12/2016,42.0,Female,SINGLE,1,Self-Employed,89198.85,526.0,120981.3,120,10.13,biz,1,Mumbai,0
LN100284,2016-11-18,39.0,m,MARRIED,0,,32130.17,686.0,275907.49,120,12.56,home,0,Bengaluru,0
LN101669,22/02/2018,32.0,FEMALE,DIVORCED,0,RETIRED,110851.24,676.0,212419.19,120,12.16,Personal,0,chennai,1
LN100506,15-Mar-2022,45.0,Male,divorced,1,salaried,88909.39,693.0,417832.53,24,11.1,Personal,0,delhi,1
LN100578,2016-10-29,31.0,female,,0,salaried,21221.4,640.0,203630.57,12,11.48,Edu,0,CHENNAI,1
LN100322,2022-12-22,38.0,male,Divorced,2,self employed,42772.59,779.0,42425.58,12,9.36,business,2,DELHI,0
LN101550,04-05-2016,39.0,m,Divorced,0,Unemployed,63846.11,562.0,241369.01,36,10.33,Education,1,pune,1
LN101321,2017-03-24,40.0,Female,single,0,retired,72281.34,719.0,362275.39,120,14.02,Education,1,BANGALORE,0
LN100921,2016-04-16,38.0,f,Single,3,RETIRED,29617.12,688.0,313733.9,60,9.58,home,2,delhi,0
LN100622,2015-03-26,45.0,F,single,0,Self-Employed,39215.76,683.0,-10000.0,84,12.18,Auto,2,chennai,1
LN101166,10/10/2021,37.0,m,DIVORCED,4,Self-Employed,36105.39,484.0,145972.91,36,7.59,PERSONAL,1,Bangalore,1
LN101160,09-04-2020,23.0,F,Single,2,self employed,41291.13,487.0,78978.66,120,13.56,home,1,pune,0
LN100123,05-Jun-2022,39.0,f,married,0,Self Employed,,595.0,248661.39,36,6.22,EDUCATION,3,HYDERABAD,1
LN101753,12-14-2020,65.0,MALE,single,1,RETIRED,62583.76,628.0,221775.06,60,12.0,Education,1,Delhi,0
LN100511,30/03/2018,46.0,MALE,SINGLE,1,RETIRED,57687.1,854.0,109474.04,36,12.55,Edu,1,Bengaluru,0
LN100281,05-21-2018,37.0,m,SINGLE,2,Unemployed,114927.04,762.0,190345.7,120,150.0,PERSONAL,1,DELHI,0
LN101314,30/09/2019,51.0,m,Married,0,salaried,89521.46,656.0,452416.45,1200,8.7,business,1,BANGALORE,1
LN101304,18-Sep-2017,39.0,male,Single,1,SALARIED,91898.41,732.0,204159.05,60,11.39,home,1,chennai,0
LN101455,06-16-2019,36.0,MALE,married,2,retired,38365.59,745.0,137868.16,60,10.87,Business,4,Bangalore,0
LN101051,21-Sep-2019,52.0,f,divorced,1,unemployed,34302.69,733.0,705996.62,84,14.64,Education,0,Mumbai,1
LN101083,18-Dec-2016,30.0,m,,1,RETIRED,45446.96,456.0,232604.3,36,12.05,Auto,1,bangalore,1
LN101718,30/08/2016,36.0,Male,SINGLE,3,SALARIED,71159.53,662.0,191420.17,12,12.28,personal,0,Chennai,0
LN100757,30-Sep-2017,48.0,male,divorced,0,Salary,21020.44,552.0,154123.05,60,9.08,education,1,Hyderabad,0
LN100678,2015-10-04,12.0,F,divorced,1,self employed,113145.98,572.0,181939.08,12,8.27,Home,0,pune,0
LN100519,17/09/2017,41.0,F,DIVORCED,2,SALARIED,137876.42,524.0,461299.85,36,11.54,personal,0,HYDERABAD,1
LN100842,2016-08-07,48.0,Female,,0,Salaried,,704.0,530221.56,48,7.37,car,2,DELHI,1
LN101584,17/09/2018,18.0,female,Divorced,1,Salary,65659.95,565.0,75221.72,36,7.04,education,3,bangalore,0
LN100068,2021-09-15,35.0,MALE,single,1,UNEMPLOYED,28190.41,881.0,207202.72,48,11.04,biz,0,Chennai,1
LN100333,05-27-2020,32.0,Female,DIVORCED,1,Self Employed,41338.36,688.0,209820.89,84,9.22,Business,0,chennai,0
LN100569,04-Mar-2023,38.0,male,single,1,RETIRED,23556.64,490.0,256972.02,48,9.85,education,0,hyderabad,0
LN100936,10-Dec-2016,36.0,female,Single,1,retired,85527.78,644.0,358526.97,48,8.92,EDUCATION,0,pune,0
LN101840,17-Apr-2015,40.0,Female,Single,0,Salaried,33776.69,598.0,117749.14,60,10.01,CAR,1,Pune,0
LN101503,25/08/2017,48.0,MALE,divorced,1,Self-Employed,83610.83,546.0,68074.0,24,8.82,Education,0,hyderabad,0
LN101082,2022-09-04,41.0,male,MARRIED,1,Salary,50000000.0,745.0,303631.02,60,13.06,business,1,Bombay,0
LN100473,02-May-2020,68.0,FEMALE,Marreid,0,RETIRED,42074.4,715.0,126063.13,12,4.73,car,0,PUNE,0
LN101199,02-04-2020,48.0,FEMALE,,1,SELF-EMPLOYED,103861.89,668.0,171711.96,36,13.53,Edu,0,chennai,0
LN100512,05-12-2022,25.0,f,divorced,2,Unemployed,49245.36,476.0,123995.03,12,18.65,business,0,Pune,1
LN100478,06-04-2020,44.0,F,married,1,RETIRED,66827.46,477.0,212157.77,84,9.59,Business,1,Delhi,1
LN100976,05-17-2021,32.0,F,SINGLE,0,UNEMPLOYED,25489.51,703.0,296132.39,12,9.15,Business,0,DELHI,0
LN101470,2023-04-01,53.0,f,,1,UNEMPLOYED,81454.3,450.0,181474.49,84,10.93,CAR,2,pune,1
LN100319,16/10/2017,45.0,M,Divorced,2,SALARIED,34128.11,702.0,150649.58,12,9.64,,2,HYDERABAD,0
LN101028,13-Feb-2019,40.0,M,single,2,salaried,25306.02,678.0,757929.97,84,4.99,PERSONAL,1,hyderabad,1
LN101808,06/12/2015,,M,Single,3,SELF-EMPLOYED,54544.0,708.0,192313.14,120,14.18,biz,0,Pune,0
LN101065,2018-05-04,42.0,Female,single,2,Unemployed,31205.62,734.0,269255.69,36,10.04,Personal,-1,CHENNAI,1
LN100582,2020-04-05,51.0,Male,Single,1,Salary,90582.39,619.0,56627.79,84,9.3,Car,0,Delhi,0
LN100133,16-Sep-2019,38.0,male,Single,0,Retired,46655.92,732.0,162236.08,36,11.8,Education,1,delhi,0
LN101814,09-27-2022,21.0,F,Single,2,Self Employed,59413.9,626.0,207475.46,120,8.64,Auto,1,Delhi,0
LN101412,09-06-2015,32.0,f,DIVORCED,2,Unemployed,30902.54,803.0,136103.81,60,13.03,business,3,,1
LN101344,17-Mar-2016,31.0,MALE,Married,0,self employed,31808.75,478.0,290191.64,24,10.18,housing,2,delhi,0
LN101427,05-24-2019,62.0,FEMALE,SINGLE,0,UNEMPLOYED,75510.65,,180195.82,36,11.09,Home Loan,4,delhi,0
LN100605,08-29-2020,45.0,F,Single,1,,46112.45,798.0,1177770.61,60,13.12,Education,0,hyderabad,1
LN100369,07-Feb-2019,47.0,f,divorced,0,Self-Employed,32399.62,468.0,220035.6,120,13.38,biz,0,Hyderabad,1
LN100733,08-12-2017,43.0,Male,married,2,Retired,131422.45,691.0,304490.41,84,12.72,Home Loan,2,bangalore,0
LN101430,01-31-2018,13.0,male,DIVORCED,1,selfemployed,67426.28,663.0,607228.01,24,8.77,Car,1,Bombay,1
LN100126,10/01/2017,34.0,m,Divorced,2,SALARIED,61498.55,760.0,619320.13,120,6.39,biz,1,mumbai,1
LN100928,06-Sep-2021,41.0,F,MARRIED,2,unemployed,53790.83,654.0,176508.8,84,6.04,EDUCATION,4,PUNE,0
LN100833,01-30-2023,31.0,Male,Married,2,selfemployed,36448.25,708.0,237969.6,24,7.03,biz,3,PUNE,0
LN101547,04-Aug-2018,33.0,FEMALE,Married,2,salaried,78943.74,687.0,158931.54,60,10.16,Education,0,Madras,0
LN100257,25-Jul-2020,41.0,Female,single,0,SALARIED,42243.02,641.0,406919.2,24,10.45,Business,2,Bangalore,0
LN100551,2022-11-23,49.0,f,Single,1,Salary,48145.81,719.0,205707.07,24,5.48,Personal,0,BANGALORE,0
LN101310,2019-10-04,44.0,MALE,Single,1,unemployed,56401.44,758.0,55977.68,84,11.11,personal,1,hyderabad,0
LN100290,2019-01-17,46.0,F,Marreid,3,Self-Employed,28025.3,716.0,215282.97,84,9.08,biz,0,Mumbai,0
LN101345,19-Nov-2019,56.0,Male,divorced,1,unemployed,51722.23,623.0,150302.12,24,6.46,business,1,,0
LN100778,2016-11-29,40.0,female,SINGLE,1,Retired,27588.28,632.0,334773.84,36,12.93,business,0,mumbai,0
LN100082,19/08/2016,42.0,M,Single,1,Salaried,54385.01,674.0,81330.47,48,7.76,EDUCATION,4,BANGALORE,0
LN100054,01-04-2018,30.0,m,divorced,1,UNEMPLOYED,65205.52,581.0,56194.97,48,6.12,personal,0,HYDERABAD,0
LN101226,12-28-2015,23.0,m,DIVORCED,2,Retired,33686.61,580.0,464682.8,36,5.26,Personal,3,HYDERABAD,1
LN101134,2023-05-03,31.0,f,married,0,self employed,21589.3,683.0,43437.97,48,14.99,car,1,Hyderabad,0
LN100558,17-Sep-2019,41.0,male,SINGLE,1,SALARIED,38753.03,668.0,183926.33,48,13.86,business,0,CHENNAI,0
LN100449,26-Dec-2017,39.0,MALE,Divorced,2,RETIRED,78297.98177062735,,107480.89,48,13.23,business,0,Mumbai,0
LN100041,21-Dec-2016,41.0,MALE,married,2,retired,56351.35,429.0,105777.63,84,10.67,Home,5,chennai,0
LN101103,2020-06-20,21.0,M,DIVORCED,2,UNEMPLOYED,18473.85,816.0,161490.5,36,7.69,Edu,0,delhi,0
LN101184,03-Sep-2022,40.0,M,MARRIED,2,Salaried,23741.78,563.0,112586.98,60,9.01,Personal,2,Bangalore,0
LN100262,31/08/2023,27.0,f,Divorced,0,UNEMPLOYED,78168.05,593.0,98160.7,24,8.73,personal,2,pune,0
LN100669,09-15-2017,45.0,m,SINGLE,0,UNEMPLOYED,83696.86,715.0,235319.67,24,11.12,Car,2,DELHI,0
LN100985,03-09-2017,31.0,f,divorced,2,Salaried,120663.89,831.0,716278.26,60,10.42,biz,1,Bengaluru,0
LN100084,07/08/2022,53.0,male,single,0,RETIRED,54083.12,742.0,70270.53,60,11.8,Education,0,CHENNAI,0
LN101514,2015-08-08,23.0,male,Married,1,salaried,106261.2,665.0,218289.01,12,5.91,personal,3,chennai,0
LN101272,02-13-2015,38.0,Male,Single,2,SALARIED,65602.25,487.0,400582.58,24,9.77,personal,0,hyderabad,1
LN101634,2022-03-23,37.0,FEMALE,Marreid,2,Salaried,38074.12,677.0,158266.52,12,9.6,PERSONAL,1,Pune,0
LN101230,2017-06-07,28.0,MALE,SINGLE,0,Unemployed,130748.93,578.0,86218.05,48,11.96,car,1,Pune,0
LN100893,2018-01-31,54.0,male,Divorced,3,Unemployed,39242.94,794.0,371122.85,24,10.54,personal,0,Hyderabad,1
LN100031,25/09/2016,31.0,M,,0,self employed,41038.08,735.0,549511.61,120,12.09,Edu,1,PUNE,1
LN100514,11/10/2023,40.0,m,Divorced,1,selfemployed,39215.99,631.0,257109.49,12,14.12,personal,3,MUMBAI,0
LN101052,15/05/2021,29.0,f,married,0,RETIRED,27027.96,608.0,194934.99,120,11.82,,2,bangalore,0
LN101359,2020-09-23,47.0,M,single,3,Self-Employed,54465.23,577.0,273578.07,24,9.79,housing,1,pune,0
LN101762,2022-05-27,31.0,M,Married,3,selfemployed,95714.47,466.0,367225.72,36,9.14,education,0,chennai,1
LN101485,02-Sep-2017,32.0,male,Marreid,1,UNEMPLOYED,17585.22,567.0,77719.91,12,11.04,PERSONAL,1,Pune,1
LN101280,18/01/2017,40.0,female,DIVORCED,1,Salary,,633.0,355997.99,48,10.31,Auto,0,DELHI,0
LN101480,11-07-2018,56.0,FEMALE,Marreid,0,selfemployed,280638.83,621.0,151681.05,24,6.09,business,0,Hyderabad,0
LN101676,11-29-2017,30.0,F,SINGLE,2,self employed,64380.78,563.0,174093.94,12,11.97,education,1,Madras,1
LN101610,05-Aug-2015,27.0,m,Marreid,2,Salaried,103725.79,733.0,83080.84,48,11.11,CAR,1,CHENNAI,0
LN101576,11-21-2023,41.0,male,MARRIED,2,unemployed,44736.2,538.0,310477.52,24,12.39,Personal,1,hyderabad,1
LN101934,30/12/2021,40.0,F,SINGLE,0,salaried,39055.9,866.0,182659.53,36,12.05,BUSINESS,2,Hyderabad,0
LN101975,16-Jul-2019,28.0,male,SINGLE,1,Salary,113194.16,504.0,255868.58,48,13.07,PERSONAL,0,Mumbai,0
LN100049,08-02-2015,64.0,FEMALE,Single,0,,41966.96,593.0,42852.06,36,13.55,Personal,2,HYDERABAD,0
LN100872,2022-07-03,24.0,M,divorced,1,Retired,65111.08930027533,647.0,144549.86,24,14.05,home,3,Madras,0
LN101956,04-Mar-2020,23.0,Female,Single,3,salaried,104869.01,593.0,228251.14,36,11.89,Home Loan,1,delhi,0
LN100468,25/09/2023,42.0,m,divorced,1,SELF-EMPLOYED,30304.68,662.0,182963.85,36,7.75,housing,2,delhi,0
LN100894,09/12/2017,50.0,m,SINGLE,1,Salaried,108469.42,588.0,348302.71,24,13.3,Home,0,MUMBAI,1
LN100154,03-14-2022,28.0,female,Divorced,1,RETIRED,45815.54,693.0,76433.52,12,11.57,PERSONAL,1,pune,0
LN101651,15-Feb-2018,26.0,f,married,1,self employed,45654.49,677.0,113858.07,60,8.36,HOME,3,DELHI,0
LN101976,2023-09-14,54.0,m,Divorced,2,self employed,58925.96,606.0,261819.37,84,14.45,personal,0,CHENNAI,0
LN100395,04-21-2016,41.0,FEMALE,single,1,Retired,53948.69,695.0,547497.95,84,12.7,PERSONAL,2,New Delhi,1
LN100124,10-01-2019,39.0,M,Single,2,RETIRED,64321.49,654.0,204518.6,24,8.89,Business,1,HYDERABAD,0
LN100356,2015-01-31,63.0,M,Divorced,0,Self Employed,23395.01,763.0,443524.63,48,8.08,home,1,PUNE,1
LN100135,28-Jun-2015,38.0,m,DIVORCED,0,Unemployed,25440.1,554.0,160547.11,24,9.17,Business,0,Madras,0
LN100269,08-05-2022,45.0,male,married,1,Unemployed,53081.27,631.0,294294.72,120,6.59,Edu,4,Pune,1
LN100386,01-02-2017,46.0,f,Single,2,UNEMPLOYED,32326.65,637.0,344869.58,60,11.89,PERSONAL,1,,1
LN100610,2019-09-25,38.0,Male,married,1,self employed,40705.17,517.0,238070.14,48,16.68,Edu,1,Madras,1
LN100221,28-Dec-2020,44.0,female,Marreid,1,retired,44190.33,706.0,81750.19,24,8.91,biz,2,pune,0
LN100042,22-Feb-2021,22.0,Male,SINGLE,3,Retired,64070.92,745.0,584761.7,12,8.52,BUSINESS,1,Madras,1
LN100220,07-24-2016,57.0,MALE,SINGLE,0,SELF-EMPLOYED,,714.0,80395.13,84,8.13,Home Loan,2,hyderabad,1
LN100598,12-15-2018,34.0,m,single,0,Salary,51963.11,746.0,69246.38,48,5.1,biz,1,,0
LN101317,09/03/2020,15.0,male,married,0,Salary,34116.63,599.0,175825.85,48,11.4,auto,1,Bengaluru,0
LN101476,09-24-2023,51.0,FEMALE,Divorced,0,Salaried,51322.22,589.0,72669.59,48,9.61,CAR,0,Pune,1
LN101696,2017-10-26,19.0,FEMALE,,2,SALARIED,23832.27,411.0,154117.86,84,10.59,Personal,0,Bengaluru,1
LN100681,05-31-2021,25.0,F,divorced,0,Salary,51768.73,684.0,87233.92,24,13.78,home,0,Hyderabad,0
LN100869,22-May-2016,33.0,Male,single,2,SELF-EMPLOYED,45917.41,676.0,53300.19,36,6.29,Edu,0,Hyderabad,0
LN101497,2023-04-13,46.0,m,divorced,3,Self-Employed,46726.39,597.0,209749.63,24,6.25,Business,2,New Delhi,0
LN100929,27-Sep-2017,31.0,f,Single,0,salaried,57844.84,577.0,96954.17,12,4.81,CAR,1,Chennai,0
LN100542,18/10/2015,16.0,Female,Divorced,2,Salaried,42853.47,648.0,603879.14,36,13.87,Car,2,Chennai,1
LN101496,2017-02-18,35.0,M,married,0,Unemployed,30046.12,718.0,471113.0,120,10.9,auto,1,delhi,1
LN101227,26-Feb-2019,37.0,f,divorced,0,SALARIED,37354.51,602.0,380547.18,60,13.32,personal,2,hyderabad,1
LN101434,11-06-2017,52.0,MALE,MARRIED,1,SELF-EMPLOYED,21873.9,784.0,166450.24,1200,7.55,Car,1,mumbai,0
LN101984,09-Jan-2019,17.0,Male,SINGLE,1,Self Employed,49535.3,464.0,108384.34,24,12.97,Business,1,DELHI,1
LN101569,10-02-2019,39.0,FEMALE,single,2,SALARIED,37226.42,774.0,456636.67,48,14.55,Car,1,Bengaluru,1
LN101892,2020-07-01,50.0,female,DIVORCED,0,self employed,56187.92,607.0,182097.42,120,12.09,biz,2,BANGALORE,0
LN101354,12-31-2023,29.0,Male,Marreid,1,SELF-EMPLOYED,26338.58,607.0,130922.84,60,3.87,Home Loan,1,Delhi,1
LN101472,18-Apr-2015,43.0,m,single,1,retired,56249.18,644.0,139912.09,24,9.09,auto,2,Hyderabad,0
LN101319,21-Jan-2023,43.0,FEMALE,SINGLE,3,RETIRED,90999.64,568.0,140465.65,48,6.19,BUSINESS,0,PUNE,0
LN101661,02-04-2015,999.0,FEMALE,Divorced,2,Self Employed,105281.12,477.0,314627.1,48,7.12,auto,1,CHENNAI,0
LN101922,2017-06-03,30.0,Female,Divorced,1,Salary,26932.07,592.0,64267.48,36,13.05,Home Loan,0,Chennai,0
LN101880,09-Jul-2022,27.0,Male,divorced,2,RETIRED,74628.96,666.0,387307.08,36,7.56,Education,4,Delhi,1
LN101289,02-27-2017,40.0,female,Marreid,2,unemployed,49230.1,648.0,123542.43,120,7.8,HOME,2,Chennai,0
LN101921,25-Jan-2017,47.0,male,divorced,2,salaried,107456.66,679.0,213462.41,24,5.96,Business,1,DELHI,0
LN101375,2020-07-31,42.0,f,Married,0,unemployed,51050.57,666.0,176015.9,48,13.99,personal,0,HYDERABAD,0
LN100582,2020-04-05,51.0,Male,Single,1,Salary,90614.5364264569,616.0,56627.79,84,9.3,Car,0,Delhi,0
LN101935,2015-01-30,38.0,male,Marreid,1,Self Employed,40051.57,653.0,50343.42,120,6.36,auto,2,chennai,0
LN100337,02-12-2020,37.0,m,DIVORCED,1,Salaried,47200.85,827.0,75343.16,48,12.52,education,1,HYDERABAD,0
LN100233,30-Aug-2019,37.0,male,DIVORCED,3,RETIRED,61537.23,719.0,98616.52,48,11.58,personal,1,hyderabad,0
LN100675,15/10/2022,36.0,male,divorced,2,SELF-EMPLOYED,27051.26,801.0,111720.2,120,13.19,auto,1,Pune,0
LN101981,2023-08-07,24.0,Male,DIVORCED,1,Retired,64908.64,506.0,545519.58,120,11.55,Home Loan,2,mumbai,1
LN100159,13-Sep-2021,54.0,f,MARRIED,1,Retired,42806.2,648.0,117824.54,12,3.73,Home,0,BANGALORE,0
LN100469,10-21-2017,3.0,F,Marreid,3,Retired,52277.77,600.0,259754.27,48,17.0,business,0,Chennai,1
LN100954,27/03/2019,19.0,MALE,Divorced,1,UNEMPLOYED,72973.91,772.0,169849.62,120,9.49,CAR,1,New Delhi,0
LN100873,07-03-2019,46.0,FEMALE,married,1,Retired,63401.2,549.0,43700.04,36,12.25,Home Loan,0,chennai,0
LN101703,05-07-2015,29.0,male,Married,2,Unemployed,47252.62,562.0,408486.53,36,5.57,personal,2,bangalore,1
LN101084,30-Sep-2017,40.0,M,Married,1,Self Employed,65772.96,748.0,337470.52,84,9.51,auto,2,Madras,0
LN101583,2017-10-08,38.0,Male,Divorced,2,retired,70971.89,631.0,103162.39,84,10.1,Business,1,New Delhi,0
  LN101181  ,25/07/2023,38.0,M,Divorced,1,RETIRED,23384.06,548.0,348761.07,120,6.55,EDUCATION,0,Bombay,1
LN100586,2019-07-28,38.0,MALE,single,0,salaried,84618.03,643.0,34009.85,36,10.54,Personal,0,Pune,0
LN100206,2015-08-18,49.0,M,Marreid,2,Salaried,35176.72,635.0,385185.44,84,10.32,personal,1,pune,1
LN100004,03-11-2021,31.0,f,divorced,1,Unemployed,78725.3,676.0,127402.7,36,7.94,Business,1,Chennai,0
LN101806,2021-10-31,36.0,male,SINGLE,2,Self-Employed,29879.58,701.0,118515.58,120,10.05,biz,0,HYDERABAD,0
LN100987,11/01/2021,39.0,M,Marreid,2,RETIRED,73636.28,643.0,662540.36,36,16.33,Personal,0,Pune,1
LN101654,09-08-2019,40.0,female,SINGLE,0,salaried,38409.71,653.0,273847.54,48,6.89,Car,2,Mumbai,1
LN101945,2023-04-03,39.0,male,divorced,3,salaried,18331.43,793.0,143697.16,120,12.35,Education,0,Pune,0
LN101279,11/11/2015,,F,SINGLE,1,Self-Employed,82659.93,565.0,608683.26,24,6.63,Edu,0,delhi,1
LN101629,24/11/2022,32.0,FEMALE,,0,Unemployed,46681.47,756.0,709359.39,36,15.19,Home Loan,0,New Delhi,1
LN100694,25-Jun-2020,45.0,Male,married,2,Retired,49463.23,650.0,131398.42,12,13.31,PERSONAL,0,HYDERABAD,0
LN101815,06-Jan-2023,46.0,m,single,3,Salaried,51274.02,649.0,247555.09,120,13.3,home,0,bangalore,0
LN101739,2018-12-14,20.0,Male,single,2,Retired,54852.79,556.0,112563.31,120,13.15,home,0,Pune,0
LN100715,09/12/2017,41.0,m,married,1,Unemployed,40966.95,715.0,103600.64,48,11.13,CAR,1,mumbai,0
LN101267,10-Oct-2022,33.0,f,SINGLE,0,selfemployed,51606.51,697.0,138757.36,12,9.57,auto,0,mumbai,0
LN101190,20-Aug-2022,28.0,Male,married,1,SELF-EMPLOYED,36814.81,528.0,300694.58,12,6.17,BUSINESS,1,MUMBAI,1
ln100340,16/02/2020,41.0,MALE,Divorced,2,SALARIED,89695.32,752.0,134385.67,48,14.81,Car,2,chennai,0
LN100884,2015-12-25,43.0,m,SINGLE,0,retired,57082.11,554.0,307533.59,24,10.65,PERSONAL,0,Bangalore,1
LN101641,08-10-2022,36.0,Male,Single,1,retired,84332.36,760.0,459921.13,24,9.34,auto,2,DELHI,0
LN101567,08-30-2021,39.0,F,Marreid,1,UNEMPLOYED,59512.63,597.0,473455.55,60,9.97,Personal,2,Delhi,1
LN101847,05/08/2022,,male,Single,2,SELF-EMPLOYED,55505.16,556.0,121178.78,36,12.06,PERSONAL,2,Bangalore,0
LN101261,07-Nov-2019,40.0,Female,Marreid,0,self employed,66814.45,651.0,227100.44,12,10.27,Personal,3,New Delhi,0
LN101114,21-Jul-2017,24.0,male,single,3,SALARIED,42425.18,547.0,137716.11,84,9.32,car,2,BANGALORE,0
LN100158,2020-07-30,41.0,M,Marreid,0,Unemployed,52091.26,562.0,106434.06,24,12.07,biz,0,CHENNAI,0
LN100232,2019-01-10,43.0,m,,0,SELF-EMPLOYED,113237.9,649.0,317463.83,48,7.72,CAR,2,Chennai,0
LN100524,04-Nov-2021,44.0,F,Single,1,SALARIED,17329.81,710.0,93369.0,48,11.83,Personal,2,chennai,0
LN100463,24/04/2020,54.0,MALE,divorced,0,,34553.09,556.0,316715.21,36,8.61,education,1,Madras,0
LN100653,2020-12-03,36.0,FEMALE,DIVORCED,2,RETIRED,85481.08,711.0,530410.51,12,10.09,biz,1,Mumbai,1
LN100161,2016-06-11,20.0,M,SINGLE,2,Unemployed,87760.75,583.0,112738.17,60,11.6,PERSONAL,1,Bangalore,0
LN100306,05/04/2022,51.0,Female,Single,1,Unemployed,,472.0,90941.3,120,10.44,auto,2,mumbai,1
LN100657,19/08/2017,43.0,female,Marreid,1,self employed,29805.78,609.0,313739.64,84,12.34,Home Loan,0,CHENNAI,1
LN100548,2019-09-08,50.0,female,SINGLE,1,Self Employed,49341.54,633.0,184056.15,12,14.88,auto,3,Mumbai,1
LN100714,08-06-2016,32.0,female,Married,1,SALARIED,43331.62,634.0,303322.54,24,15.12,Education,0,Pune,1
LN100396,10-13-2017,44.0,female,single,3,Self Employed,37268.35,,115585.93,12,5.93,Business,1,hyderabad,0
LN100784,2023-05-18,17.0,M,divorced,3,SELF-EMPLOYED,67159.04,631.0,501280.62,36,10.0,auto,1,bangalore,1
LN100400,08-20-2020,56.0,FEMALE,Married,5,,123247.44,538.0,90625.67,120,10.17,biz,0,Chennai,0
LN100799,08-20-2021,51.0,Male,married,2,Self-Employed,11988.4,653.0,89250.98,84,8.9,education,0,mumbai,0
LN101948,05-Nov-2022,33.0,f,DIVORCED,1,UNEMPLOYED,51216.27,692.0,219137.88,12,11.45,auto,1,MUMBAI,0
LN100619,10-02-2021,43.0,F,MARRIED,0,Retired,72766.26,496.0,189684.86,48,11.58,Business,0,BANGALORE,0
LN101624,24-Jun-2015,38.0,m,Divorced,2,Self-Employed,84440.59,718.0,762887.76,24,11.46,BUSINESS,0,Bangalore,1
LN100509,2020-10-18,39.0,F,Divorced,3,Salary,51478.19,689.0,358860.01,60,12.18,auto,1,BANGALORE,1
LN101797,03/09/2020,55.0,male,Divorced,0,selfemployed,14330.8,806.0,129961.42,120,11.07,Personal,1,pune,0
LN100737,11-21-2018,44.0,f,SINGLE,1,retired,,625.0,60241.33,60,12.9,Home,1,BANGALORE,1
LN101201,01-Mar-2020,45.0,f,MARRIED,3,SELF-EMPLOYED,30482.98,659.0,326261.38,48,9.02,Auto,1,Madras,1
LN101955,04/07/2016,44.0,Male,,1,salaried,65163.24,349.0,126443.36,60,6.76,auto,1,Pune,0
LN101632,2022-01-11,63.0,Male,MARRIED,1,SELF-EMPLOYED,41929.89,696.0,199469.55,36,7.76,Home,1,pune,0
LN100868,06-19-2021,34.0,MALE,Single,0,Salary,53960.21,674.0,248732.05,60,10.58,education,1,DELHI,0
LN100460,2018-07-24,20.0,male,DIVORCED,0,UNEMPLOYED,43708.98,627.0,308238.63,60,11.14,Auto,1,mumbai,1
LN101402,22/09/2018,18.0,male,Married,2,Salaried,,711.0,252167.32,120,15.56,Education,2,Bengaluru,0
LN100063,13/11/2023,18.0,m,Married,0,Unemployed,103571.98,708.0,191202.95,24,11.84,biz,1,PUNE,0
LN101931,2017-09-02,34.0,m,married,1,selfemployed,45648.52,660.0,194451.77,84,11.44,Car,0,Bengaluru,0
LN100872,2022-07-03,24.0,M,divorced,1,Retired,65477.05,644.0,144549.86,24,14.05,home,3,Madras,0
LN101163,2016-08-18,41.0,M,married,2,Salary,21422.14,708.0,558018.93,24,8.22,car,1,chennai,1
LN101668,27-Feb-2019,41.0,FEMALE,divorced,1,UNEMPLOYED,30761.05,759.0,347650.67,36,13.75,CAR,2,Bombay,1
LN100458,09-Mar-2023,23.0,m,MARRIED,2,Unemployed,60312.65,707.0,79132.58,48,10.08,,0,Mumbai,0
LN101026,01-23-2015,29.0,male,single,0,Retired,23469.62,657.0,204977.22,84,15.54,car,1,Chennai,1
LN100479,31-Jul-2020,35.0,F,DIVORCED,0,Unemployed,31541.26,666.0,300253.6,48,10.53,PERSONAL,0,HYDERABAD,1
LN101740,19/12/2016,44.0,F,SINGLE,0,selfemployed,51591.1,731.0,771655.82,60,9.69,Home Loan,2,delhi,1
LN101559,10-23-2019,30.0,male,single,1,unemployed,126618.52,791.0,275711.94,120,5.86,CAR,1,Delhi,0
LN100871,2022-11-06,47.0,f,Divorced,2,retired,64234.44,,152839.51,84,9.03,Business,1,Hyderabad,0
LN100791,07-Dec-2016,28.0,female,Marreid,1,Salaried,35353.81,590.0,187080.53,24,11.18,personal,1,HYDERABAD,0
LN100618,28-Sep-2023,48.0,male,SINGLE,2,RETIRED,52205.51,607.0,79760.8,36,8.32,Personal,0,Bangalore,0
LN101960,21/04/2016,17.0,MALE,Married,1,Unemployed,55466.96,697.0,66012.06,36,7.3,personal,0,Bengaluru,0
LN101449,27-Jan-2015,27.0,f,Married,3,UNEMPLOYED,135665.06,702.0,196454.77,24,9.39,Auto,0,Mumbai,0
LN101491,2015-06-11,44.0,M,divorced,2,Salaried,64935.16,532.0,247133.37,60,14.55,Education,2,Mumbai,1
LN101842,04-13-2015,32.0,m,divorced,1,Retired,40143.58,753.0,244101.69,60,8.72,Personal,0,Mumbai,0
LN101710,27/03/2016,53.0,female,divorced,1,SALARIED,57040.98,698.0,188928.15,24,13.78,home,1,Bengaluru,0
LN100348,29-Apr-2023,56.0,female,,1,SALARIED,20459.07,689.0,277285.09,36,8.61,Edu,1,delhi,0
LN101546,28-May-2021,36.0,F,married,1,UNEMPLOYED,32279.88,755.0,97477.19,60,11.95,Home Loan,1,bangalore,1
LN101258,2022-05-01,21.0,M,SINGLE,1,self employed,135967.79,613.0,174658.41,12,8.69,Education,1,BANGALORE,0
  LN101151  ,08-Sep-2018,29.0,FEMALE,SINGLE,1,Salaried,35828.04,875.0,704188.4,120,15.48,EDUCATION,1,HYDERABAD,1
LN100761,02-22-2015,45.0,Female,,1,Unemployed,30196.29,629.0,558501.66,48,8.38,car,0,Mumbai,1
LN100955,13/11/2019,40.0,male,SINGLE,2,,76568.33,539.0,123508.58,84,11.55,education,3,mumbai,1
LN100447,05-Dec-2015,31.0,FEMALE,single,1,salaried,,633.0,104928.28,12,9.75,Personal,0,MUMBAI,0
LN100651,04-04-2017,32.0,male,single,1,SELF-EMPLOYED,29388.93,675.0,30570.87,12,5.75,Home Loan,0,Pune,0
LN101297,24-May-2019,44.0,female,divorced,0,selfemployed,45604.24,653.0,426158.19,12,10.66,Auto,0,bangalore,1
LN101891,2020-09-28,32.0,male,Single,1,Retired,60024.9,562.0,358897.63,60,13.7,Personal,3,PUNE,1
LN100380,11-Nov-2020,25.0,FEMALE,single,1,salaried,62553.67,756.0,278350.3,24,10.39,Car,0,delhi,0
LN100565,2018-06-15,38.0,m,Divorced,2,retired,36245.5,619.0,46163.53,36,13.92,,1,Mumbai,0
LN101346,2015-09-28,46.0,female,MARRIED,4,RETIRED,30625.52,461.0,726596.33,12,9.21,Auto,2,MUMBAI,1
LN100957,2016-07-18,43.0,female,SINGLE,1,selfemployed,48319.56,678.0,231072.77,24,14.37,EDUCATION,2,PUNE,0
LN100368,2015-03-18,36.0,male,married,2,SALARIED,46482.51,739.0,654888.86,48,6.09,Education,1,Hyderabad,1
LN101954,18/03/2015,50.0,Female,married,0,unemployed,,735.0,52172.73,120,9.01,Home Loan,1,Bangalore,0
LN100232,2019-01-10,43.0,m,,0,SELF-EMPLOYED,113237.9,649.0,317463.83,48,7.72,CAR,2,Chennai,0
LN101749,13/06/2022,45.0,female,SINGLE,1,Retired,52213.7,787.0,575283.59,36,8.44,Auto,2,MUMBAI,1
LN100383,08-Nov-2017,22.0,FEMALE,DIVORCED,1,UNEMPLOYED,65885.56,,173377.53,120,9.64,Business,0,chennai,0
LN101447,07/02/2016,45.0,F,married,2,RETIRED,73941.6,566.0,83926.69,60,8.19,housing,1,Madras,0
LN100073,2016-05-12,41.0,FEMALE,SINGLE,1,salaried,26224.34,733.0,174655.11,60,9.43,CAR,0,Madras,1
LN101400,07/12/2023,38.0,male,SINGLE,1,retired,40916.26,718.0,542038.22,84,13.4,,2,Pune,1
LN101139,06-29-2022,,F,,1,Self Employed,41116.71,756.0,417924.64,84,14.03,biz,0,Hyderabad,1
LN100172,31/07/2021,39.0,m,divorced,0,UNEMPLOYED,129244.92,559.0,123695.54,24,12.54,Car,3,PUNE,0
LN101091,10/06/2018,35.0,male,MARRIED,0,Unemployed,44807.1,,321349.67,120,9.1,BUSINESS,0,hyderabad,1
LN100169,02-16-2018,52.0,f,DIVORCED,0,UNEMPLOYED,46210.66,459.0,129900.57,60,14.89,Edu,0,mumbai,0
LN101551,2018-12-21,40.0,MALE,single,1,self employed,40680.09,720.0,73260.18,48,7.78,business,3,BANGALORE,0
LN100273,01-31-2018,42.0,FEMALE,divorced,1,Salary,44256.8,807.0,597861.15,120,9.6,CAR,0,mumbai,1
LN100421,05/01/2016,19.0,male,Single,2,SALARIED,49819.67,388.0,300736.83,12,11.22,PERSONAL,1,delhi,1
LN101781,03-12-2015,61.0,M,Single,0,RETIRED,63207.77,531.0,0.0,24,6.54,BUSINESS,0,Hyderabad,0
LN101678,10/02/2017,53.0,FEMALE,divorced,8,Retired,92592.1,0.0,250921.07,24,9.21,PERSONAL,1,BANGALORE,1
LN100057,20/04/2018,43.0,MALE,Marreid,0,RETIRED,108019.5,639.0,215261.88,12,9.22,personal,0,Delhi,0
LN101165,12/11/2015,16.0,F,single,0,unemployed,70513.63,1200.0,275671.07,84,14.91,education,1,Bengaluru,0
LN101232,2016-03-10,33.0,MALE,Single,0,retired,42464.98,662.0,133881.23,24,8.46,PERSONAL,3,DELHI,1
LN101351,03-Apr-2018,25.0,f,Divorced,2,SELF-EMPLOYED,67140.5,593.0,95231.85,60,13.4,PERSONAL,0,PUNE,0
LN100039,18/01/2016,62.0,FEMALE,SINGLE,4,selfemployed,32723.57,574.0,130669.32,48,4.63,Car,1,Bengaluru,0
LN100307,2021-09-28,36.0,M,Married,0,,60464.09,572.0,486808.18,84,14.13,Personal,2,Hyderabad,1
LN100007,05-12-2015,30.0,FEMALE,DIVORCED,0,UNEMPLOYED,66558.61,742.0,381511.43,24,8.48,,2,delhi,1
LN100783,07-Feb-2015,31.0,FEMALE,Divorced,1,unemployed,57730.23,597.0,262847.92,120,7.04,business,3,New Delhi,1
LN100409,08/11/2018,,M,DIVORCED,2,RETIRED,19053.29,609.0,96003.07,120,9.18,,2,delhi,0
LN101424,2015-05-23,35.0,MALE,SINGLE,2,self employed,82008.68,655.0,905385.25,84,10.52,education,0,New Delhi,1
LN100782,13/08/2021,52.0,Male,single,1,Unemployed,32977.08,718.0,452223.46,84,12.44,Business,1,Bangalore,1
LN100535,2015-09-16,34.0,F,Single,2,salaried,25595.74,845.0,90467.1,120,14.28,housing,0,MUMBAI,0
LN100584,2017-09-17,39.0,male,single,0,UNEMPLOYED,29501.19,501.0,145358.8,12,13.94,auto,2,HYDERABAD,1
LN101318,01-03-2015,,Male,DIVORCED,0,self employed,36766.62,562.0,275473.5,48,13.73,Home,2,chennai,1
LN101683,29-Jan-2022,30.0,m,Divorced,1,Retired,62393.05,562.0,144627.31,36,7.79,business,0,PUNE,0
LN101992,05-Apr-2016,,F,SINGLE,0,Salaried,9900.77,605.0,204097.18,84,10.59,Home Loan,2,PUNE,1
LN101296,10/07/2021,41.0,M,DIVORCED,3,Self Employed,14252.23,744.0,140624.91,120,7.0,BUSINESS,2,Bombay,1
LN101168,09-19-2015,38.0,Male,,2,RETIRED,37009.09,522.0,231080.72,12,14.22,Edu,0,Hyderabad,1
LN101129,28/04/2023,34.0,M,Single,1,UNEMPLOYED,49893.01,584.0,178952.74,12,9.53,Personal,1,mumbai,0
LN100814,08/07/2020,29.0,Male,Marreid,2,UNEMPLOYED,43285.64,728.0,246681.92,36,14.48,Education,0,New Delhi,0
LN100317,07/05/2017,33.0,MALE,MARRIED,1,UNEMPLOYED,44216.03,704.0,434001.52,120,14.16,Home,0,CHENNAI,1
LN100653,2020-12-03,36.0,FEMALE,DIVORCED,2,RETIRED,86249.01191269825,707.0,530410.51,12,10.09,biz,1,Mumbai,1
LN101818,12-19-2015,38.0,f,MARRIED,1,unemployed,35376.42,637.0,175242.88,84,10.98,Edu,1,Hyderabad,1
LN100517,04-27-2020,36.0,F,Divorced,1,RETIRED,59853.72,682.0,282943.21,48,11.87,PERSONAL,0,hyderabad,0
LN101128,2023-07-20,47.0,male,married,2,selfemployed,71585.81,704.0,163374.78,12,6.86,business,2,Bombay,0
LN101761,2022-01-31,36.0,m,divorced,3,Unemployed,77555.99,608.0,149588.43,84,15.77,Car,5,DELHI,0
LN100534,10-12-2019,31.0,m,Marreid,1,Salaried,35958.25,568.0,646395.86,48,13.53,business,1,delhi,1
LN101706,02-Jun-2021,54.0,FEMALE,DIVORCED,0,unemployed,43283.91192645531,671.0,293898.78,48,12.77,personal,4,CHENNAI,0
LN100272,19-Nov-2016,55.0,male,MARRIED,0,Retired,75130.96,687.0,274938.3,12,11.13,Home,1,Chennai,0
LN100549,21/07/2020,37.0,f,divorced,1,Salary,52017.71,689.0,104476.94,12,12.94,,1,New Delhi,0
LN100965,19-Jul-2017,33.0,F,Single,1,Self Employed,,613.0,256590.95,12,12.67,car,1,Delhi,0
LN101792,06-26-2020,57.0,female,,2,Unemployed,51574.42,647.0,152504.08,60,10.45,Home Loan,0,DELHI,0
LN101721,2015-12-13,35.0,F,SINGLE,1,Unemployed,104210.49,777.0,360647.34,12,12.61,Edu,1,chennai,1
  LN100599  ,2019-04-08,22.0,Male,single,1,salaried,50750.09,727.0,60689.05,36,13.46,Business,2,hyderabad,0
LN101693,2018-02-03,38.0,female,Divorced,0,Salaried,77283.1,586.0,639580.92,120,6.85,Edu,2,hyderabad,1
LN100571,04-13-2019,32.0,FEMALE,SINGLE,1,selfemployed,75101.87,652.0,285401.18,48,8.06,business,0,mumbai,0
LN100075,21/04/2019,41.0,f,single,0,unemployed,20845.97,528.0,334464.11,48,11.51,Auto,2,Pune,1
LN100062,2021-06-21,33.0,female,Single,1,SALARIED,59198.43,718.0,104243.45,48,13.61,Home Loan,2,Chennai,0
LN101690,2015-03-11,55.0,female,married,1,self employed,58232.9292700764,604.0,87324.52,120,12.3,car,1,HYDERABAD,0
LN100810,23-Oct-2021,39.0,m,divorced,1,Self-Employed,44047.43,486.0,1253475.32,48,13.18,BUSINESS,0,Mumbai,1
LN100245,27/06/2016,53.0,female,Married,0,RETIRED,68917.8,,658919.1,84,10.44,home,2,Chennai,1
LN101050,09-24-2017,52.0,MALE,DIVORCED,2,RETIRED,19056.21,612.0,271998.41,120,12.37,PERSONAL,1,Madras,1
LN101158,2016-02-19,42.0,female,single,2,Retired,23670.31,704.0,308554.91,120,6.02,business,3,Bengaluru,1
LN101812,08-16-2023,39.0,Female,DIVORCED,0,UNEMPLOYED,35727.5,665.0,236235.97,24,9.43,Home Loan,0,Hyderabad,1
LN100106,26/01/2015,37.0,MALE,married,1,SALARIED,143076.56,805.0,269797.4,60,11.11,EDUCATION,0,Bengaluru,0
LN100674,17-Mar-2023,47.0,f,divorced,1,retired,44456.38,676.0,638629.52,84,4.63,personal,1,hyderabad,1
LN100643,06-07-2016,50.0,MALE,single,0,SALARIED,27179.8,705.0,61247.83,84,12.97,Home Loan,1,bangalore,0
LN101333,07-30-2015,35.0,male,single,2,Salary,38694.25,493.0,251936.2,120,11.45,EDUCATION,0,Madras,1
LN100666,07-08-2018,38.0,m,single,1,SALARIED,52662.2,603.0,104008.24,84,5.73,BUSINESS,0,HYDERABAD,0
LN100510,2021-11-16,44.0,male,DIVORCED,0,RETIRED,35904.8,611.0,416905.84,60,11.57,housing,2,pune,1
LN100132,2015-11-21,29.0,male,SINGLE,4,SALARIED,25194.56,484.0,283677.68,120,7.69,Auto,1,Chennai,0
LN100445,09-Feb-2022,54.0,Female,single,0,SALARIED,64192.41,604.0,54090.33,84,11.69,Personal,0,Mumbai,0
LN100867,08-05-2023,36.0,m,DIVORCED,2,salaried,39091.29,544.0,157966.35,24,14.32,Personal,1,delhi,0
ln101133,2023-01-13,37.0,M,Single,1,retired,34309.77,601.0,268112.84,24,6.84,EDUCATION,1,PUNE,1
LN101704,09-08-2023,40.0,Male,Married,3,Self-Employed,50000000.0,699.0,312582.08,24,14.96,Business,0,Bangalore,0
LN101871,01-Apr-2023,32.0,Female,Married,2,Unemployed,52309.61,506.0,518587.05,60,13.27,EDUCATION,1,New Delhi,1
LN100058,09-16-2018,41.0,M,DIVORCED,1,unemployed,138371.92,728.0,158226.61,48,14.6,Edu,1,HYDERABAD,0
LN101745,10-17-2016,27.0,female,SINGLE,0,retired,65089.0,564.0,613572.24,60,14.57,Auto,4,chennai,1
LN101123,04-May-2017,40.0,Female,Marreid,2,SELF-EMPLOYED,34126.11,953.0,285216.48,24,10.77,Home Loan,0,HYDERABAD,0
LN101189,11/06/2016,22.0,female,Divorced,1,retired,50997.67,713.0,486449.14,48,12.49,Personal,2,hyderabad,1
LN100087,08/08/2022,48.0,m,MARRIED,3,retired,44046.69,645.0,318817.35,60,7.63,car,1,pune,1
LN101953,01-02-2015,56.0,m,Marreid,1,retired,25391.7,637.0,521282.22,120,13.24,home,1,Madras,1
LN100772,03-19-2019,52.0,Male,Married,2,SALARIED,24324.4,722.0,439679.07,84,10.91,home,2,Pune,0
LN101859,11/05/2019,43.0,m,Divorced,2,unemployed,28729.95,847.0,114087.65,48,9.84,biz,0,CHENNAI,0
LN100709,06-17-2023,50.0,male,MARRIED,0,Salaried,17916.9,481.0,104606.2,24,8.29,biz,2,PUNE,1
LN101644,2016-04-14,,Male,Single,2,unemployed,67237.98,646.0,162997.31,36,15.03,business,0,New Delhi,1
LN101734,09/03/2016,33.0,F,Marreid,0,RETIRED,59887.08,778.0,144162.57,120,6.86,personal,1,BANGALORE,0
LN101645,10/02/2016,40.0,female,married,4,selfemployed,28418.74,795.0,371565.17,120,15.08,Auto,1,Hyderabad,1
LN100539,2016-04-26,23.0,f,single,0,SALARIED,72887.66,687.0,255678.27,84,3.19,housing,1,mumbai,0
LN101508,2023-03-06,3.0,female,Married,1,self employed,39198.27,647.0,173267.94,84,15.37,home,1,BANGALORE,0
LN101237,30-Nov-2015,39.0,MALE,SINGLE,1,Retired,42523.5,445.0,776794.69,120,5.03,,0,MUMBAI,1
LN101635,23/09/2023,45.0,f,divorced,0,Salaried,50876.15,687.0,98093.33,48,14.55,personal,0,Bangalore,0
LN101370,01-Jul-2018,44.0,f,DIVORCED,3,SALARIED,52355.4,649.0,242582.37,36,17.46,Education,1,Chennai,0
LN100419,08/10/2015,37.0,m,DIVORCED,1,unemployed,88367.22,526.0,286052.75,84,16.61,BUSINESS,2,chennai,1
LN101947,11-10-2019,48.0,F,Divorced,1,SALARIED,52932.56,544.0,132370.22,60,6.69,CAR,2,CHENNAI,0
LN101074,12/05/2017,27.0,M,single,1,unemployed,32243.71,587.0,130928.41,48,5.55,Auto,1,hyderabad,1
LN101793,2021-09-20,25.0,MALE,Single,0,Salaried,73740.86,592.0,274490.26,60,15.94,Business,3,Bengaluru,0
LN101343,06-21-2022,17.0,FEMALE,single,1,UNEMPLOYED,32548.08,779.0,251197.01,84,12.8,personal,1,MUMBAI,0
LN100852,12/01/2015,53.0,MALE,DIVORCED,3,Salary,23922.91,589.0,371368.11,60,16.3,Car,0,MUMBAI,1
LN101839,19-Mar-2020,41.0,Male,SINGLE,3,Unemployed,45496.09,682.0,174554.28,84,10.13,Business,2,DELHI,0
LN101816,2019-12-07,35.0,Female,divorced,2,UNEMPLOYED,13161.68,633.0,82969.77,24,20.34,Auto,2,chennai,1
LN101779,07-Apr-2023,37.0,Male,SINGLE,1,unemployed,25776.47,646.0,874178.24,12,9.47,business,4,PUNE,1
LN101854,2016-11-19,55.0,m,single,0,retired,85276.64,669.0,203568.23,12,12.32,car,0,Hyderabad,0
LN101361,05-03-2015,41.0,Male,Single,2,self employed,42890.44,624.0,95863.36,60,11.25,business,3,CHENNAI,0
LN101819,19-Feb-2016,32.0,FEMALE,SINGLE,2,,,667.0,207852.22,120,11.4,CAR,1,Bangalore,1
LN101888,2017-11-24,52.0,MALE,DIVORCED,2,Self Employed,25129.66,702.0,814179.41,12,7.55,Business,1,HYDERABAD,1
LN100305,11/11/2018,53.0,Male,SINGLE,1,,100180.51,781.0,134173.42,84,16.97,Personal,1,CHENNAI,0
LN101589,28-Jan-2018,27.0,m,single,4,SALARIED,30023.23,550.0,317190.0,60,9.13,,0,Chennai,1
LN101099,2020-03-16,28.0,Male,Single,3,selfemployed,79464.26,652.0,152063.75,12,10.65,car,2,Bombay,0
LN100336,25-Feb-2016,61.0,Female,Single,2,retired,88900.61,669.0,407946.12,48,14.32,PERSONAL,1,Hyderabad,1
LN100996,08-06-2017,22.0,F,married,1,retired,47751.37,625.0,269311.72,12,11.65,EDUCATION,0,Pune,1
LN100570,2015-12-29,37.0,male,SINGLE,1,Self Employed,26461.59,775.0,76943.05,24,10.41,Education,0,pune,0
LN100089,05-16-2023,41.0,male,divorced,1,UNEMPLOYED,40608.13,586.0,121475.27,24,18.07,CAR,1,CHENNAI,1
LN100875,2017-05-24,25.0,male,Marreid,1,UNEMPLOYED,19775.03,603.0,372636.63,1200,14.77,HOME,0,Madras,1
LN101923,04/05/2017,24.0,MALE,Divorced,2,SALARIED,50350.16,655.0,179317.12,48,10.13,HOME,1,Pune,1
LN101601,21-Oct-2021,35.0,M,DIVORCED,2,SELF-EMPLOYED,23169.4,621.0,348247.08,60,13.95,biz,1,Bombay,1
LN100713,20-Apr-2023,29.0,Male,SINGLE,2,self employed,87623.49,624.0,96636.9,48,7.43,car,0,CHENNAI,0
LN101910,01-31-2017,74.0,male,single,2,Self Employed,23778.11,472.0,46522.2,48,19.22,biz,2,Bombay,1
LN101950,2023-06-20,45.0,F,married,1,Salary,48257.28,821.0,323087.28,24,12.89,car,0,Bangalore,0
LN101448,26/01/2021,46.0,m,Single,2,UNEMPLOYED,50482.28,691.0,80007.24,120,15.17,education,1,BANGALORE,0
LN100222,06-10-2023,29.0,M,MARRIED,1,Salaried,58075.37,581.0,66406.83,60,6.97,auto,4,New Delhi,0
LN100320,07-07-2015,29.0,F,SINGLE,0,Self-Employed,70314.95,555.0,337812.61,84,15.11,BUSINESS,0,Mumbai,1
LN101845,2023-03-20,27.0,Female,married,1,Self Employed,72277.29,541.0,176841.87,84,7.25,BUSINESS,1,delhi,0
LN100879,27-Aug-2016,30.0,Male,DIVORCED,1,Self Employed,70248.89,643.0,162595.91,60,12.31,Education,1,Bombay,0
LN101894,07-03-2022,25.0,m,SINGLE,1,unemployed,44459.3,642.0,179778.15,60,12.48,Home,4,MUMBAI,0
LN100826,07-05-2020,31.0,female,SINGLE,2,unemployed,18899.33,642.0,934234.55,84,13.41,Home Loan,2,MUMBAI,1
LN101031,2018-05-24,47.0,M,Marreid,0,Salaried,49251.63,745.0,262569.06,48,11.04,PERSONAL,1,CHENNAI,0
LN101539,06-Jun-2019,35.0,Male,DIVORCED,1,UNEMPLOYED,66097.44,649.0,530912.66,120,12.89,housing,1,BANGALORE,1
LN100139,05-03-2019,51.0,Female,MARRIED,0,unemployed,41842.8,729.0,338926.61,36,10.91,personal,1,hyderabad,1
LN100164,2020-04-29,47.0,f,DIVORCED,2,UNEMPLOYED,47149.63,633.0,1858304.92,60,11.9,PERSONAL,1,pune,1
LN101874,06/08/2019,59.0,FEMALE,MARRIED,0,Self Employed,,699.0,502683.64,84,13.4,biz,1,New Delhi,1
LN101868,20-Mar-2018,33.0,Female,married,0,Salary,31606.29,650.0,323893.89,60,8.82,EDUCATION,1,Pune,1
LN100961,2015-10-26,39.0,Female,DIVORCED,2,self employed,48289.98,499.0,171906.65,24,10.93,Education,1,Bombay,1
LN101512,01/05/2022,33.0,m,,0,,31430.61,603.0,170472.86,84,13.16,education,0,CHENNAI,0
LN101766,2020-03-03,49.0,male,Married,1,selfemployed,74141.63,771.0,338130.55,84,10.37,business,0,bangalore,0
LN101804,24-Nov-2021,37.0,F,single,2,Self Employed,24747.94,756.0,139500.73,84,9.64,BUSINESS,1,PUNE,0
LN100719,2017-05-07,56.0,m,Single,2,Unemployed,84066.17,722.0,173524.52,12,14.79,HOME,1,Bombay,0
LN101362,2023-09-04,50.0,FEMALE,married,1,Salary,42051.73,670.0,79000.27,120,12.5,auto,2,hyderabad,0
LN101897,07-24-2019,64.0,male,Divorced,0,UNEMPLOYED,31498.83,639.0,136423.62,60,12.5,HOME,1,Delhi,0
LN100634,05-21-2016,44.0,MALE,divorced,0,UNEMPLOYED,24038.48,487.0,454892.34,48,5.06,personal,0,delhi,1
LN101454,2018-11-12,12.0,Male,divorced,1,Retired,32609.03,613.0,362523.97,48,13.63,PERSONAL,0,mumbai,1
LN100656,2018-03-02,15.0,FEMALE,DIVORCED,1,RETIRED,26340.83,696.0,588564.27,24,7.58,Edu,0,mumbai,1
LN100017,2016-01-22,40.0,female,divorced,0,selfemployed,58292.23,588.0,233883.31,36,11.88,Auto,0,chennai,0
LN101715,13/02/2016,28.0,f,DIVORCED,1,Retired,20453.43,755.0,-10000.0,12,13.24,PERSONAL,1,MUMBAI,0
LN101222,2020-09-10,35.0,MALE,SINGLE,2,SELF-EMPLOYED,65634.43,716.0,317717.89,120,11.88,Business,0,chennai,0
LN100138,30/05/2015,38.0,male,SINGLE,2,SALARIED,34051.66,,376511.8,24,12.5,PERSONAL,1,CHENNAI,1
LN101284,2020-05-11,34.0,m,SINGLE,0,self employed,27752.11,592.0,162375.44,24,5.33,BUSINESS,0,pune,0
LN100698,26/05/2022,44.0,Male,MARRIED,3,,79314.21,735.0,421483.27,84,9.11,biz,0,mumbai,1
LN101098,03-10-2021,51.0,female,DIVORCED,0,self employed,116938.0,618.0,115713.58,24,7.06,Personal,2,DELHI,0
LN101699,19-Oct-2015,34.0,Female,Single,2,Self-Employed,127497.17,643.0,104164.93,12,11.72,Personal,2,Hyderabad,0
LN100449,26-Dec-2017,39.0,MALE,Divorced,2,RETIRED,78637.64,,107480.89,48,13.23,business,0,Mumbai,0
LN101997,20-Oct-2017,38.0,female,divorced,1,salaried,52176.69,611.0,124154.04,48,10.94,biz,1,Chennai,0
LN100328,01-15-2019,56.0,MALE,Single,2,unemployed,30553.87,546.0,440700.23,36,12.02,home,0,DELHI,1
LN100318,2019-04-20,17.0,MALE,divorced,1,salaried,33115.43,753.0,230221.99,60,13.78,personal,2,Madras,0
LN101607,28/10/2016,30.0,Male,Marreid,1,Self Employed,37858.7,674.0,655143.13,120,8.94,Auto,3,bangalore,1
LN101170,2018-07-12,25.0,F,divorced,0,selfemployed,73936.41,801.0,198476.83,36,8.55,auto,0,HYDERABAD,0
LN100527,14-Jan-2015,58.0,FEMALE,single,2,Salary,23907.66,626.0,125554.98,84,10.46,PERSONAL,0,delhi,0
LN100088,20-May-2023,32.0,Male,MARRIED,1,unemployed,36335.04,699.0,128539.39,84,9.51,Car,4,Bengaluru,0
LN101517,2016-12-22,48.0,m,SINGLE,0,salaried,,699.0,550269.13,36,13.22,Education,1,MUMBAI,1
LN100149,14-May-2020,46.0,FEMALE,Married,0,selfemployed,59312.73,766.0,318451.97,60,10.58,Edu,0,HYDERABAD,0
LN101706,02-Jun-2021,54.0,FEMALE,DIVORCED,0,unemployed,43664.51,672.0,293898.78,48,12.77,personal,4,CHENNAI,0
LN101720,20/11/2015,45.0,f,SINGLE,0,Retired,54786.22,478.0,210724.37,120,11.95,Edu,1,New Delhi,0
LN101534,12-06-2019,37.0,male,Single,1,Salaried,56207.04,659.0,70654.67,48,6.97,auto,3,chennai,0
LN100366,06/07/2018,38.0,f,divorced,0,selfemployed,53833.31,525.0,346382.79,60,13.99,Edu,1,Mumbai,1
LN100590,25/04/2023,34.0,f,Marreid,1,Salaried,44297.86,623.0,149847.18,48,14.72,PERSONAL,2,Pune,0
LN101585,2020-10-07,27.0,Male,divorced,2,Salaried,45114.15,754.0,162729.86,36,15.22,personal,0,pune,0
LN100199,03-08-2015,45.0,female,Single,0,unemployed,,592.0,268967.49,120,13.4,business,3,Hyderabad,1
LN101998,06-22-2015,27.0,Female,Marreid,0,Self Employed,60341.12,743.0,253024.44,84,10.32,education,1,hyderabad,0
LN100193,31/07/2019,35.0,Female,divorced,1,UNEMPLOYED,157484.42,676.0,373108.85,60,16.88,BUSINESS,0,hyderabad,0
LN100405,2021-04-21,25.0,FEMALE,DIVORCED,0,selfemployed,,,154331.36,24,9.78,Edu,1,Bengaluru,1
LN100655,02-Oct-2021,40.0,M,single,2,SELF-EMPLOYED,19999.48,624.0,235985.84,12,10.19,auto,2,MUMBAI,1
LN100251,20/07/2018,27.0,Female,DIVORCED,0,SELF-EMPLOYED,,556.0,334593.28,48,11.34,housing,0,DELHI,1
LN100484,2021-03-24,29.0,f,SINGLE,1,unemployed,109618.38,670.0,310263.57,84,8.53,housing,1,Bengaluru,0
LN101183,01-01-2016,27.0,F,DIVORCED,1,retired,89343.63,668.0,54752.49,60,12.57,,50,delhi,0
LN101533,09-07-2021,45.0,female,DIVORCED,0,UNEMPLOYED,16151.58,737.0,183150.09,60,12.85,Edu,4,Madras,1
LN100792,2016-04-22,31.0,MALE,DIVORCED,2,retired,111139.47,579.0,332597.56,120,9.32,personal,1,Delhi,0
LN100800,27-Jun-2019,34.0,m,divorced,0,Retired,132281.86,510.0,74422.16,36,10.75,Edu,2,Hyderabad,0
LN100385,06-Dec-2017,25.0,MALE,single,0,Self Employed,23424.49,,999999999.0,60,13.85,home,0,CHENNAI,1
LN100751,28-Oct-2021,37.0,FEMALE,MARRIED,2,Self Employed,37847.44,775.0,499379.24,60,16.79,Personal,2,Bangalore,1
LN101202,23/04/2017,38.0,FEMALE,SINGLE,1,unemployed,26524.54,560.0,982287.82,48,9.74,Personal,0,HYDERABAD,1
LN100423,2015-02-21,59.0,Male,Marreid,1,unemployed,56137.17,734.0,105869.45,120,6.28,car,0,BANGALORE,0
LN100315,12-10-2020,,MALE,Single,0,Salaried,39815.7,564.0,304300.91,48,7.05,Business,2,hyderabad,1
LN101022,2016-10-25,40.0,f,SINGLE,0,Salaried,47405.57,576.0,619377.64,84,9.42,Home Loan,0,Mumbai,1
LN100544,16/08/2016,22.0,female,Marreid,1,Retired,79509.87,776.0,85304.85,84,6.77,biz,1,New Delhi,0
LN100914,16/12/2018,49.0,F,Single,1,UNEMPLOYED,19507.06,672.0,369758.6,84,6.65,HOME,4,Bangalore,1
LN100663,17/01/2019,45.0,F,Married,2,UNEMPLOYED,46966.79,683.0,102516.51,24,12.4,EDUCATION,0,hyderabad,0
LN100903,04/03/2019,49.0,M,Single,3,,56818.57,777.0,121825.23,12,6.75,home,0,hyderabad,0
LN101467,2023-03-20,32.0,F,divorced,2,SALARIED,43386.02,518.0,439357.77,12,12.53,HOME,0,chennai,1
LN100686,08-20-2018,40.0,female,single,1,Salaried,47947.57,584.0,174153.09,12,11.54,HOME,1,Bombay,0
LN101764,29-Jan-2022,29.0,male,Divorced,1,retired,39730.24,541.0,183440.9,84,6.49,BUSINESS,1,Hyderabad,1
LN100160,2019-06-29,38.0,Male,SINGLE,1,Retired,63447.6,509.0,137264.24,36,13.38,Edu,0,Bangalore,0
LN101000,2018-07-13,43.0,m,SINGLE,0,unemployed,37303.29,640.0,290263.46,36,17.11,Business,1,HYDERABAD,1
LN101863,2016-08-30,59.0,f,DIVORCED,2,unemployed,26984.26,477.0,136589.31,36,10.75,Edu,1,Madras,1
LN101870,01/04/2017,34.0,m,Marreid,0,selfemployed,21166.65,717.0,339949.6,12,13.35,Home,0,delhi,1
LN100203,2015-02-18,4.0,m,Marreid,3,retired,53740.64,812.0,473194.81,12,11.63,Personal,0,New Delhi,1
LN101024,28/04/2021,28.0,M,SINGLE,1,Salary,50410.56,828.0,67659.19,48,4.83,EDUCATION,2,pune,0
LN101612,2019-09-16,35.0,f,divorced,0,self employed,31141.9,636.0,526704.05,12,9.66,Personal,1,delhi,1
LN101247,16/10/2022,48.0,Female,Divorced,1,retired,75468.44,636.0,68645.5,48,11.11,biz,1,hyderabad,0
LN100113,16-Dec-2022,38.0,MALE,MARRIED,0,Salary,34760.2,638.0,96329.66,48,10.43,biz,1,pune,0
LN101918,03-18-2020,39.0,male,married,1,salaried,29456.6,586.0,72374.54,48,10.88,Personal,2,Delhi,0
LN101680,02-02-2017,27.0,Male,SINGLE,4,salaried,47760.89,687.0,153470.73,36,16.79,car,0,DELHI,0
LN100981,04-15-2017,40.0,M,divorced,0,Salaried,32108.73,748.0,522596.33,60,10.87,housing,0,delhi,1
LN100923,22/01/2016,42.0,FEMALE,MARRIED,1,self employed,,698.0,57647.91,84,13.99,EDUCATION,3,Hyderabad,0
LN101596,08-01-2019,35.0,MALE,DIVORCED,1,unemployed,53122.0,649.0,332666.85,60,12.46,car,1,Bengaluru,1
LN101672,2019-04-26,43.0,Male,married,1,retired,41499.34,747.0,475114.84,12,9.36,Education,1,bangalore,1
LN101488,01-Sep-2023,38.0,FEMALE,SINGLE,0,self employed,73640.2,596.0,250301.06,120,8.28,personal,0,DELHI,0
LN101302,12/09/2017,37.0,m,MARRIED,1,Salaried,17450.94,636.0,239199.53,24,8.71,BUSINESS,1,BANGALORE,0
LN100816,19-May-2023,37.0,female,SINGLE,2,Unemployed,51305.97,659.0,399813.06,36,12.93,Personal,0,MUMBAI,1
LN101432,2020-10-28,33.0,Female,,0,Unemployed,80031.0,631.0,1059571.18,120,10.77,personal,3,Hyderabad,1
LN101353,2017-12-22,54.0,MALE,Divorced,1,unemployed,25429.62,741.0,353500.3,36,13.1,auto,0,BANGALORE,1
LN100680,05-Aug-2019,28.0,FEMALE,divorced,1,Retired,,717.0,130844.49,60,6.51,housing,0,HYDERABAD,0
LN101094,09/04/2022,31.0,M,divorced,0,selfemployed,73692.93,543.0,128562.48,48,5.63,BUSINESS,1,Madras,1
LN100081,2023-07-12,37.0,f,MARRIED,1,Salaried,66858.66,665.0,78062.02,84,12.14,,2,Chennai,0
LN101211,07-14-2022,16.0,m,DIVORCED,0,unemployed,46879.33,750.0,135122.76,24,6.48,Auto,1,New Delhi,0
LN101409,11/12/2020,19.0,Male,single,1,Unemployed,52300.49,635.0,108397.94,60,11.69,Education,4,Bengaluru,0
LN101611,2015-01-21,34.0,male,married,0,unemployed,103723.01,733.0,209117.65,24,6.11,BUSINESS,1,,0
LN100753,2022-03-14,51.0,Male,single,2,Self Employed,30733.95,584.0,106204.09,60,7.57,car,0,chennai,0
LN101987,2022-08-08,41.0,MALE,Marreid,0,RETIRED,30343.56,518.0,314270.13,48,13.69,PERSONAL,3,bangalore,1
LN101382,23/03/2022,32.0,MALE,Divorced,0,Salary,84400.65,543.0,252466.47,36,9.45,biz,3,Bengaluru,0
LN101055,30-Jun-2022,38.0,female,SINGLE,1,Unemployed,71419.0,595.0,423411.97,12,10.58,PERSONAL,3,Bombay,1
LN100243,19/10/2019,57.0,Male,Married,2,Salary,97804.61,533.0,322157.38,84,9.49,Auto,0,Chennai,1
LN101406,06-10-2023,25.0,Female,single,1,salaried,89630.39,826.0,155745.98,48,4.49,PERSONAL,0,DELHI,0
LN100642,13/03/2020,29.0,F,divorced,0,SELF-EMPLOYED,38924.01,447.0,251494.83,12,10.18,Home,0,,1
LN100697,23-Feb-2018,23.0,female,Divorced,0,SALARIED,94345.8,625.0,124218.26,84,7.24,Auto,1,Bangalore,0
LN100210,09-04-2023,28.0,Male,Marreid,1,Unemployed,86052.89,542.0,627733.55,120,8.3,Car,1,BANGALORE,1
LN100503,2019-01-11,29.0,female,SINGLE,0,Unemployed,76478.93,792.0,313605.95,60,15.63,Home,1,HYDERABAD,1
LN100771,11-May-2020,45.0,Female,Single,4,Retired,125743.65,711.0,354433.81,12,8.0,Education,1,Pune,0
LN101915,2023-09-16,65.0,m,MARRIED,2,RETIRED,55637.97,601.0,62562.55,48,16.92,biz,2,CHENNAI,0
LN100436,12-01-2021,49.0,MALE,Divorced,1,Salary,39019.11,616.0,724940.92,12,10.69,Edu,2,Bangalore,1
LN101064,30-Oct-2017,46.0,Female,single,2,Salary,38609.52,559.0,946709.53,48,10.77,housing,0,hyderabad,1
LN100975,14-Oct-2018,31.0,male,divorced,0,SALARIED,26221.16,611.0,168211.29,48,11.81,home,0,pune,0
LN100552,30/01/2021,60.0,MALE,MARRIED,0,UNEMPLOYED,55009.91,609.0,251740.52,120,9.71,personal,1,HYDERABAD,1
LN101939,19/11/2022,39.0,MALE,married,2,UNEMPLOYED,206466.81,896.0,158689.3,60,13.88,Auto,1,Chennai,0
LN101837,19/02/2015,54.0,M,Single,3,RETIRED,48123.67,403.0,260862.96,12,10.4,Personal,1,New Delhi,1
LN101014,20-Jul-2023,,FEMALE,Married,2,Self Employed,52879.42,577.0,299048.36,120,8.28,housing,1,HYDERABAD,1
LN101988,07/01/2015,33.0,Male,SINGLE,1,RETIRED,48596.56,628.0,53440.1,36,16.17,auto,2,DELHI,0
LN100467,12-Nov-2016,38.0,f,single,2,salaried,42755.35,667.0,285576.17,60,4.9,personal,1,BANGALORE,1
LN101548,08-Oct-2016,47.0,male,Divorced,0,SELF-EMPLOYED,32464.06,721.0,107930.43,84,9.07,,2,Delhi,1
LN101369,2017-08-06,,M,married,1,unemployed,17202.01,638.0,147016.37,12,8.97,business,1,Pune,0
LN100278,11/12/2018,37.0,m,divorced,0,UNEMPLOYED,32073.51,701.0,56947.98,24,9.92,Business,1,HYDERABAD,0
LN101070,23/09/2023,27.0,Male,Single,1,UNEMPLOYED,33835.04,739.0,367169.31,36,0.64,personal,0,HYDERABAD,0
LN101018,2021-04-25,35.0,MALE,Marreid,2,selfemployed,90823.3,1200.0,218416.92,36,10.23,Auto,1,BANGALORE,0
LN101386,05-15-2021,45.0,m,Divorced,1,SELF-EMPLOYED,23251.63,642.0,94996.53,120,14.08,,0,BANGALORE,0
LN100723,03-20-2020,47.0,male,SINGLE,2,SALARIED,50981.58,666.0,110858.52,60,5.85,education,2,Pune,0
LN100941,05-Apr-2018,56.0,MALE,Married,3,Retired,41052.62,630.0,111821.12,84,9.5,Education,-1,Bangalore,0
LN100787,02/03/2018,41.0,F,single,1,RETIRED,71954.92,676.0,334272.22,12,13.28,personal,0,DELHI,0
LN101626,07-22-2019,50.0,F,Single,1,,41257.04,561.0,286328.25,24,-5.0,car,0,Hyderabad,1
LN101372,2022-04-10,28.0,FEMALE,married,1,SALARIED,93897.54,685.0,68607.87,120,9.75,HOME,1,mumbai,0
LN101436,26-Nov-2023,33.0,m,Divorced,2,unemployed,138076.93,552.0,198543.14,60,12.4,home,0,Bangalore,1
LN101492,12-18-2023,24.0,F,Divorced,2,selfemployed,53129.51,785.0,149332.31,24,12.77,home,0,Mumbai,0
LN100907,2018-03-13,21.0,MALE,SINGLE,1,selfemployed,37582.52,632.0,414663.94,12,9.17,Personal,0,Pune,1
LN100564,25-Apr-2018,41.0,female,Married,2,retired,29039.76,,286866.54,48,9.8,BUSINESS,3,HYDERABAD,0
LN101250,05/05/2017,34.0,FEMALE,Divorced,4,Salary,78188.75,708.0,231043.26,12,11.66,home,2,Pune,0
LN100389,2015-11-24,21.0,male,Single,1,RETIRED,46820.56,642.0,291799.95,120,13.85,HOME,2,MUMBAI,1
LN100023,28/07/2022,39.0,f,Divorced,0,Self-Employed,31953.45,646.0,136726.26,60,5.63,Car,1,Pune,0
LN101281,30-Nov-2019,50.0,female,Married,0,RETIRED,72790.67,720.0,88927.28,36,12.57,car,0,Mumbai,0
LN100125,11-13-2015,30.0,F,single,1,self employed,76685.06,623.0,476117.26,12,8.98,car,1,mumbai,1
LN101305,02/01/2020,24.0,male,Married,0,Self Employed,61318.45,828.0,162273.61,60,7.88,CAR,2,Madras,0
LN100774,2021-10-01,62.0,M,Marreid,0,Unemployed,50446.85,746.0,231660.46,48,8.53,PERSONAL,1,Mumbai,0
  LN100881  ,09/05/2017,43.0,male,Divorced,0,RETIRED,92591.24,675.0,109838.71,12,11.13,biz,2,MUMBAI,0
LN101145,2021-08-29,44.0,Female,DIVORCED,1,SALARIED,34960.45,739.0,166514.76,84,9.74,education,1,HYDERABAD,0
LN101167,29-Jul-2020,55.0,f,,2,SELF-EMPLOYED,49483.53,769.0,135107.68,84,5.4,Home Loan,1,pune,0
LN100051,01-Jul-2018,38.0,MALE,Married,1,unemployed,31868.01,787.0,289884.26,60,7.89,CAR,0,Delhi,1
LN101464,08-Feb-2021,47.0,M,SINGLE,3,selfemployed,51315.08,640.0,142437.79,48,11.5,Home Loan,3,HYDERABAD,1
LN101530,2020-03-13,40.0,FEMALE,Divorced,0,salaried,50502.95,477.0,80174.69,120,8.59,HOME,1,Hyderabad,0
LN101106,26-Aug-2018,34.0,M,,1,self employed,53601.64,346.0,145109.64,60,13.29,auto,0,Hyderabad,1
LN100704,2021-06-29,35.0,Female,Married,0,UNEMPLOYED,48354.17,825.0,321537.56,24,15.61,biz,1,New Delhi,1
LN100483,26/05/2020,23.0,male,SINGLE,0,Self Employed,60846.42,588.0,391397.21,84,13.98,personal,3,delhi,1
LN101146,21/05/2019,50.0,female,married,0,SELF-EMPLOYED,39576.63,697.0,137582.43,12,7.75,Personal,0,hyderabad,0
LN100443,19/05/2021,32.0,M,married,0,,71559.34,524.0,415702.06,24,7.42,EDUCATION,1,New Delhi,1
LN100067,09-03-2021,35.0,m,Single,0,self employed,42771.97,407.0,191375.66,48,10.31,Home,1,MUMBAI,1
LN101809,25/06/2021,32.0,Male,divorced,2,selfemployed,42921.34,564.0,87731.69,84,11.12,PERSONAL,2,Delhi,0
LN100734,2016-10-05,43.0,MALE,Divorced,0,SALARIED,61592.78,669.0,172418.24,84,11.63,CAR,1,Madras,1
LN101877,03-21-2016,0.0,Female,married,2,selfemployed,68753.64,455.0,239504.87,48,8.62,Education,0,New Delhi,1
LN100802,02-Sep-2022,28.0,M,married,0,retired,38629.05,705.0,128187.0,48,11.68,HOME,0,Delhi,0
LN101627,10-21-2023,52.0,F,Married,0,salaried,49373.04,664.0,88476.46,24,13.19,car,3,CHENNAI,0
LN101829,2020-01-16,55.0,FEMALE,married,1,UNEMPLOYED,30210.19,556.0,105223.78,24,12.04,Auto,3,BANGALORE,1
  LN100908  ,12-Oct-2015,33.0,MALE,Single,0,Unemployed,20902.14,627.0,142062.49,84,9.45,Business,3,Bangalore,1
LN100032,28/12/2017,18.0,male,MARRIED,3,Retired,,589.0,448361.96,120,15.66,PERSONAL,1,Hyderabad,1
LN100418,21-Nov-2015,38.0,FEMALE,DIVORCED,0,,64806.96,817.0,141883.82,60,11.97,personal,1,,0
LN100882,11-Apr-2022,37.0,M,single,2,Unemployed,51220.27,533.0,160406.38,84,10.57,Business,0,hyderabad,1
LN100633,2019-11-23,,male,Married,2,salaried,73947.9,648.0,156389.57,12,9.2,personal,1,Bombay,0
LN101937,05-Nov-2015,31.0,F,married,1,Self-Employed,30280.24,435.0,175119.4,120,15.56,Auto,0,chennai,0
LN101510,02-13-2018,38.0,M,Marreid,1,Unemployed,72528.44,594.0,112965.07,36,15.55,Home,1,Mumbai,0
LN100065,01-Aug-2019,27.0,M,married,1,salaried,46032.67,655.0,427595.98,84,5.92,Business,0,Mumbai,1
LN101705,05/01/2015,41.0,F,divorced,1,UNEMPLOYED,82192.85,665.0,358102.03,48,14.48,Edu,1,Delhi,1
LN101869,2015-04-07,150.0,Male,married,1,RETIRED,63048.8,641.0,147282.06,12,11.78,HOME,0,Madras,0
LN100078,11/06/2022,40.0,female,SINGLE,1,Retired,33600.91,594.0,74260.71,60,8.23,PERSONAL,1,Madras,0
LN100492,23-Jan-2021,49.0,F,Divorced,1,Self Employed,34739.48,584.0,27429.81,60,9.34,Car,1,Bengaluru,0
LN101479,07-Feb-2023,39.0,female,DIVORCED,1,Unemployed,70980.94,630.0,292373.87,36,8.12,education,3,pune,1
LN101603,06/04/2015,43.0,M,single,0,Retired,82738.43,651.0,40203.27,36,11.74,housing,1,Madras,0
LN100533,2018-06-12,49.0,MALE,DIVORCED,3,salaried,34234.21,639.0,545393.99,48,9.92,Car,3,Mumbai,1
LN100066,19/12/2017,26.0,F,SINGLE,0,salaried,21430.53,724.0,209257.87,84,7.13,Edu,1,delhi,0
LN101778,21/08/2023,56.0,f,Divorced,1,Salaried,32451.73,679.0,208706.34,48,10.66,EDUCATION,3,Bangalore,1
LN101929,2023-02-08,48.0,m,Marreid,0,unemployed,40443.22,690.0,168120.83,120,11.13,EDUCATION,1,New Delhi,0
LN100297,20-Feb-2015,43.0,Male,SINGLE,0,RETIRED,63144.66,665.0,104983.88,36,7.92,EDUCATION,1,pune,0
LN100592,12-Aug-2023,38.0,F,divorced,3,RETIRED,24642.91,773.0,217103.82,120,13.55,PERSONAL,0,bangalore,1
LN100768,05-04-2022,,Female,Married,1,SELF-EMPLOYED,25170.45,627.0,251013.34,84,14.9,Home Loan,1,pune,1
LN101286,01/08/2018,36.0,Female,DIVORCED,0,Salaried,81346.37,633.0,1025650.54,12,11.4,Education,2,bangalore,1
LN100725,2016-02-08,5.0,Female,SINGLE,1,Unemployed,35565.68,593.0,100229.87,24,11.37,Business,0,bangalore,0
LN101511,04/04/2015,35.0,Female,Single,2,Unemployed,35173.75,717.0,384572.25,24,14.15,education,0,Mumbai,1
LN101306,04-05-2015,,Male,single,3,RETIRED,25441.36,597.0,307993.27,24,6.19,Auto,2,pune,1
LN100627,14/09/2022,999.0,f,Marreid,0,Retired,60968.82,542.0,319690.83,24,8.21,CAR,0,hyderabad,1
LN101477,07-28-2016,34.0,F,divorced,0,Unemployed,106668.52,733.0,443859.98,120,13.46,PERSONAL,1,chennai,1
LN100746,12/10/2018,38.0,male,Married,2,Unemployed,15696.9,638.0,153135.81,120,12.48,Home Loan,1,Delhi,0
LN101213,02-25-2017,60.0,M,DIVORCED,1,Retired,38737.95,709.0,340595.45,36,10.58,Personal,0,Bengaluru,1
LN101919,12-01-2021,45.0,FEMALE,Marreid,1,Salary,45460.71,657.0,172726.47,84,11.38,Car,0,bangalore,0
LN100252,2017-06-02,30.0,F,Married,0,SELF-EMPLOYED,,630.0,160181.38,48,18.28,Business,0,DELHI,0
LN101917,07/07/2019,42.0,Female,divorced,3,salaried,31546.13,749.0,287487.94,24,12.09,car,4,chennai,0
  LN101377  ,2016-04-06,44.0,male,Divorced,0,Self-Employed,60096.0,486.0,247451.36,24,7.01,Personal,0,MUMBAI,0
LN101637,2015-02-15,47.0,FEMALE,Single,5,Self Employed,38658.49,576.0,129711.51,48,6.66,car,1,hyderabad,0
LN100983,2021-08-18,35.0,FEMALE,married,1,UNEMPLOYED,51417.35,557.0,233013.66,84,5.84,Education,0,bangalore,1
LN101865,12-14-2020,34.0,m,Single,2,RETIRED,42753.79,596.0,184915.67,24,9.17,Auto,0,Mumbai,0
LN100707,04/08/2021,38.0,FEMALE,Divorced,1,RETIRED,75557.17,607.0,643052.15,48,6.62,Education,0,CHENNAI,1
LN100488,2023-08-18,37.0,f,single,0,self employed,43328.13,843.0,371860.48,120,13.91,BUSINESS,0,bangalore,0
LN100274,19-Feb-2018,25.0,Male,single,3,Self Employed,66926.86,706.0,113207.64,48,13.69,biz,1,Delhi,0
LN101578,03-19-2021,39.0,MALE,DIVORCED,0,UNEMPLOYED,38937.12,573.0,533198.29,36,11.59,PERSONAL,1,New Delhi,1
LN101755,2023-09-10,42.0,f,SINGLE,1,UNEMPLOYED,50592.24,530.0,262698.68,24,16.57,personal,1,CHENNAI,1
LN100964,18-Apr-2016,42.0,Female,Divorced,1,retired,26522.66,639.0,254395.77,60,15.38,PERSONAL,0,chennai,1
LN100878,2019-05-13,33.0,FEMALE,Divorced,1,RETIRED,36205.2,606.0,384815.18,36,13.12,personal,0,HYDERABAD,1
LN101471,01-11-2016,52.0,M,DIVORCED,0,unemployed,32986.91,606.0,197964.8,84,6.99,biz,2,New Delhi,1
LN101907,21-Jan-2019,34.0,MALE,,1,Salaried,59748.69,638.0,167246.44,36,7.4,housing,2,Chennai,0
LN100412,12-Dec-2015,17.0,f,SINGLE,0,Salaried,51852.61,753.0,185611.21,12,8.15,Home,0,bangalore,0
LN100668,11-01-2020,37.0,FEMALE,Married,0,Self Employed,73116.24,635.0,455923.56,84,7.52,BUSINESS,1,chennai,1
LN101263,24/06/2020,33.0,male,Divorced,3,Retired,78666.33,667.0,47855.96,120,8.07,biz,2,PUNE,0
LN100150,09/06/2016,52.0,f,SINGLE,1,salaried,39679.66,673.0,74581.25,120,13.16,Home Loan,0,CHENNAI,0
LN100645,22-Apr-2023,35.0,MALE,SINGLE,0,unemployed,56803.86,712.0,48080.21,48,8.34,housing,1,Delhi,0
LN101688,02/02/2022,39.0,MALE,DIVORCED,1,SALARIED,13825.71,713.0,236761.32,12,10.86,auto,4,HYDERABAD,0
LN100219,22/08/2021,38.0,f,single,6,Self Employed,57868.12,611.0,64077.33,84,8.85,personal,2,delhi,0
LN100240,10-16-2022,56.0,FEMALE,Divorced,0,Retired,95820.37,533.0,355333.72,84,13.43,PERSONAL,2,hyderabad,0
LN101132,28-Aug-2019,53.0,Male,Marreid,2,Unemployed,41559.5,648.0,71058.71,24,7.69,Home,0,Madras,0
LN101217,06-21-2022,17.0,F,single,3,SELF-EMPLOYED,20799.39,685.0,269832.42,24,10.18,Home Loan,0,Hyderabad,1
LN100793,28/11/2023,30.0,f,DIVORCED,1,Self-Employed,37975.47,657.0,248861.31,12,8.04,biz,0,Bangalore,1
LN100192,18-Dec-2016,35.0,female,single,1,SELF-EMPLOYED,90568.38,554.0,107862.58,24,7.22,,2,PUNE,0
LN100334,03-Nov-2015,25.0,female,Divorced,4,Salaried,21085.22,,76971.21,84,8.87,biz,1,chennai,1
LN101385,03-04-2018,20.0,M,Single,1,UNEMPLOYED,79374.72,520.0,172305.7,84,7.9,housing,0,delhi,1
LN101443,14-Mar-2022,50.0,m,SINGLE,3,Retired,,651.0,455359.79,60,4.22,Home Loan,1,Chennai,1
LN100963,2022-08-25,23.0,FEMALE,Married,2,retired,41543.15,690.0,189791.97,84,11.78,Home,0,Bombay,0
LN101852,27/07/2023,42.0,Male,Married,2,retired,61630.49,802.0,146790.9,60,5.33,PERSONAL,2,HYDERABAD,0
LN100841,2021-10-07,46.0,MALE,divorced,1,SELF-EMPLOYED,27712.984813815445,654.0,66075.41,24,12.01,housing,1,Mumbai,0
  LN101908  ,07-26-2018,30.0,FEMALE,DIVORCED,0,,49181.56,726.0,169055.69,120,13.41,home,0,New Delhi,0
LN101509,25-Oct-2020,34.0,male,SINGLE,0,Salaried,103204.99,653.0,406353.94,60,7.47,PERSONAL,0,hyderabad,1
LN101700,15-Dec-2021,35.0,Male,married,4,Self Employed,27896.26,767.0,402839.72,12,10.28,business,1,hyderabad,1
LN100583,01-26-2017,30.0,Male,Married,2,,40405.82,592.0,229997.97,36,12.08,housing,0,mumbai,0
LN101469,08/03/2023,37.0,f,Married,1,salaried,73901.14,646.0,162934.3,60,12.58,Education,1,PUNE,0
LN101505,12-05-2017,23.0,FEMALE,single,1,self employed,16420.89,665.0,235235.25,84,11.85,Car,3,pune,0
LN100840,2017-02-08,40.0,female,Single,3,Unemployed,32029.41,709.0,933525.82,24,8.64,Auto,1,HYDERABAD,1
LN100628,2018-12-22,47.0,FEMALE,Married,1,Unemployed,46715.28,677.0,135198.35,84,9.15,HOME,2,Bombay,0
LN100324,2022-06-03,42.0,m,Divorced,1,unemployed,52788.29,570.0,120746.12,48,14.56,Car,1,BANGALORE,1
LN101727,25/03/2017,25.0,male,single,3,unemployed,38409.54,724.0,243053.12,12,12.31,Auto,0,bangalore,0
LN101161,01-11-2023,41.0,MALE,Married,3,salaried,25124.83,430.0,97555.63,120,10.54,biz,0,bangalore,1
LN100779,2022-07-09,34.0,Female,single,0,Self Employed,,644.0,145289.8,12,12.97,CAR,2,hyderabad,0
LN101077,2019-03-31,52.0,FEMALE,DIVORCED,1,SALARIED,67735.92,657.0,276878.95,60,10.91,Personal,1,chennai,1
LN100940,30-May-2016,49.0,female,DIVORCED,1,Unemployed,52092.89,508.0,238681.0,60,11.56,BUSINESS,0,New Delhi,1
LN100438,25-Jul-2022,39.0,m,DIVORCED,3,selfemployed,38506.65,489.0,41717.35,60,11.68,,1,DELHI,0
LN100120,02-28-2016,48.0,MALE,divorced,3,Self Employed,41671.98,425.0,988219.19,48,6.83,business,1,New Delhi,1
LN101751,25/11/2022,21.0,male,DIVORCED,0,salaried,15840.21,667.0,498213.73,12,12.03,Home,2,bangalore,1
LN101643,02-18-2020,31.0,MALE,Marreid,3,salaried,54363.12,769.0,156759.01,36,13.48,Car,1,Hyderabad,0
LN101875,10-Sep-2019,21.0,Female,Divorced,4,SELF-EMPLOYED,62715.23,679.0,87800.47,24,8.76,personal,1,New Delhi,1
LN101027,10-01-2015,24.0,male,Single,1,Salary,34228.83,660.0,90010.31,84,14.19,housing,0,chennai,1
LN101254,18-Jan-2019,42.0,male,DIVORCED,0,selfemployed,79275.41,654.0,130988.5,48,10.01,education,1,pune,0
LN101445,03-Nov-2021,43.0,M,SINGLE,1,SALARIED,32321.76,613.0,746826.59,84,9.78,home,0,HYDERABAD,1
LN101381,07-30-2016,28.0,Male,divorced,0,Salary,81956.34,485.0,616708.1,48,9.97,Auto,2,DELHI,1
LN100077,11/02/2017,40.0,MALE,SINGLE,0,retired,80125.18,799.0,404359.27,120,5.48,biz,1,CHENNAI,0
LN101054,09-23-2016,28.0,M,married,0,Unemployed,101444.71,779.0,106868.31,24,13.02,Auto,0,delhi,0
LN100901,05-12-2021,24.0,FEMALE,Divorced,2,unemployed,56231.81,497.0,95033.66,48,15.28,biz,2,chennai,0
LN100372,10-22-2020,41.0,MALE,single,1,Self-Employed,48477.76,,197251.65,12,8.56,,3,Hyderabad,1
LN101964,06-16-2017,42.0,M,single,3,SELF-EMPLOYED,28491.65,639.0,422094.88,12,13.44,,0,chennai,1
LN101438,2021-10-16,17.0,f,MARRIED,3,Salaried,96051.60253777847,667.0,624613.24,84,6.98,PERSONAL,0,Hyderabad,1
LN100950,27-Mar-2022,33.0,M,Divorced,0,unemployed,22421.44,547.0,193383.99,24,13.8,EDUCATION,0,Chennai,1
LN100942,21/07/2020,26.0,Female,Divorced,2,Salaried,44986.65,703.0,210936.19,84,12.1,business,2,PUNE,1
LN100578,2016-10-29,31.0,female,,0,salaried,21221.4,640.0,203630.57,12,11.48,Edu,0,CHENNAI,1
LN100820,01-Mar-2018,33.0,Male,DIVORCED,4,unemployed,146219.66,627.0,332565.62,120,11.02,Home Loan,1,CHENNAI,0
LN101540,23-Feb-2016,40.0,Male,divorced,0,SELF-EMPLOYED,62297.53,600.0,342860.15,84,12.4,Home Loan,0,CHENNAI,1
LN101562,21-Dec-2017,25.0,f,SINGLE,2,salaried,29676.36,565.0,249301.09,36,9.3,Auto,3,hyderabad,1
LN101978,25-Aug-2020,29.0,female,SINGLE,1,Retired,46009.74,843.0,268349.62,48,13.58,auto,2,HYDERABAD,0
LN101446,18-Jan-2016,30.0,m,divorced,0,SELF-EMPLOYED,,734.0,467116.27,36,8.76,business,0,CHENNAI,1
LN100887,13-Jun-2018,42.0,FEMALE,Single,0,Retired,32092.11,619.0,73566.27,120,11.67,BUSINESS,0,Bengaluru,0
LN100969,15/07/2016,39.0,Male,DIVORCED,1,unemployed,26780.41,718.0,110574.69,36,3.58,personal,0,delhi,1
LN101679,04-11-2015,52.0,Male,Divorced,2,Unemployed,47937.13,570.0,63973.04,48,12.54,education,0,Chennai,0
LN100786,10/05/2018,38.0,female,DIVORCED,1,self employed,17224.15,616.0,168011.79,12,8.75,home,0,Madras,0
LN101621,03-10-2017,64.0,FEMALE,Divorced,1,selfemployed,54925.53,708.0,64550.26,12,11.77,EDUCATION,1,PUNE,0
  LN101767  ,09-27-2019,46.0,F,single,1,Salary,44780.99,736.0,152408.97,60,11.0,Personal,1,Hyderabad,1
  LN101692  ,15/05/2019,60.0,FEMALE,MARRIED,0,Salary,95675.08,814.0,252929.51,24,16.36,CAR,0,Hyderabad,0
LN100302,23-Apr-2023,27.0,F,Divorced,1,RETIRED,44209.47,704.0,221877.58,120,9.24,Auto,0,Bombay,0
LN100690,28/04/2022,49.0,male,,2,RETIRED,25770.87,552.0,1193441.93,36,16.25,Home Loan,0,pune,1
LN100813,09-07-2018,38.0,f,,0,Salary,72694.76,,147697.77,24,9.0,HOME,1,New Delhi,0
LN101062,02/04/2016,36.0,F,divorced,1,Salary,24218.39,615.0,197854.01,36,9.94,PERSONAL,1,Bengaluru,0
LN101378,2023-02-14,34.0,Male,MARRIED,0,Salary,66779.05,687.0,151768.06,84,11.57,Auto,0,mumbai,0
LN100237,12-20-2020,54.0,f,Divorced,1,Retired,38277.19,623.0,137361.87,24,9.48,car,1,DELHI,0
LN101116,03-03-2018,45.0,Female,Marreid,0,SALARIED,,820.0,200377.61,120,12.28,housing,0,BANGALORE,0
LN101421,04/06/2017,38.0,M,DIVORCED,1,SALARIED,69471.74,706.0,440184.35,48,8.34,HOME,1,mumbai,1
LN100500,08-Sep-2022,36.0,F,MARRIED,1,,32649.61,724.0,420734.11,12,4.78,Personal,2,Pune,1
LN101741,30/03/2018,55.0,F,divorced,0,self employed,103061.34,474.0,198322.48,48,15.45,car,0,DELHI,1
LN101080,12-21-2020,56.0,FEMALE,Single,2,retired,43050.94,653.0,92902.18,24,8.69,Auto,1,Bangalore,0
LN101327,2023-07-25,37.0,F,DIVORCED,2,Unemployed,89328.05,676.0,1241823.39,36,6.53,Home Loan,1,Madras,1
LN100795,10/01/2017,34.0,MALE,DIVORCED,1,Retired,53784.76,647.0,504393.27,120,11.95,Business,2,Mumbai,1
LN100276,12-08-2020,32.0,female,Divorced,1,SALARIED,42512.88,626.0,167871.11,48,10.81,HOME,0,New Delhi,0
LN101897,07-24-2019,64.0,male,Divorced,0,UNEMPLOYED,30945.69235351331,643.0,136423.62,60,12.5,HOME,1,Delhi,0
LN100057,20/04/2018,43.0,MALE,Marreid,0,RETIRED,108019.5,639.0,215261.88,12,9.22,personal,0,Delhi,0
LN100991,10-30-2015,46.0,f,MARRIED,3,Self Employed,74553.39,724.0,104691.83,24,9.19,Education,0,Hyderabad,0
LN101437,18/05/2017,23.0,M,SINGLE,0,Unemployed,35235.5,760.0,207632.6,120,5.36,business,2,Chennai,0
LN100935,2017-06-15,49.0,Male,Divorced,1,,45960.96,625.0,145820.66,36,9.89,PERSONAL,0,DELHI,1
LN100388,2022-02-17,31.0,Male,single,0,selfemployed,129313.4,583.0,490973.12,48,7.59,Business,2,Bombay,1
LN101660,2022-05-11,49.0,m,Single,0,retired,61443.36,528.0,237347.61,24,12.29,EDUCATION,0,Bengaluru,1
LN100391,2016-10-06,49.0,m,Married,1,selfemployed,37242.2,,570279.37,24,14.49,education,0,Hyderabad,1
LN100744,2017-06-06,53.0,female,divorced,4,Salaried,47652.67,652.0,371578.13,60,9.38,Auto,2,bangalore,1
LN100353,25/06/2017,13.0,male,SINGLE,3,salaried,89080.53,736.0,206109.46,60,11.69,biz,3,DELHI,0
LN101218,31/05/2021,42.0,Male,Married,2,Self-Employed,48277.0,570.0,650912.67,120,11.17,CAR,0,delhi,1
LN100236,12/09/2023,30.0,male,single,2,Unemployed,78119.1,813.0,125466.93,48,9.7,Education,1,Chennai,0
LN101795,31/03/2018,30.0,Female,SINGLE,2,Retired,43103.63,745.0,70902.96,120,9.25,Edu,0,MUMBAI,0
LN100481,09-27-2022,47.0,FEMALE,SINGLE,1,N/A,78779.38,661.0,180039.58,120,9.57,Car,0,Hyderabad,0
LN100568,12-10-2018,49.0,FEMALE,single,0,SELF-EMPLOYED,44568.25,598.0,163278.43,84,12.74,Education,1,Bengaluru,0
LN101141,17/06/2019,31.0,female,single,2,unemployed,65263.19,726.0,611010.09,12,9.24,Business,1,Pune,1
LN101768,2019-08-06,31.0,Male,Married,1,SALARIED,40282.11,557.0,106673.01,120,12.3,business,3,,0
LN101965,11-08-2016,32.0,F,SINGLE,1,selfemployed,42511.31,580.0,202167.17,36,10.04,Edu,1,Pune,0
LN101949,01-24-2019,32.0,female,MARRIED,3,Retired,52771.66,653.0,50754.15,84,6.52,personal,3,mumbai,0
LN100121,10-12-2016,35.0,m,Marreid,0,Self-Employed,59637.64,632.0,292772.55,84,10.9,PERSONAL,0,PUNE,0
LN101389,27/02/2016,23.0,female,Marreid,2,unemployed,25050.28,693.0,317650.31,36,8.36,Business,3,Hyderabad,1
LN101817,2022-11-24,33.0,f,married,2,RETIRED,30873.51,804.0,311001.8,24,19.54,education,1,Pune,0
LN101025,05-12-2017,27.0,f,divorced,1,selfemployed,52155.19,808.0,294335.77,24,12.82,BUSINESS,0,Madras,0
LN101087,21-Jan-2022,31.0,Female,Divorced,1,unemployed,39684.49,531.0,235387.03,48,11.98,Edu,0,HYDERABAD,1
LN101273,2021-08-27,24.0,F,SINGLE,0,Self Employed,72601.53,591.0,185346.16,36,15.44,biz,1,HYDERABAD,0
LN100927,02-13-2021,38.0,Male,divorced,1,SALARIED,45211.93,679.0,335989.99,120,12.83,personal,3,hyderabad,0
LN100516,17-Nov-2016,39.0,female,divorced,0,selfemployed,72068.7,864.0,354713.35,24,14.48,HOME,1,Delhi,0
LN100224,11-27-2018,33.0,M,MARRIED,2,Unknown,69089.58,659.0,299266.3,120,16.93,Personal,2,delhi,0
LN101549,2022-06-15,41.0,female,Divorced,1,RETIRED,50417.0,627.0,482882.75,84,5.69,PERSONAL,0,Madras,1
LN100614,2017-11-07,36.0,MALE,married,0,self employed,26766.85,793.0,367213.95,120,13.89,CAR,1,Madras,1
LN100844,02-26-2016,27.0,female,DIVORCED,1,Self-Employed,60621.18,552.0,282419.2,36,8.67,Education,1,Delhi,1
LN101246,2018-10-17,42.0,Male,married,1,self employed,146168.23,752.0,110469.79,48,18.02,Car,2,Bengaluru,0
LN100053,07/12/2022,40.0,Female,single,3,Unemployed,47804.78,628.0,105314.4,84,9.27,Home Loan,0,BANGALORE,1
LN101943,11/05/2018,34.0,F,MARRIED,2,SALARIED,37317.7,818.0,254794.65,120,12.65,car,2,Delhi,0
LN100486,03-Mar-2019,40.0,M,MARRIED,2,UNEMPLOYED,32475.22,603.0,502672.06,24,13.48,Personal,1,chennai,1
LN100859,26/05/2019,38.0,m,Divorced,1,Retired,44512.4,535.0,425339.72,36,7.59,PERSONAL,1,delhi,0
LN100819,2020-08-10,61.0,f,Married,1,Retired,28132.15,748.0,123885.21,120,9.58,home,1,MUMBAI,1
LN101906,2016-08-01,45.0,M,divorced,1,unemployed,90520.08,645.0,53428.61,12,14.6,Edu,1,Madras,0
LN100156,03-10-2016,32.0,M,single,2,UNEMPLOYED,72093.52,479.0,223956.89,36,14.1,CAR,1,PUNE,1
LN101367,06-17-2018,15.0,female,Single,2,unemployed,75572.72,529.0,354969.25,120,9.09,BUSINESS,0,New Delhi,1
LN100601,18-May-2022,54.0,M,Married,1,SALARIED,62333.82,858.0,303286.94,84,8.28,,2,New Delhi,1
LN101930,2015-07-02,37.0,F,divorced,0,Salary,30088.46,578.0,240306.3,60,18.88,Edu,1,delhi,1
LN100249,10-13-2017,39.0,Male,single,2,retired,21378.1,456.0,288653.8,12,14.15,car,1,Bangalore,1
LN100762,19-Oct-2015,38.0,FEMALE,single,0,RETIRED,33377.62,659.0,46754.16,48,11.66,personal,1,HYDERABAD,0
LN101466,05/09/2018,31.0,MALE,Divorced,2,Self-Employed,34886.39,614.0,191798.01,36,14.95,car,0,hyderabad,0
LN101927,06-29-2017,39.0,female,Divorced,2,Retired,30613.23,743.0,81509.98,24,8.92,auto,0,New Delhi,0
LN101131,21/07/2023,,M,married,1,Salary,74668.69,666.0,304664.35,12,10.3,Personal,1,pune,0
LN100543,06/02/2016,36.0,f,MARRIED,3,unemployed,111120.44,633.0,196053.72,84,9.55,Car,1,bangalore,0
LN100794,27-Jan-2017,37.0,FEMALE,Married,0,,126075.9,671.0,110355.22,48,11.66,Education,0,HYDERABAD,0
LN101142,07-12-2015,52.0,Male,DIVORCED,1,Self Employed,63731.47,,156402.37,24,14.48,auto,1,,0
LN101527,2019-11-14,53.0,FEMALE,single,1,self employed,21535.36,612.0,977244.24,36,10.85,home,3,BANGALORE,1
LN100629,05/07/2021,,f,SINGLE,3,retired,33085.42,712.0,92867.75,12,10.54,education,1,Pune,0
LN100151,15/12/2022,22.0,MALE,Divorced,1,Salaried,28193.48,609.0,111944.59,120,8.55,education,3,MUMBAI,1
LN101726,07-24-2017,47.0,MALE,MARRIED,1,Unemployed,31781.31,663.0,137936.63,36,14.66,CAR,1,delhi,0
LN100292,07/05/2019,47.0,M,SINGLE,2,retired,102368.6,-100.0,169281.1,120,6.08,Education,0,HYDERABAD,0
LN100382,24/10/2019,32.0,female,divorced,1,Salary,64011.88,776.0,179592.63,12,10.02,Education,1,HYDERABAD,0
LN100687,2019-04-27,24.0,Male,DIVORCED,2,self employed,49417.53,670.0,110494.62,48,9.13,Auto,0,PUNE,0
LN101368,02-15-2016,43.0,Male,Married,1,unemployed,65120.67,755.0,80897.61,48,11.06,auto,0,PUNE,0
LN101225,15-Sep-2015,52.0,F,MARRIED,3,selfemployed,33266.64,587.0,177809.85,48,16.35,education,1,Delhi,0
LN100898,21/07/2016,34.0,m,MARRIED,1,salaried,,765.0,190499.59,24,10.42,home,0,,0
LN101830,30-Sep-2020,33.0,Female,Divorced,2,Self-Employed,107432.78,582.0,231163.83,120,13.31,,1,bangalore,0
LN100855,20/11/2015,34.0,Male,Divorced,0,Salary,52545.97,726.0,133234.65,36,14.82,home,0,bangalore,0
LN101072,03-16-2015,56.0,M,DIVORCED,2,unemployed,43582.79,587.0,123069.28,84,9.35,Education,0,mumbai,0
LN100555,03-08-2019,50.0,M,DIVORCED,2,unemployed,57520.4,520.0,321519.24,120,12.46,personal,1,Delhi,1
LN101605,10-06-2018,41.0,M,divorced,0,Salaried,47053.4,730.0,154428.83,48,10.19,Car,0,CHENNAI,0
LN101775,24-Apr-2017,49.0,Female,MARRIED,4,retired,77853.35,586.0,239307.61,120,14.26,PERSONAL,3,hyderabad,0
LN100892,09-21-2023,31.0,m,DIVORCED,1,Retired,109345.07,716.0,127233.65,12,13.43,Auto,1,HYDERABAD,0
LN101846,09-20-2019,31.0,F,Marreid,1,retired,18861.4,703.0,493573.41,60,8.25,Business,0,mumbai,1
LN100536,2016-06-30,,MALE,Divorced,1,Self Employed,57282.21,543.0,150523.38,36,12.6,Personal,1,Pune,0
LN101365,10-26-2023,40.0,m,SINGLE,2,N/A,39629.11,799.0,414018.07,60,11.51,,4,Delhi,1
LN100616,06-20-2018,32.0,Female,DIVORCED,1,Salaried,40596.66,517.0,406670.66,120,7.21,CAR,0,pune,0
LN100155,17/03/2020,33.0,MALE,Married,0,unemployed,84488.8,819.0,585528.69,48,9.53,Auto,0,Madras,1
LN101194,2022-03-23,26.0,Female,single,0,salaried,61539.71,649.0,270462.85,84,16.03,CAR,2,chennai,1
LN101802,2016-04-04,60.0,FEMALE,Single,2,retired,46635.62,610.0,126488.38,24,5.82,Business,1,Hyderabad,0
ln100264,12-24-2022,44.0,F,Divorced,0,salaried,30510.49,691.0,76343.91,12,13.54,personal,3,delhi,0
LN101873,06/08/2020,34.0,M,Married,1,Retired,47867.95,674.0,201871.59,48,11.84,education,0,DELHI,0
LN100323,04-Sep-2019,19.0,f,Divorced,3,Salaried,83230.09,634.0,341240.95,48,12.32,Home,0,Hyderabad,0
LN101628,28/05/2017,37.0,Male,Divorced,2,SELF-EMPLOYED,40770.48,788.0,382019.35,120,12.36,HOME,0,DELHI,1
LN101283,2016-05-10,29.0,Male,single,1,UNEMPLOYED,19808.23,454.0,330615.51,12,5.08,PERSONAL,2,mumbai,1
LN100083,13-Sep-2017,39.0,f,Married,1,self employed,38904.39,610.0,160104.1,60,11.67,biz,0,PUNE,0
LN100513,02-01-2018,29.0,M,Married,1,Retired,27888.47,677.0,81510.74,120,9.76,EDUCATION,2,MUMBAI,1
LN101489,09-20-2020,30.0,f,Single,1,retired,140003.21,557.0,220277.37,120,12.78,Auto,0,hyderabad,0
LN101814,09-27-2022,21.0,F,Single,2,Self Employed,59413.9,626.0,207475.46,120,8.64,Auto,1,Delhi,0
LN101708,08-Aug-2021,18.0,MALE,SINGLE,1,Self Employed,29606.07,627.0,66682.42,12,14.34,Auto,1,Mumbai,0
LN100930,12-22-2017,24.0,Male,Divorced,1,SELF-EMPLOYED,29653.71,584.0,256946.81,36,8.61,Edu,3,Pune,1
LN101777,10-Jun-2015,28.0,Female,Married,1,Unemployed,56729.25,702.0,231348.68,84,9.42,Auto,2,Bombay,1
LN101358,2016-05-12,51.0,male,single,2,Unemployed,36350.69,623.0,48263.36,48,6.22,Business,0,delhi,0
LN100011,16/11/2019,52.0,f,DIVORCED,2,Salaried,42362.71,411.0,253181.67,60,9.81,EDUCATION,0,DELHI,1
LN101495,06-15-2016,39.0,MALE,SINGLE,2,RETIRED,63153.16,613.0,493728.92,120,9.8,Edu,0,Mumbai,1
LN100832,10-23-2021,33.0,FEMALE,,1,salaried,57413.45,702.0,488391.83,84,6.48,PERSONAL,2,,1
LN100033,2017-07-02,41.0,MALE,married,1,Salary,45932.51,658.0,301525.51,120,8.55,personal,0,bangalore,1
LN101588,30-Jun-2021,28.0,male,DIVORCED,0,RETIRED,14591.71,680.0,424113.88,24,6.36,Edu,1,PUNE,1
LN100414,26-Dec-2016,27.0,FEMALE,SINGLE,1,RETIRED,80110.3,641.0,91531.72,120,7.07,Personal,0,HYDERABAD,0
LN100581,18-Nov-2015,28.0,male,Divorced,0,self employed,67091.03,568.0,597562.63,12,8.3,education,0,mumbai,1
LN101407,2020-11-09,26.0,Male,DIVORCED,0,selfemployed,54301.61,709.0,46860.31,36,9.4,biz,1,BANGALORE,0
  LN101776  ,20/11/2023,48.0,MALE,Divorced,1,UNEMPLOYED,70739.49,681.0,109941.86,84,14.03,EDUCATION,0,Bangalore,1
LN101564,06/02/2023,24.0,M,single,1,UNEMPLOYED,84701.01,613.0,175802.5,84,10.62,Home,0,delhi,0
LN101132,28-Aug-2019,53.0,Male,Marreid,2,Unemployed,41559.5,648.0,71058.71,24,7.69,Home,0,Madras,0
LN100615,04-30-2020,42.0,Female,single,1,UNEMPLOYED,87865.31,647.0,486505.08,48,14.25,CAR,1,MUMBAI,1
LN101046,04-29-2017,42.0,Male,DIVORCED,1,Retired,42859.78,552.0,1412626.21,120,9.54,Auto,0,Bengaluru,1
LN101403,03-Jan-2022,37.0,Male,married,3,retired,67366.99,744.0,371176.68,120,12.74,Car,2,Pune,1
LN101015,10-20-2023,29.0,m,DIVORCED,0,Self-Employed,49880.45,626.0,108080.2,12,11.48,Personal,1,pune,0
LN100090,02-27-2015,41.0,MALE,Marreid,2,salaried,57943.77,709.0,811908.7,120,10.47,BUSINESS,1,New Delhi,1
LN101958,16-Jan-2018,38.0,m,MARRIED,1,Unemployed,69275.91,771.0,558095.73,36,10.12,Auto,2,,1
LN100602,2018-08-13,34.0,F,Divorced,0,Salary,64040.55,709.0,219457.44,60,8.5,Edu,1,pune,0
LN101238,07/10/2017,39.0,Female,MARRIED,1,retired,,755.0,198911.03,48,6.22,CAR,1,New Delhi,1
LN101938,2022-03-10,55.0,f,Married,0,unemployed,30015.12,582.0,109854.39,48,6.55,Home Loan,0,MUMBAI,0
LN100134,12-Sep-2017,43.0,MALE,Divorced,3,salaried,31281.0,652.0,197524.26,12,14.26,Edu,0,DELHI,0
LN101371,24-Jun-2015,16.0,F,Married,0,salaried,17169.78,768.0,192347.52,12,11.55,Business,0,New Delhi,0
LN100556,2023-12-21,40.0,f,DIVORCED,1,Salary,39847.11,727.0,220985.6,48,11.28,BUSINESS,1,CHENNAI,0
LN101032,15/10/2021,37.0,FEMALE,single,2,RETIRED,38139.43,749.0,82855.12,24,9.73,EDUCATION,2,Pune,0
LN101648,2017-06-03,35.0,MALE,Single,3,Salaried,60779.69,611.0,42529.29,24,15.0,,0,HYDERABAD,0
LN100321,06-Nov-2016,49.0,f,Divorced,0,unemployed,57683.04,624.0,45233.52,36,10.37,Edu,1,bangalore,0
LN101864,11/01/2016,29.0,m,DIVORCED,2,Unknown,74225.79,607.0,86246.32,12,13.89,home,1,HYDERABAD,0
LN101212,02-10-2022,15.0,M,MARRIED,0,salaried,53368.31,635.0,86519.99,36,11.58,Personal,1,delhi,0
LN101828,08-Sep-2020,44.0,Male,Divorced,2,retired,27821.34,508.0,207763.23,120,5.91,CAR,2,Mumbai,0
LN100635,24/11/2020,50.0,M,DIVORCED,0,self employed,92708.39,634.0,428882.99,12,12.07,education,2,Pune,1
LN100553,2020-03-21,59.0,m,MARRIED,1,UNEMPLOYED,28513.48,650.0,113327.19,120,11.89,Home,1,CHENNAI,0
LN101329,28/06/2016,40.0,Male,Single,2,retired,94728.52,701.0,206990.44,24,12.92,Home,0,Bangalore,0
LN101056,26-Jul-2022,28.0,female,MARRIED,1,Salary,30943.67,517.0,139078.83,120,14.31,Auto,1,Bengaluru,0
ln100070,07-31-2019,41.0,MALE,Marreid,0,retired,43156.55,636.0,287631.47,120,13.5,Personal,1,CHENNAI,0
LN100797,2018-05-16,34.0,m,Divorced,0,unemployed,60810.12,639.0,191167.15,12,9.87,PERSONAL,0,delhi,0
LN101748,08-19-2021,45.0,male,MARRIED,3,Unemployed,34243.45,563.0,184427.36,60,9.01,Personal,1,delhi,1
LN101265,27-Aug-2016,32.0,M,Marreid,1,unemployed,115262.92,538.0,261635.19,84,16.27,Edu,0,Bengaluru,0
LN101800,12-Apr-2019,40.0,Male,SINGLE,0,SALARIED,34594.87,643.0,118617.77,48,8.9,Personal,0,Bengaluru,0
LN100175,05-26-2023,45.0,m,Single,0,salaried,40407.13,680.0,126495.25,84,8.27,Home Loan,0,chennai,0
LN100767,23-May-2023,25.0,FEMALE,DIVORCED,2,Salaried,76396.43,741.0,313735.45,60,10.41,education,0,bangalore,0
LN100246,2019-04-19,41.0,Female,Marreid,1,SALARIED,70317.87,629.0,549784.94,60,6.98,Auto,1,delhi,1
LN101081,2022-02-19,40.0,female,DIVORCED,0,Salary,28705.38,711.0,150417.66,120,3.52,personal,0,chennai,0
LN101827,13-Mar-2022,47.0,M,Single,1,Retired,58185.53,548.0,535706.83,12,16.68,personal,3,Mumbai,1
LN100146,2017-03-30,,M,Single,2,UNEMPLOYED,18509.85,702.0,220441.92,60,9.55,BUSINESS,0,hyderabad,0
LN100091,19/03/2016,32.0,MALE,DIVORCED,2,UNEMPLOYED,54824.58,648.0,456742.61,60,18.58,Edu,1,hyderabad,1
LN101417,10-03-2016,27.0,M,Single,2,Unemployed,100194.41,736.0,281310.62,24,10.21,personal,1,hyderabad,1
LN100683,12-25-2020,32.0,Male,Single,2,Self-Employed,78934.99,579.0,107986.09,60,16.08,auto,1,Chennai,0
LN100311,04-25-2018,37.0,Male,SINGLE,1,RETIRED,48108.53,494.0,566060.79,60,11.12,Car,0,hyderabad,1
LN101384,11-08-2020,41.0,FEMALE,DIVORCED,1,selfemployed,32132.76,577.0,103018.39,84,10.77,Car,1,Bengaluru,0
LN100094,08-Jun-2017,38.0,MALE,divorced,3,Salary,51276.0,717.0,77251.85,60,15.49,Education,0,hyderabad,0
LN101650,07/03/2021,56.0,m,divorced,3,self employed,,689.0,466448.36,84,11.99,Car,3,delhi,0
LN100925,08-30-2021,33.0,FEMALE,MARRIED,2,Unemployed,40012.41,658.0,64194.65,12,6.66,home,1,Hyderabad,0
LN101773,2021-04-22,20.0,FEMALE,SINGLE,0,Unemployed,90519.73,709.0,458633.27,24,9.32,biz,1,Chennai,1
LN101036,2018-01-28,41.0,f,MARRIED,1,SALARIED,27260.25,560.0,445538.65,36,16.7,personal,1,DELHI,1
LN101401,16/01/2021,33.0,m,SINGLE,3,Salary,66583.08,699.0,172583.72,12,7.25,business,4,delhi,0
LN100244,01-Aug-2015,30.0,M,MARRIED,5,Self Employed,31721.23,803.0,161044.77,84,15.84,Education,0,bangalore,0
LN101501,2016-12-20,,Male,Divorced,0,Retired,64506.48,595.0,294775.01,48,7.61,Personal,3,hyderabad,1
LN101112,22-Aug-2018,33.0,F,Single,1,unemployed,105507.19,644.0,448657.19,12,12.27,Personal,1,Hyderabad,1
LN100215,2016-08-20,36.0,m,married,0,SELF-EMPLOYED,112502.99,651.0,233629.23,84,7.22,EDUCATION,0,BANGALORE,0
LN101469,08/03/2023,37.0,f,Married,1,salaried,73901.14,646.0,162934.3,60,12.58,Education,1,PUNE,0
LN101198,29-May-2021,24.0,MALE,Divorced,1,salaried,69294.27,630.0,62722.73,12,9.36,Business,2,New Delhi,0
LN100999,2023-02-27,36.0,FEMALE,MARRIED,2,Unemployed,109049.98,710.0,246116.38,48,9.8,HOME,2,delhi,0
LN100854,22-Oct-2022,32.0,female,married,1,self employed,19505.79,566.0,213436.3,120,10.46,home,0,Chennai,1
LN100426,2018-08-22,,female,Divorced,0,Unemployed,146218.28,615.0,123457.57,84,8.76,home,1,hyderabad,0
LN101855,2015-09-07,38.0,MALE,single,2,Self-Employed,27967.42,888.0,317701.42,24,7.34,home,0,Mumbai,0
LN101143,24-Jan-2021,51.0,m,Married,1,Self Employed,46858.07,755.0,439915.54,60,12.29,auto,0,mumbai,1
LN101144,11/08/2018,39.0,M,single,1,Salary,27681.75,543.0,611367.88,120,14.21,biz,0,Madras,1
LN100227,09/04/2023,18.0,FEMALE,Divorced,1,SELF-EMPLOYED,57516.43,604.0,187762.68,36,12.04,Auto,0,Chennai,0
LN101711,11-20-2021,67.0,MALE,Marreid,1,RETIRED,125142.98,661.0,129870.43,60,11.35,education,1,DELHI,0
LN100001,2015-05-11,43.0,Male,married,3,Unemployed,45746.38,708.0,577302.05,84,10.3,housing,0,New Delhi,1
LN101419,2020-12-12,,Male,single,0,retired,86682.44,737.0,81529.58,24,11.41,EDUCATION,0,PUNE,0
LN100402,07/02/2019,29.0,f,divorced,2,Unemployed,26500.82,667.0,443002.96,36,8.18,CAR,0,CHENNAI,1
LN101429,26-Jun-2023,25.0,female,divorced,4,SELF-EMPLOYED,26344.3,689.0,401378.97,12,13.71,Education,1,Pune,1
LN101104,25/02/2022,16.0,FEMALE,Marreid,0,self employed,159501.26,854.0,226821.24,36,7.19,Education,0,CHENNAI,0
LN100085,25-Apr-2019,45.0,F,SINGLE,2,UNEMPLOYED,50186.86,760.0,123204.12,12,9.47,Edu,4,bangalore,0
LN100163,27-Oct-2016,35.0,f,DIVORCED,3,Retired,97483.48,591.0,113614.41,120,9.55,,2,pune,0
LN100115,2015-11-09,27.0,f,SINGLE,4,Salary,,674.0,126058.39,60,14.22,education,0,bangalore,0
LN100671,11/03/2018,40.0,f,Single,3,Salary,34514.15,495.0,65804.53,48,9.59,business,3,Bengaluru,0
LN101175,27/01/2016,35.0,m,Divorced,2,Unemployed,42080.74,676.0,128474.05,48,11.25,Business,0,hyderabad,0
LN101619,10-15-2023,53.0,f,Divorced,2,Retired,29346.01,703.0,1082761.84,24,11.94,Home Loan,0,bangalore,1
LN101592,25/12/2022,52.0,Female,Divorced,3,Retired,42819.43,809.0,541525.37,84,9.26,auto,1,Pune,1
LN101799,03/09/2018,44.0,M,SINGLE,1,Self-Employed,62610.14,751.0,88380.18,84,14.22,Edu,1,bangalore,0
LN101393,07-28-2017,11.0,Male,single,1,Retired,58307.16,636.0,133696.9,60,13.29,Home,1,PUNE,0
LN101568,23-Oct-2023,34.0,M,MARRIED,0,Unemployed,29043.81,706.0,238203.64,120,10.99,personal,0,hyderabad,1
LN100890,2020-08-27,34.0,female,Divorced,2,retired,82899.74,545.0,154787.65,24,13.86,Personal,0,delhi,0
LN101502,14/01/2017,51.0,male,Divorced,0,RETIRED,40574.83,693.0,324070.09,48,10.08,business,0,DELHI,0
LN101557,18/03/2016,41.0,Male,DIVORCED,0,Self Employed,93082.92,683.0,166623.19,12,13.49,car,0,hyderabad,0
LN100626,05-Dec-2021,46.0,female,Single,2,Retired,76907.13,567.0,311349.88,120,13.0,HOME,0,bangalore,0
LN101537,03-22-2015,51.0,Male,SINGLE,1,RETIRED,60713.35,580.0,312969.48,120,9.84,Personal,1,,1
LN101609,06-01-2016,32.0,F,single,2,Retired,14289.11,493.0,251627.75,84,14.79,business,0,delhi,1
LN101097,10/05/2021,5.0,M,DIVORCED,1,SALARIED,109356.39,694.0,250415.33,48,10.81,Business,1,New Delhi,0
LN100953,2016-04-13,13.0,male,divorced,1,salaried,92443.87,667.0,152399.84,36,13.57,Personal,1,DELHI,0
LN100808,2021-06-14,27.0,M,Married,1,retired,18656.83,491.0,81773.8,36,8.33,home,1,delhi,0
LN100259,07-08-2017,31.0,male,single,0,Salary,44700.38,595.0,42450.92,12,13.69,car,1,New Delhi,0
LN100625,23/09/2021,29.0,male,,2,unemployed,,865.0,116172.73,84,10.77,Personal,3,chennai,0
LN100827,05-02-2023,43.0,Female,DIVORCED,1,Salaried,102118.75,661.0,131411.22,36,5.48,CAR,0,Bengaluru,0
LN100235,15/02/2021,38.0,f,SINGLE,1,Salaried,35600.6,559.0,91926.51,60,14.75,Education,0,hyderabad,0
LN100136,2016-06-30,43.0,Female,Single,1,Unemployed,50362.1,487.0,126428.14,36,2.34,housing,0,hyderabad,1
LN100617,27/06/2023,38.0,m,Single,0,SELF-EMPLOYED,79773.97,834.0,298875.25,120,15.74,personal,0,Bangalore,0
LN100731,2019-05-20,53.0,male,DIVORCED,2,Self Employed,25974.85,571.0,320052.33,60,11.81,biz,1,chennai,1
LN101149,2017-11-12,23.0,F,Married,0,Salary,33347.06665521955,709.0,1229030.14,84,12.43,EDUCATION,1,New Delhi,1
LN100837,19-Sep-2022,25.0,female,Single,1,Unemployed,174672.93,840.0,78633.95,120,13.45,Business,0,HYDERABAD,0
LN100843,10-30-2016,30.0,Male,married,1,UNEMPLOYED,70313.42,415.0,540878.23,120,13.99,Auto,2,pune,1
LN100960,09-23-2019,33.0,FEMALE,divorced,0,Salaried,24532.18,738.0,115505.74,120,8.66,Education,0,DELHI,0
LN100593,07-Oct-2015,45.0,M,married,0,retired,16699.51,690.0,127133.11,12,15.96,Home,3,Hyderabad,1
LN101315,03-16-2021,44.0,male,MARRIED,0,Salaried,71689.59,741.0,1018633.75,24,12.25,auto,1,New Delhi,1
LN101526,09-24-2023,59.0,F,Divorced,1,retired,44806.84,669.0,64685.55,60,9.43,,2,PUNE,1
LN101563,05-12-2021,35.0,m,DIVORCED,1,,35514.24,668.0,211601.44,60,11.19,personal,1,pune,1
LN101292,09-01-2018,23.0,M,single,0,unemployed,23055.7,699.0,430460.25,120,16.84,EDUCATION,0,PUNE,1
LN101606,02/10/2021,42.0,FEMALE,Divorced,2,retired,40007.47,635.0,154541.07,12,15.56,Auto,1,BANGALORE,0
LN100344,09/07/2018,36.0,male,DIVORCED,1,RETIRED,47077.98,654.0,94615.49,48,8.85,BUSINESS,3,HYDERABAD,0
LN101735,20/01/2022,35.0,MALE,Divorced,2,UNEMPLOYED,28102.62,735.0,115025.38,36,9.53,biz,1,Bombay,0
LN101912,08/10/2021,37.0,M,single,2,selfemployed,18680.94,,77571.99,12,12.98,PERSONAL,0,MUMBAI,0
LN100294,10-Nov-2020,27.0,Male,SINGLE,0,UNEMPLOYED,117439.85,733.0,168452.87,24,14.41,auto,0,New Delhi,0
LN100365,01-20-2020,42.0,female,SINGLE,2,Self-Employed,59214.08,596.0,247779.47,36,12.42,home,1,BANGALORE,1
LN100179,2021-07-13,61.0,female,Single,0,SALARIED,44893.89,661.0,292447.3,48,11.13,personal,1,Bengaluru,1
LN100660,2023-10-09,54.0,female,single,0,Salaried,60194.56,670.0,89807.78,120,8.53,Home,0,PUNE,0
LN100997,04-16-2015,48.0,male,Divorced,1,Self-Employed,61673.04,732.0,159966.98,24,9.03,business,0,New Delhi,0
LN100015,2018-10-16,0.0,FEMALE,divorced,2,unemployed,31028.29,705.0,177609.72,84,9.84,home,0,Mumbai,0
LN101111,2015-08-31,27.0,f,divorced,1,Retired,68046.19,656.0,57620.78,36,12.39,Personal,2,BANGALORE,0
LN101395,06-27-2016,49.0,female,Married,3,self employed,41928.09,659.0,624391.82,84,7.87,car,3,mumbai,1
LN100166,2015-05-10,35.0,m,DIVORCED,1,Retired,62424.48,600.0,138551.59,84,11.89,biz,0,mumbai,1
LN101983,2016-10-08,35.0,m,divorced,1,retired,98613.11,754.0,109184.46,84,14.94,Auto,0,pune,0
LN101360,2023-02-18,7.0,Female,Single,2,Unemployed,138016.23,606.0,1096151.79,48,12.13,Personal,0,pune,1
LN100060,27/02/2015,43.0,F,MARRIED,0,Unemployed,91460.6,736.0,210541.57,84,9.54,CAR,0,MUMBAI,0
LN100710,23/08/2015,28.0,male,divorced,3,retired,69121.37,610.0,110302.88,36,9.57,EDUCATION,1,delhi,0
LN100677,05-Aug-2016,47.0,Male,single,0,unemployed,36183.89,631.0,529378.82,12,15.62,Edu,1,delhi,1
LN101379,14/02/2022,33.0,F,DIVORCED,1,retired,161215.26,541.0,258448.83,120,17.36,Edu,1,Hyderabad,0
LN100781,01-01-2016,26.0,f,MARRIED,1,Retired,31966.77,541.0,106918.32,48,2.45,HOME,1,Delhi,1
LN100425,03-Nov-2017,28.0,F,DIVORCED,0,Unemployed,68984.02,637.0,462114.03,48,9.67,housing,1,Pune,1
LN100293,2018-01-05,25.0,F,MARRIED,3,SELF-EMPLOYED,56908.27,645.0,279125.02,36,6.05,personal,1,bangalore,0
LN101066,24/02/2023,54.0,M,married,0,Salary,72035.22,677.0,933383.08,60,9.41,housing,0,delhi,1
LN101885,09/04/2017,31.0,MALE,DIVORCED,1,Self-Employed,44573.39,811.0,531782.21,12,10.57,biz,1,Delhi,1
LN100330,21-Dec-2023,37.0,female,single,2,Salary,29996.87,750.0,1008554.33,36,11.59,Edu,1,hyderabad,1
LN101639,2023-04-08,18.0,male,MARRIED,1,self employed,43520.62,773.0,61666.47,24,16.55,Education,0,Delhi,0
LN100430,30/06/2020,39.0,M,divorced,1,Salary,79036.25,679.0,979473.19,36,5.1,BUSINESS,0,PUNE,1
LN101013,2023-05-30,56.0,Female,Single,3,Self Employed,35485.48,606.0,285204.7,120,15.87,car,1,DELHI,0
LN100080,04-06-2019,37.0,F,divorced,1,UNEMPLOYED,118824.19,593.0,706949.13,12,13.12,HOME,2,HYDERABAD,1
LN101053,04/01/2015,39.0,Female,MARRIED,0,SALARIED,44766.73,651.0,236050.94,24,7.71,personal,2,Bombay,1
LN100938,08-25-2020,39.0,f,Single,2,SELF-EMPLOYED,105722.07,638.0,334433.23,36,10.56,auto,2,CHENNAI,0
LN100835,04-10-2022,55.0,M,married,1,Self Employed,58992.77,596.0,82670.56,84,12.19,auto,1,Delhi,0
LN100750,2017-10-28,38.0,male,divorced,0,retired,39334.71,602.0,93618.6,12,9.71,housing,0,Pune,0
LN100891,19/01/2022,34.0,F,Married,1,Self Employed,81365.04,766.0,267093.38,84,11.41,Home,2,Chennai,0
LN100255,08-14-2015,32.0,female,Marreid,1,salaried,25791.1,638.0,224971.35,36,2.95,Home Loan,0,PUNE,1
LN101825,10-Sep-2019,67.0,m,Single,0,selfemployed,55783.61,694.0,71106.51,48,10.81,housing,2,Chennai,0
LN101483,2018-01-07,55.0,MALE,married,3,Retired,49963.21,700.0,141186.94,120,11.62,BUSINESS,0,Pune,0
LN101307,08/03/2019,45.0,FEMALE,Marreid,1,unemployed,55416.505931135594,496.0,115411.38,24,7.5,biz,0,chennai,0
LN101408,2015-04-18,26.0,M,single,1,SALARIED,,639.0,145217.31,24,8.41,housing,0,Madras,0
LN101338,2020-07-10,44.0,f,Married,1,Retired,31880.39,595.0,46122.29,60,10.12,Home,0,Bombay,0
LN101109,04-07-2015,42.0,MALE,Divorced,3,,36505.22,693.0,643107.85,84,13.99,CAR,3,Bengaluru,1
LN101599,01-05-2020,53.0,Male,Single,1,retired,54204.75,766.0,752559.99,12,7.6,home,0,Bangalore,1
LN100137,06-01-2015,27.0,female,SINGLE,1,RETIRED,60390.99,588.0,190258.72,36,9.31,car,0,New Delhi,0
LN101136,2022-02-01,35.0,M,Divorced,2,retired,92465.75,673.0,258528.76,120,7.25,Business,3,hyderabad,0
LN101219,01-28-2022,34.0,Male,divorced,0,Salaried,65256.87,694.0,276594.82,120,9.85,Business,0,Bombay,0
LN100853,29/02/2020,28.0,M,Married,0,Retired,49355.66,664.0,624101.47,120,9.21,EDUCATION,1,MUMBAI,1
LN101203,24-May-2017,22.0,m,single,0,selfemployed,49118.66,749.0,189358.28,24,7.23,biz,1,Bengaluru,0
LN101989,2020-01-02,36.0,Male,Divorced,4,Retired,101069.88,710.0,388723.93,48,11.14,PERSONAL,1,Bangalore,0
LN100724,05-Jan-2017,56.0,FEMALE,single,3,retired,41560.9,642.0,195700.71,48,10.97,EDUCATION,1,Chennai,0
LN100860,02-Mar-2019,43.0,MALE,,1,retired,,795.0,115925.46,120,14.43,personal,0,Mumbai,0
LN100970,2016-04-12,35.0,Male,Married,2,UNEMPLOYED,58589.74,778.0,257810.67,1200,11.51,Auto,1,,0
LN100497,10-18-2015,14.0,f,Marreid,1,selfemployed,136092.35,,262682.95,36,10.83,HOME,0,PUNE,0
LN100951,08-08-2021,26.0,f,DIVORCED,3,selfemployed,41384.66,781.0,74128.02,48,6.4,BUSINESS,0,MUMBAI,0
LN100806,07/12/2022,45.0,m,Marreid,3,self employed,45538.8,652.0,175920.7,36,14.24,BUSINESS,0,DELHI,0
LN100130,2018-12-02,36.0,male,Divorced,1,unemployed,31196.03,583.0,472250.68,36,14.27,Personal,1,Bombay,1
LN100338,28-Jan-2019,30.0,male,DIVORCED,3,retired,76827.98,,112479.78,36,10.7,biz,1,HYDERABAD,0
LN100731,2019-05-20,53.0,male,DIVORCED,2,Self Employed,25974.85,571.0,320052.33,60,11.81,biz,1,chennai,1
LN100609,16/11/2017,49.0,FEMALE,Divorced,2,Unemployed,36842.52,653.0,388116.92,120,9.55,personal,1,bangalore,1
LN101149,2017-11-12,23.0,F,Married,0,Salary,33711.5,709.0,1229030.14,84,12.43,EDUCATION,1,New Delhi,1
LN100196,09-25-2018,67.0,Male,DIVORCED,0,selfemployed,42836.28,757.0,157026.76,48,12.24,business,1,chennai,0
LN101251,2016-09-15,33.0,Female,MARRIED,1,UNEMPLOYED,47688.68,568.0,157451.41,60,9.9,business,0,chennai,1
LN101293,08-Jan-2016,51.0,f,DIVORCED,3,retired,67410.73,790.0,123567.72,120,11.3,business,0,CHENNAI,0
LN100485,10-Nov-2016,51.0,F,Single,2,salaried,35647.71979929002,613.0,258983.15,24,6.87,Edu,0,HYDERABAD,0
LN100910,2015-07-15,38.0,FEMALE,MARRIED,1,RETIRED,100704.95,621.0,148407.59,48,7.54,Business,3,delhi,0
LN100585,26-May-2017,13.0,m,Single,1,self employed,41134.85,629.0,328025.02,12,6.8,Business,2,Hyderabad,1
LN100104,2023-02-01,57.0,female,Divorced,3,SALARIED,58627.72,685.0,320299.43,84,9.26,personal,1,hyderabad,1
LN101618,2018-09-23,,MALE,Divorced,2,Self Employed,59918.07,786.0,200349.3,60,12.27,Car,0,DELHI,0
LN101951,08-09-2021,49.0,M,single,2,Retired,56687.12,828.0,1060879.53,60,13.29,auto,1,chennai,1
LN101970,29-Jul-2015,59.0,M,DIVORCED,1,SELF-EMPLOYED,45304.3,619.0,262883.63,84,8.9,EDUCATION,1,Bombay,0
LN100720,01-03-2017,27.0,f,divorced,1,salaried,30747.64,633.0,155301.02,120,9.14,BUSINESS,2,Madras,0
LN100885,2020-08-23,26.0,m,SINGLE,1,Retired,30064.76,758.0,262642.06,12,8.62,Business,0,hyderabad,0
LN100777,2023-12-08,33.0,MALE,married,0,UNEMPLOYED,55112.38,703.0,361256.78,48,9.52,Business,3,Bombay,1
LN101570,29-Apr-2015,999.0,F,single,0,Salary,48013.67,613.0,321850.66,48,13.0,car,1,PUNE,1
LN100850,03-Oct-2019,32.0,female,married,2,SALARIED,49168.6,510.0,219109.97,84,10.05,personal,0,BANGALORE,0
LN100895,2020-06-15,35.0,MALE,Single,0,Unemployed,80017.62,677.0,444037.19,12,12.03,Personal,1,Chennai,1
LN100228,02-07-2019,26.0,FEMALE,MARRIED,1,salaried,28483.7,711.0,88951.29,48,13.0,housing,1,delhi,0
LN101985,02-15-2019,35.0,MALE,divorced,1,Self-Employed,0.0,681.0,115430.02,48,13.24,biz,0,Mumbai,0
LN101326,30-Sep-2018,,Female,DIVORCED,1,salaried,80561.45,624.0,53763.82,24,13.54,Education,2,Madras,0
LN101300,26/07/2016,28.0,MALE,Marreid,1,RETIRED,32601.26,708.0,60165.83,36,9.25,personal,1,Bangalore,0
LN100127,09-Jun-2023,22.0,Female,DIVORCED,0,retired,18834.52,737.0,430556.74,84,11.91,Auto,1,pune,1
LN100406,11-30-2017,38.0,male,single,4,salaried,50649.03,657.0,108938.28,48,10.38,Home Loan,1,hyderabad,0
LN100776,27-Nov-2018,53.0,Female,Single,3,UNEMPLOYED,32494.7,460.0,566015.1,12,5.08,biz,1,Chennai,1
LN100822,2019-07-02,75.0,Female,DIVORCED,2,self employed,68751.49,613.0,94913.56,24,5.36,car,2,delhi,0
LN100712,2023-11-07,41.0,f,single,1,UNEMPLOYED,62185.43,703.0,31061.37,60,15.1,education,3,New Delhi,0
LN101993,10/03/2015,37.0,male,Single,0,retired,59695.79,588.0,141874.43,120,8.07,housing,1,delhi,0
LN101061,2019-09-27,29.0,Female,Marreid,1,Self Employed,80814.51,580.0,116640.09,84,13.33,Personal,2,Madras,0
LN101164,25-Oct-2020,38.0,Male,SINGLE,1,retired,73791.29,493.0,211026.87,36,10.79,,0,chennai,0
LN100304,16-Mar-2020,33.0,Male,Single,3,Self-Employed,41158.78,542.0,162011.3,120,11.46,education,0,Bengaluru,0
LN100268,10-07-2016,49.0,m,single,1,Unemployed,134594.87,737.0,250546.89,48,15.9,personal,2,Delhi,1
LN101558,06-29-2019,27.0,FEMALE,married,0,SALARIED,36194.7,729.0,203682.74,24,5.61,HOME,2,Bangalore,0
LN100546,23/04/2018,35.0,M,single,1,Self-Employed,45666.54,662.0,331029.59,12,12.91,Personal,0,bangalore,1
LN100213,31-Mar-2021,35.0,FEMALE,married,0,unemployed,53966.43,738.0,118236.17,12,4.52,home,1,Madras,0
LN100897,2017-11-08,22.0,F,DIVORCED,3,RETIRED,46361.9,665.0,205254.5,12,14.99,home,1,PUNE,0
LN101493,07-Feb-2022,52.0,Female,single,1,Self-Employed,23482.49,611.0,141033.17,120,11.03,Personal,1,Pune,0
LN101223,09/02/2017,50.0,male,DIVORCED,1,Unemployed,50719.53,727.0,558071.18,12,5.28,Car,0,Hyderabad,1
LN101697,13-Sep-2018,38.0,Male,SINGLE,2,Unemployed,34551.82,511.0,369486.38,120,12.39,Education,0,DELHI,1
LN100917,2021-06-22,28.0,f,Married,1,SELF-EMPLOYED,26733.47,720.0,189892.39,48,10.96,Edu,0,MUMBAI,0
LN101552,02-Nov-2021,36.0,f,SINGLE,2,Retired,31888.44,642.0,396619.69,120,9.68,housing,0,CHENNAI,1
LN100676,02-22-2019,38.0,Female,Single,0,selfemployed,25134.55,512.0,327736.61,48,9.73,biz,2,Delhi,1
LN101290,06/10/2016,38.0,f,SINGLE,3,self employed,113439.83,865.0,288300.78,48,8.02,biz,2,HYDERABAD,0
LN100815,03-14-2019,2.0,MALE,married,0,Salary,56873.23,649.0,219254.29,12,11.16,education,3,Madras,0
LN101266,21/01/2020,51.0,F,divorced,2,Retired,64487.32,,135009.4,84,7.08,CAR,1,BANGALORE,0
LN100343,11-05-2018,56.0,f,single,2,UNEMPLOYED,126581.84,664.0,406960.52,12,11.53,business,1,BANGALORE,1
LN100550,07-03-2022,60.0,MALE,single,1,self employed,61975.17,605.0,503651.49,12,8.08,Car,1,New Delhi,1
LN101411,11-Sep-2017,23.0,female,Married,3,RETIRED,28702.68,565.0,425053.51,36,10.56,Personal,1,chennai,1
LN101215,03-20-2015,43.0,Female,married,0,UNEMPLOYED,68379.27,597.0,91728.76,36,11.26,Business,1,HYDERABAD,0
LN100967,04/02/2021,23.0,M,single,3,selfemployed,31454.44,502.0,79631.83,36,12.44,Home,1,DELHI,0
LN101231,05-28-2018,33.0,FEMALE,Single,1,Self Employed,38128.1,728.0,160218.96,12,5.62,Home Loan,1,chennai,0
LN100296,09-03-2021,39.0,male,Marreid,2,self employed,29604.1,625.0,327949.1,24,13.56,Home Loan,3,mumbai,1
LN100696,07-04-2023,39.0,Male,Marreid,1,NA,34656.12,660.0,1045622.03,120,11.9,home,1,Hyderabad,1
  LN101453  ,12-19-2019,46.0,Male,,2,Unemployed,101969.91,678.0,134733.61,84,10.69,Education,0,Madras,0
LN100074,26/04/2016,,male,Marreid,4,UNEMPLOYED,117877.01,462.0,651817.22,84,11.63,home,1,New Delhi,1
LN100606,2017-01-09,43.0,female,SINGLE,1,retired,34092.08,618.0,53616.94,48,7.48,biz,1,HYDERABAD,0
LN100105,04-15-2016,57.0,F,Marreid,0,salaried,54119.8,591.0,141673.43,36,10.04,Car,1,Bengaluru,0
LN100646,07-Feb-2020,999.0,MALE,SINGLE,2,Salaried,94892.3,659.0,105381.88,24,13.87,EDUCATION,1,PUNE,0
LN101405,2020-05-23,54.0,Male,Single,2,Salaried,63304.24,704.0,93547.83,120,13.21,Business,4,delhi,0
LN100495,25/05/2019,45.0,F,married,0,retired,232455.74,722.0,109793.22,12,9.73,auto,1,Bengaluru,0
LN101041,04-27-2016,54.0,m,DIVORCED,1,Retired,37675.26,610.0,351834.43,60,6.13,HOME,1,Bengaluru,1
LN100440,25/04/2021,39.0,f,SINGLE,1,unemployed,35848.53,658.0,131225.51,36,9.38,PERSONAL,0,bangalore,1
LN101020,2016-09-08,51.0,f,single,0,Self-Employed,21282.56,751.0,840957.07,48,11.76,personal,1,hyderabad,1
LN100092,22/04/2016,44.0,m,Married,2,UNEMPLOYED,85336.01,723.0,283535.28,48,14.2,PERSONAL,2,BANGALORE,0
LN101113,03-30-2021,51.0,male,Married,1,UNEMPLOYED,43093.94,765.0,184884.85,120,8.42,Personal,1,Bengaluru,1
LN101848,2018-08-02,,F,Single,0,Unemployed,89462.76,,249976.91,36,12.53,Car,3,Delhi,1
LN100909,2021-11-13,41.0,F,single,2,unemployed,65308.9,775.0,457632.22,12,150.0,housing,2,BANGALORE,1
LN101475,22-Jun-2023,52.0,MALE,Single,1,self employed,77396.4,669.0,235250.58,84,10.09,Education,3,hyderabad,0
LN101742,2023-04-20,41.0,MALE,divorced,0,SELF-EMPLOYED,63215.56,673.0,386712.65,24,6.51,Edu,2,mumbai,0
LN100103,2019-11-04,26.0,F,Marreid,0,unemployed,42593.2,811.0,311324.17,36,9.29,Home,0,Delhi,1
LN100239,06-23-2021,,male,divorced,1,self employed,29673.85,668.0,208676.61,120,8.83,Auto,0,chennai,1
LN101794,03-May-2018,61.0,FEMALE,Single,0,unemployed,63664.56,733.0,513202.12,36,9.05,education,0,bangalore,1
  LN100943  ,01/01/2015,11.0,M,Marreid,2,UNEMPLOYED,,738.0,166915.19,24,11.62,business,0,Delhi,1
LN101271,2018-04-26,47.0,female,Married,1,,74396.94,579.0,474905.81,84,4.35,Car,0,Delhi,1
LN100939,29/12/2015,53.0,FEMALE,single,1,retired,19344.6,588.0,186094.83,48,12.24,housing,1,New Delhi,1
LN101853,10/06/2015,28.0,male,SINGLE,0,Unemployed,41105.26,500.0,508874.51,48,10.15,Edu,1,BANGALORE,1
LN101182,17-Apr-2021,17.0,FEMALE,Marreid,1,retired,47468.12,681.0,79281.37,36,9.34,,0,DELHI,0
LN101504,15-May-2016,41.0,M,married,4,UNEMPLOYED,122665.41,687.0,537697.98,24,14.0,EDUCATION,1,BANGALORE,1
LN101670,2020-09-11,33.0,M,Married,1,unemployed,20880.28,700.0,247187.92,12,11.49,BUSINESS,0,pune,1
LN100006,27/12/2020,26.0,female,,1,unemployed,22211.22,719.0,136393.7,48,6.96,housing,1,Hyderabad,0
LN101914,09/10/2021,41.0,M,Single,2,Unemployed,50447.47,704.0,212820.72,24,4.98,Education,1,,0
LN100966,06-29-2015,44.0,Male,Married,1,Self-Employed,67879.06,639.0,88442.02,84,8.95,Auto,1,MUMBAI,0
LN100019,09/03/2020,28.0,male,divorced,1,self employed,32600.89,643.0,252409.08,120,11.83,Auto,2,MUMBAI,1
LN101431,2023-05-19,21.0,Female,MARRIED,0,NA,26057.59,679.0,515414.21,36,11.12,auto,0,pune,1
LN100122,23-Jan-2016,39.0,FEMALE,DIVORCED,0,retired,98321.81,732.0,66214.16,36,8.03,HOME,1,DELHI,0
LN100662,2023-08-17,27.0,Female,Single,2,,120480.12,699.0,103196.02,120,14.32,home,0,Madras,0
LN101772,13-Jan-2022,44.0,Female,Single,1,RETIRED,28939.32,679.0,385389.73,84,13.0,Business,0,CHENNAI,1
LN100275,11-10-2018,35.0,female,Marreid,0,selfemployed,,680.0,246696.74,24,9.0,,0,pune,0
LN100434,11/06/2020,31.0,Female,married,1,Salaried,40047.4,588.0,72920.87,84,11.44,Car,2,Mumbai,0
LN100812,11-Apr-2023,32.0,female,single,2,SALARIED,22926.61,733.0,151720.94,12,11.55,EDUCATION,0,,0
LN101301,02-May-2023,51.0,Female,Single,3,Salaried,85968.17,836.0,169309.97,12,15.74,BUSINESS,0,Mumbai,0
LN101336,15/06/2018,52.0,FEMALE,single,2,Retired,63103.49,738.0,141108.39,12,15.59,HOME,0,Bangalore,0
LN101483,2018-01-07,55.0,MALE,married,3,Retired,49963.21,700.0,141186.94,120,11.62,BUSINESS,0,Pune,0
LN101995,04-02-2023,39.0,M,divorced,1,UNEMPLOYED,98768.57,721.0,39912.17,84,7.84,Home,1,Mumbai,0
LN101571,2015-08-10,29.0,M,Single,3,unemployed,26629.98,611.0,420035.07,24,9.88,Auto,2,Bengaluru,1
LN100182,2015-11-16,49.0,f,DIVORCED,3,self employed,49545.95,821.0,190524.76,48,8.87,housing,1,CHENNAI,0
LN100185,2018-11-12,25.0,MALE,Divorced,0,Unemployed,51755.18,647.0,171839.85,84,10.61,Business,1,New Delhi,0
LN100407,15/04/2022,27.0,F,MARRIED,1,Salary,26652.61,741.0,340842.34,36,12.95,business,0,PUNE,1
LN101744,2018-12-01,40.0,FEMALE,MARRIED,1,salaried,46967.87,642.0,233541.8,12,13.48,biz,3,PUNE,1
LN100866,13-Jun-2015,36.0,m,MARRIED,2,unemployed,27167.31,793.0,131739.72,120,6.67,EDUCATION,3,pune,0
LN101631,01-13-2015,41.0,MALE,Divorced,3,UNEMPLOYED,154025.46,636.0,256320.89,12,13.68,Education,0,Mumbai,0
LN101717,21/09/2023,34.0,female,,0,UNEMPLOYED,-5000.0,612.0,232097.64,120,9.22,EDUCATION,1,chennai,1
LN100521,21/08/2015,32.0,F,Single,1,Self Employed,23353.63,576.0,89887.91,84,9.76,Home,1,Pune,0
LN101004,01-07-2017,45.0,f,Divorced,2,RETIRED,39173.44,522.0,965440.72,84,10.5,Edu,0,PUNE,1
LN100381,2023-06-09,51.0,m,SINGLE,2,salaried,59271.5,562.0,159976.88,120,9.16,Business,0,PUNE,0
LN101435,23/07/2023,23.0,MALE,Divorced,1,Unknown,43191.08,542.0,175876.42,36,16.8,PERSONAL,0,Madras,1
LN101659,15-Aug-2017,45.0,M,single,2,RETIRED,27295.56,842.0,200805.41,12,11.15,personal,0,New Delhi,0
LN101394,2022-01-13,38.0,F,DIVORCED,3,unemployed,43966.1,600.0,83897.39,12,9.17,Car,1,Hyderabad,0
LN101425,2015-02-04,28.0,F,SINGLE,1,Retired,62686.86,719.0,94903.01,12,8.88,PERSONAL,0,HYDERABAD,0
LN101613,06-10-2021,29.0,Female,MARRIED,1,Retired,71637.8,650.0,254337.49,48,11.02,,1,Delhi,0
LN100428,2022-11-12,19.0,male,MARRIED,2,SELF-EMPLOYED,31005.79,744.0,338456.02,36,13.81,Home,0,bangalore,0
LN100079,07/08/2019,39.0,male,Single,1,Unemployed,53611.47,704.0,68636.11,48,10.98,biz,1,delhi,0
LN101598,09-25-2019,15.0,FEMALE,Married,0,SALARIED,98216.95,605.0,528022.78,36,9.03,personal,0,hyderabad,1
LN101010,10-02-2023,,Male,DIVORCED,1,Unemployed,34740.2,622.0,263487.54,60,13.01,Home,1,Chennai,1
LN101603,06/04/2015,43.0,M,single,0,Retired,84259.67931945871,651.0,40203.27,36,11.74,housing,1,Madras,0
LN101662,12-29-2015,51.0,female,married,1,Retired,51638.52,833.0,353307.79,84,13.05,Personal,2,Chennai,0
LN100608,08-02-2023,48.0,m,Single,1,Self Employed,92573.86,520.0,354581.0,60,8.53,car,1,HYDERABAD,1
LN101879,11-01-2016,32.0,f,Married,1,Self-Employed,59419.35,861.0,131973.33,84,11.44,Edu,0,Bengaluru,0
ln101339,2022-06-21,56.0,Male,,3,Salary,62856.46,484.0,82008.47,120,11.17,CAR,1,Bengaluru,0
LN101925,06-25-2023,58.0,FEMALE,married,0,selfemployed,43009.07,733.0,172810.83,120,11.07,Business,5,hyderabad,1
  LN101058  ,05-15-2017,45.0,F,married,2,Salary,28610.32,774.0,894566.4,36,12.56,Auto,1,Mumbai,1
LN101441,21/05/2021,44.0,f,SINGLE,0,self employed,47777.14,706.0,162151.27,60,9.0,HOME,1,DELHI,0
LN101515,2021-12-04,45.0,Male,Single,3,Salary,57061.16,578.0,659611.7,60,15.01,car,2,Delhi,1
LN101586,08/08/2015,39.0,F,single,1,Self Employed,72755.96,589.0,639899.06,120,13.2,EDUCATION,1,BANGALORE,1
LN101092,04-23-2019,32.0,FEMALE,Single,0,RETIRED,27819.12,629.0,421896.31,60,10.99,car,1,,1
LN101561,23-Nov-2015,38.0,M,single,2,Salaried,31996.79,589.0,4571532.18,120,14.06,business,1,DELHI,1
LN101102,03-28-2022,54.0,FEMALE,Divorced,1,unemployed,25786.32,773.0,89648.23,12,-5.0,Edu,0,pune,1
LN101130,12-22-2021,29.0,male,MARRIED,1,Salary,104853.57,621.0,580201.04,36,9.07,PERSONAL,2,Bengaluru,1
LN101236,10/12/2022,36.0,f,SINGLE,3,UNEMPLOYED,,649.0,145764.4,120,6.42,car,1,bangalore,0
LN101861,2016-09-06,50.0,M,divorced,1,SALARIED,57946.7,631.0,131528.89,12,13.47,education,0,,0
LN100959,28/12/2020,27.0,M,divorced,1,unemployed,56071.78,666.0,260901.24,12,7.92,home,2,Bangalore,0
LN101663,2016-02-20,14.0,female,MARRIED,1,RETIRED,80753.15,514.0,214278.22,24,12.0,BUSINESS,1,bangalore,0
LN100560,03-04-2019,19.0,FEMALE,MARRIED,3,UNEMPLOYED,42287.59,640.0,63979.04,48,10.18,CAR,1,Bombay,0
LN100847,14-Aug-2022,27.0,Female,Marreid,1,salaried,93359.86,592.0,438095.96,12,10.3,BUSINESS,0,Pune,1
LN101838,21-May-2019,30.0,FEMALE,Married,3,Self-Employed,48076.01,574.0,538284.83,60,11.62,housing,2,bangalore,1
LN100691,07-24-2021,0.0,MALE,SINGLE,0,UNEMPLOYED,115506.51,556.0,164020.81,12,7.76,personal,1,Hyderabad,0
LN101520,2020-02-02,56.0,male,DIVORCED,0,Unemployed,47443.08,571.0,203314.85,120,13.21,Personal,3,delhi,1
LN100892,09-21-2023,31.0,m,DIVORCED,1,Retired,107704.0343337887,715.0,127233.65,12,13.43,Auto,1,HYDERABAD,0
LN101969,24-Jun-2020,31.0,Male,Divorced,1,SELF-EMPLOYED,52176.14,685.0,337128.32,120,10.14,Edu,0,DELHI,1
LN101760,25/11/2018,43.0,FEMALE,DIVORCED,1,Retired,20880.45,625.0,33271.56,24,6.99,Car,3,Delhi,0
LN100437,15/02/2017,37.0,Male,Married,1,Unemployed,54997.92,452.0,157224.56,60,14.37,home,1,pune,1
LN100491,04-26-2017,25.0,FEMALE,married,0,SALARIED,,697.0,181748.87,60,13.4,Education,1,Delhi,0
ln100082,19/08/2016,42.0,M,Single,1,Salaried,54385.01,674.0,81330.47,48,7.76,EDUCATION,4,BANGALORE,0
LN101940,28-Jun-2022,38.0,F,Marreid,0,SELF-EMPLOYED,73911.18,757.0,105346.1,12,11.63,Edu,1,bangalore,0
LN101630,2017-08-02,50.0,MALE,DIVORCED,1,SALARIED,62830.79,714.0,296439.43,120,14.64,BUSINESS,0,Hyderabad,1
LN101388,07-07-2015,10.0,f,,3,Unemployed,29568.96,776.0,156208.3,84,13.15,business,0,MUMBAI,0
LN100070,07-31-2019,41.0,MALE,Marreid,0,retired,43156.55,636.0,287631.47,120,13.5,Personal,1,CHENNAI,0
LN101573,07-26-2023,26.0,MALE,DIVORCED,2,retired,29781.44,695.0,509240.15,36,11.49,personal,0,chennai,1
LN100809,2020-10-10,35.0,f,SINGLE,2,Retired,134919.62,611.0,181274.78,12,10.39,business,1,Madras,0
LN101185,06-26-2017,37.0,m,Divorced,3,UNEMPLOYED,24465.62,767.0,146511.35,84,9.44,Car,0,chennai,0
LN100012,21/07/2023,40.0,M,MARRIED,0,selfemployed,47229.64,477.0,195133.71,48,11.18,business,0,MUMBAI,1
LN100145,06-Aug-2020,45.0,FEMALE,Single,2,UNEMPLOYED,90428.39,,204232.51,60,15.37,Home,3,Hyderabad,1
LN100918,04-Jun-2022,52.0,Female,Marreid,1,salaried,21209.61,577.0,643090.25,24,9.69,CAR,0,New Delhi,1
LN101542,2015-03-02,22.0,M,MARRIED,5,Retired,36612.31,654.0,118765.06,120,13.58,Business,0,pune,0
LN101452,14-Mar-2022,45.0,M,Single,4,Salary,14626.82,659.0,95659.71,84,14.49,business,0,pune,0
LN100640,04-03-2023,44.0,FEMALE,Divorced,1,UNEMPLOYED,31879.39,522.0,61830.9,24,10.35,HOME,1,Madras,0
LN100177,11-13-2023,38.0,M,divorced,1,SELF-EMPLOYED,87635.3,566.0,234886.64,120,13.93,Car,2,hyderabad,0
LN100995,12/03/2018,30.0,male,SINGLE,3,salaried,28341.44,550.0,269272.49,120,10.33,EDUCATION,0,DELHI,0
LN100441,21/10/2020,46.0,F,Single,0,retired,98646.25,790.0,286148.39,48,7.83,HOME,0,Pune,0
LN100522,11-03-2017,29.0,Male,SINGLE,0,salaried,87965.86,590.0,274777.73,60,9.91,business,1,delhi,0
LN101069,05-27-2021,41.0,Female,DIVORCED,1,Self Employed,50108.72,,125167.88,48,9.27,Home Loan,1,delhi,0
LN100548,2019-09-08,50.0,female,SINGLE,1,Self Employed,48823.51042146011,637.0,184056.15,12,14.88,auto,3,Mumbai,1
LN101713,12/06/2023,35.0,female,Single,1,UNEMPLOYED,22392.4,664.0,345847.36,120,8.96,Education,2,chennai,1
LN101005,2018-04-25,32.0,M,divorced,0,retired,24243.08,656.0,416226.96,120,7.71,BUSINESS,2,pune,1
LN101256,14/03/2018,35.0,F,Divorced,0,retired,75698.65,638.0,364765.45,48,11.48,personal,1,PUNE,1
LN101235,04-Jul-2018,55.0,Female,single,1,Salary,67525.01,601.0,267277.68,36,7.16,car,1,bangalore,0
LN101665,02/02/2019,53.0,male,MARRIED,0,Unemployed,54520.25,643.0,72965.32,36,7.67,Personal,1,Bangalore,0
LN100144,08/06/2021,41.0,f,divorced,0,salaried,34409.01,579.0,367954.59,36,12.82,,1,Chennai,1
LN100754,2023-06-02,50.0,F,SINGLE,1,Self Employed,36612.28,552.0,202978.9,24,9.08,housing,0,CHENNAI,1
  LN100520  ,2020-11-21,34.0,female,Married,1,UNEMPLOYED,63268.2,728.0,173208.84,60,11.93,Home,1,Chennai,1
ln100806,07/12/2022,45.0,m,Marreid,3,self employed,45538.8,652.0,175920.7,36,14.24,BUSINESS,0,DELHI,0
LN101323,2019-08-31,32.0,FEMALE,divorced,1,retired,72603.84,702.0,158103.33,48,18.63,education,0,chennai,0
LN100823,11-20-2020,18.0,male,Divorced,0,,37222.08,648.0,126314.22,36,7.14,Home,2,Madras,0
LN101791,01/12/2016,53.0,f,SINGLE,1,selfemployed,63458.6,791.0,552915.46,48,14.54,EDUCATION,0,pune,0
LN100429,24-Sep-2022,45.0,female,divorced,1,UNEMPLOYED,27533.37,717.0,228569.77,24,12.42,PERSONAL,1,Mumbai,0
LN100613,10-Sep-2018,50.0,m,Single,1,SALARIED,45387.92,635.0,270192.21,24,8.35,auto,0,DELHI,0
LN101506,27/05/2021,68.0,f,SINGLE,1,salaried,-5000.0,735.0,330784.88,60,8.91,biz,0,delhi,0
LN101784,27-Jun-2015,51.0,Male,single,1,Self Employed,40665.67,683.0,113231.64,84,9.02,education,3,PUNE,0
LN101033,04-24-2022,31.0,female,single,0,RETIRED,57703.86,761.0,166094.72,24,14.16,Education,1,pune,0
LN100157,25-Nov-2021,40.0,Female,married,1,unemployed,40569.55,391.0,177613.76,24,13.7,Home,0,BANGALORE,1
LN100540,06/04/2016,33.0,f,DIVORCED,0,SELF-EMPLOYED,27913.92,669.0,339960.92,60,13.04,CAR,0,delhi,1
LN101531,2015-11-23,40.0,MALE,Married,0,Retired,23860.72,645.0,56359.03,24,6.04,PERSONAL,1,MUMBAI,0
  LN101461  ,26/06/2022,37.0,Female,Divorced,2,retired,54846.83,774.0,276851.8,24,11.6,Auto,4,hyderabad,0
LN101291,25/11/2022,42.0,FEMALE,Divorced,0,Salary,123932.67,741.0,289032.02,60,14.09,Personal,0,Pune,0
LN101851,07-02-2020,26.0,m,DIVORCED,0,SELF-EMPLOYED,62400.75,589.0,391648.97,36,10.33,housing,0,Delhi,1
LN100462,2017-08-03,45.0,Male,MARRIED,1,self employed,21684.05,693.0,94980.29,24,13.47,business,2,Pune,0
LN100577,09-20-2022,11.0,Male,single,0,selfemployed,69015.17,576.0,224876.2,120,7.25,EDUCATION,3,HYDERABAD,0
LN101363,30/01/2020,36.0,MALE,SINGLE,3,retired,62336.7,786.0,213443.07,84,11.43,education,1,Delhi,0
LN100256,11-14-2016,60.0,Male,Divorced,1,salaried,79160.94,551.0,357455.38,84,14.73,Auto,2,Bengaluru,1
LN100980,2021-01-22,,Female,divorced,2,Self-Employed,28011.62,762.0,377405.94,60,9.91,Education,0,,1
LN101186,2022-09-24,50.0,MALE,DIVORCED,0,selfemployed,52131.54,629.0,155646.89,12,14.08,Home,3,chennai,0
LN101007,09/09/2020,30.0,female,divorced,3,retired,44343.19,642.0,292056.34,36,15.53,Car,1,Bengaluru,1
LN101522,22/01/2019,46.0,M,married,0,salaried,42638.12,787.0,102221.63,24,9.26,Personal,0,Chennai,0
LN101690,2015-03-11,55.0,female,married,1,self employed,59135.76,604.0,87324.52,120,12.3,car,1,HYDERABAD,0
LN100561,14/03/2018,32.0,male,Single,1,unemployed,23905.72,712.0,328276.83,120,5.81,business,1,HYDERABAD,1
LN100209,20-Sep-2018,44.0,MALE,married,0,SALARIED,27738.69,743.0,188521.06,60,13.01,biz,1,HYDERABAD,0
LN100911,2022-09-20,36.0,M,Married,1,Retired,40366.68,630.0,251142.45,24,10.49,CAR,1,Pune,1
LN101312,2021-03-14,35.0,MALE,Married,1,Unemployed,50970.72,676.0,247546.62,120,13.19,Car,2,PUNE,1
LN100002,08-10-2021,32.0,male,DIVORCED,1,salaried,64297.76,608.0,143485.49,12,11.73,biz,1,Bombay,0
LN101366,10-21-2022,39.0,f,Married,0,retired,43422.88,441.0,201675.07,24,11.91,HOME,0,Hyderabad,0
LN100270,22/02/2016,51.0,Male,DIVORCED,0,retired,88041.21,700.0,177680.15,36,11.0,business,2,New Delhi,0
LN100266,08-29-2018,32.0,MALE,single,0,self employed,67664.31,586.0,217022.37,12,14.48,Edu,3,HYDERABAD,0
LN100915,08-Feb-2017,28.0,Male,married,0,Salary,39865.86,675.0,174204.23,84,13.82,home,1,Madras,0
LN100231,29/09/2019,49.0,M,single,2,selfemployed,77814.33,611.0,319214.51,12,9.39,business,0,pune,0
LN101538,09-27-2015,44.0,m,Divorced,1,SALARIED,92028.26839774608,649.0,170926.07,60,6.77,education,2,HYDERABAD,0
LN101120,03-31-2017,35.0,M,divorced,1,selfemployed,27866.1,605.0,90066.97,48,10.62,biz,0,HYDERABAD,0
LN101551,2018-12-21,40.0,MALE,single,1,self employed,40056.71979619223,717.0,73260.18,48,7.78,business,3,BANGALORE,0
LN100865,02/06/2017,40.0,M,divorced,2,self employed,64739.13,635.0,319052.01,48,11.21,Home,0,Hyderabad,0
LN101067,19-May-2021,42.0,FEMALE,SINGLE,2,unemployed,50891.12,537.0,63465.56,84,8.78,business,2,HYDERABAD,0
LN100874,06/06/2015,32.0,F,DIVORCED,2,Retired,31576.88,676.0,310108.39,12,9.91,Personal,0,BANGALORE,1
LN101890,28-Sep-2023,30.0,Male,Marreid,2,Salary,77698.76,620.0,568578.02,60,9.46,Business,1,chennai,1
LN100399,03/07/2020,55.0,MALE,single,1,Salaried,49731.58,660.0,124003.69,12,14.53,BUSINESS,0,CHENNAI,0
LN101928,04-Dec-2016,41.0,M,Marreid,0,Retired,61887.5,581.0,267923.69,84,14.58,personal,2,CHENNAI,0
LN101653,15-Jan-2023,20.0,male,MARRIED,3,salaried,55377.12,627.0,119373.78,84,11.26,car,1,mumbai,0
LN100046,22/06/2020,42.0,m,MARRIED,0,retired,30639.95,603.0,94707.7,120,10.81,Edu,1,chennai,1
LN100162,07-15-2016,28.0,F,Marreid,2,Unemployed,51178.35,9999.0,25720.78,48,12.31,Business,1,Delhi,0
LN100992,2020-09-17,58.0,FEMALE,SINGLE,2,retired,23148.9,659.0,670371.29,48,12.77,car,1,HYDERABAD,1
LN100728,2018-10-27,44.0,female,Single,0,self employed,46219.93,609.0,235972.36,120,12.42,biz,2,hyderabad,1
LN100630,09/11/2019,32.0,m,Single,1,retired,24188.61,603.0,306607.3,36,15.18,HOME,0,HYDERABAD,1
LN100289,02-05-2023,40.0,female,Single,0,Salaried,31358.9,576.0,135620.89,60,14.66,Auto,1,HYDERABAD,0
LN101614,05-05-2023,42.0,MALE,Single,0,Salaried,41651.56,777.0,288491.29,12,11.37,Personal,1,Hyderabad,1
LN101060,2018-11-19,38.0,FEMALE,SINGLE,0,self employed,71286.91,784.0,228885.28,12,10.42,Business,2,Chennai,0
LN100401,2019-04-04,29.0,MALE,SINGLE,2,Salary,143521.69,795.0,183660.42,48,8.11,Home,1,Hyderabad,0
LN100576,11/11/2015,37.0,F,Single,1,RETIRED,88953.49,638.0,38687.79,12,7.13,EDUCATION,3,PUNE,0
LN100851,15-Jan-2021,34.0,f,Divorced,4,Unemployed,143508.34,641.0,448695.91,84,9.8,personal,0,pune,1
LN101340,08/11/2023,40.0,M,Married,0,Unemployed,38066.01,0.0,159858.05,12,11.95,housing,0,delhi,1
LN101994,28-Aug-2018,48.0,MALE,Single,2,salaried,41031.09,698.0,198522.58,60,5.63,EDUCATION,0,bangalore,0
LN100912,18-Jul-2016,14.0,Male,MARRIED,1,SALARIED,44433.26,715.0,180531.49,36,11.76,Edu,1,bangalore,0
LN101255,29/09/2018,,m,Divorced,1,Unemployed,27368.78,534.0,98432.01,12,12.9,Education,1,mumbai,0
LN101834,26-Apr-2015,44.0,f,Divorced,0,Unemployed,50569.68,660.0,194491.54,12,6.23,CAR,0,pune,1
LN101723,03-18-2015,22.0,male,Single,2,unemployed,90485.01,460.0,163070.6,120,12.68,Edu,1,Mumbai,1
LN100882,11-Apr-2022,37.0,M,single,2,Unemployed,51220.27,533.0,160406.38,84,10.57,Business,0,hyderabad,1
LN101736,07-03-2023,39.0,male,Divorced,4,Self Employed,54580.52,614.0,803961.47,36,8.56,BUSINESS,2,Madras,1
LN100933,17/06/2015,44.0,f,single,0,Self Employed,40041.86,539.0,106410.41,60,16.2,HOME,1,New Delhi,0
LN101902,07-15-2023,44.0,female,Married,0,UNEMPLOYED,35050.42,,400610.69,24,11.89,HOME,3,Delhi,1
LN101101,22-Jun-2023,24.0,F,Marreid,1,Salary,59953.23,490.0,252632.09,60,7.6,auto,0,HYDERABAD,0
LN101658,16-Sep-2019,29.0,Female,married,3,retired,90108.88,613.0,113671.62,120,11.96,Business,2,Mumbai,0
LN101208,21/11/2022,41.0,male,SINGLE,3,Unemployed,54700.03,625.0,679333.52,84,9.08,Edu,1,CHENNAI,1
LN100248,2017-06-08,34.0,m,SINGLE,0,SELF-EMPLOYED,42621.75,721.0,252214.68,60,12.71,car,0,Madras,1
LN101844,2016-08-13,20.0,MALE,MARRIED,1,salaried,94500.65,547.0,335383.73,36,8.0,education,1,MUMBAI,1
LN101849,27-Mar-2021,37.0,f,SINGLE,2,RETIRED,46309.14,497.0,341961.85,24,13.83,biz,2,BANGALORE,1
LN100477,2016-07-05,28.0,F,Marreid,3,unemployed,48676.45,644.0,235359.21,120,11.25,Business,0,,1
LN101900,19/07/2018,34.0,male,Single,1,Salaried,58277.53,638.0,370468.07,60,13.49,PERSONAL,1,Delhi,1
LN101695,27-Jul-2017,31.0,male,SINGLE,1,Retired,44732.46,557.0,87093.8,84,17.29,housing,1,BANGALORE,0
LN100086,2018-01-29,23.0,MALE,SINGLE,0,UNEMPLOYED,30966.9,9999.0,116138.85,12,10.9,Education,1,hyderabad,0
LN100470,23/04/2019,44.0,Male,divorced,1,,40736.8,685.0,125166.17,84,11.75,Education,0,PUNE,0
LN100226,10/03/2021,38.0,Male,Divorced,0,SALARIED,69899.98,763.0,153559.42,36,9.56,car,2,Pune,0
LN101913,31/05/2019,34.0,f,Marreid,2,RETIRED,38167.14,612.0,149117.49,24,14.31,HOME,0,PUNE,1
LN100775,01-13-2015,46.0,female,DIVORCED,0,unemployed,49949.19,704.0,389890.65,120,9.35,PERSONAL,1,chennai,1
LN100332,09-17-2015,43.0,f,single,2,salaried,120352.52,713.0,167732.06,120,7.92,Home Loan,1,Chennai,0
LN100234,19-Nov-2016,14.0,Male,Single,2,-,84844.58,606.0,108668.47,48,13.08,education,2,pune,0
LN100589,2022-07-15,50.0,female,divorced,2,Salary,59972.25,562.0,113863.44,36,11.31,Car,2,hyderabad,0
LN100476,2015-05-27,45.0,male,DIVORCED,1,UNEMPLOYED,32794.82,677.0,167137.7,48,14.96,business,0,CHENNAI,1
LN101285,29-Jun-2016,49.0,m,Divorced,0,Retired,29765.97,537.0,765620.41,120,9.03,car,1,MUMBAI,1
LN101972,02/09/2015,51.0,MALE,divorced,0,SALARIED,41384.86,782.0,64614.65,120,9.82,housing,5,Bangalore,0
LN100600,2021-08-24,38.0,F,married,3,retired,105496.88,528.0,108799.85,48,15.13,car,1,hyderabad,0
LN100422,2018-09-14,29.0,female,single,3,,43527.34,446.0,105711.26,12,9.86,Edu,2,Hyderabad,1
LN101712,06-15-2023,53.0,f,single,1,retired,76166.9,797.0,138959.14,60,10.43,Personal,0,Bengaluru,0
LN100183,15-Jan-2023,39.0,m,SINGLE,2,self employed,36048.25,586.0,252703.11,12,8.5,Personal,1,Hyderabad,0
LN100989,09-11-2019,18.0,m,married,2,RETIRED,40403.95,719.0,107900.79,60,11.05,Personal,1,Mumbai,0
LN101001,29-Jul-2021,32.0,m,DIVORCED,0,Unemployed,68120.52,630.0,48171.97,48,6.23,Home,1,mumbai,1
LN101642,28-Aug-2021,53.0,f,Divorced,2,retired,82474.66,639.0,126528.75,48,8.93,home,0,PUNE,0
LN101357,30/08/2019,30.0,MALE,MARRIED,1,Salaried,45253.01,556.0,157988.48,84,12.75,CAR,0,hyderabad,0
LN101463,02-04-2021,48.0,FEMALE,Single,0,Retired,45940.6,742.0,583324.24,24,13.56,business,3,delhi,1
LN100050,2020-04-23,20.0,Male,Married,3,salaried,54270.27,581.0,73454.57,24,9.06,business,50,mumbai,0
LN101150,15-Sep-2017,34.0,FEMALE,Single,1,SELF-EMPLOYED,76997.57,669.0,375305.89,84,10.06,Business,0,DELHI,1
LN101030,10/08/2016,50.0,f,Married,1,Retired,54004.94,650.0,225153.1,36,7.79,car,0,delhi,0
LN100530,14/04/2015,41.0,Female,Marreid,1,unemployed,77456.11,627.0,85583.12,36,14.0,car,2,delhi,0
LN101259,2022-08-24,37.0,Male,single,1,Unemployed,92138.23,647.0,238462.83,36,9.68,Car,4,HYDERABAD,0
LN100487,2020-09-03,56.0,female,MARRIED,1,Unemployed,57103.55,702.0,534951.36,120,12.34,home,1,New Delhi,1
LN101921,25-Jan-2017,47.0,male,divorced,2,salaried,109225.44480408765,678.0,213462.41,24,5.96,Business,1,DELHI,0
LN100498,09-28-2015,26.0,FEMALE,Divorced,0,Retired,39335.02,765.0,200818.4,60,7.29,business,2,Madras,0
LN101909,14/07/2022,34.0,male,MARRIED,1,retired,87879.8,723.0,235150.29,24,9.2,BUSINESS,2,hyderabad,0
LN101647,28-Sep-2022,30.0,female,DIVORCED,1,unemployed,112163.91,574.0,143049.84,60,7.96,housing,0,BANGALORE,0
LN100107,16-Sep-2019,35.0,m,Married,2,Retired,21283.94,685.0,312711.76,120,9.55,housing,0,Bombay,1
LN100444,2018-05-15,42.0,M,SINGLE,0,Retired,36718.63,729.0,198973.71,84,12.19,Business,0,PUNE,0
LN101513,17-Aug-2016,38.0,Male,married,0,retired,25227.2,572.0,62316.19,12,12.29,biz,2,Delhi,0
LN100647,2019-11-12,,F,Married,3,self employed,26766.86,689.0,76189.68,60,14.2,BUSINESS,0,Hyderabad,0
LN101037,29/04/2015,41.0,MALE,Marreid,1,retired,22808.6,505.0,118813.19,60,11.58,Business,0,DELHI,0
LN101763,16-Aug-2020,,FEMALE,single,2,Retired,32062.11,630.0,113221.76,12,15.8,car,1,mumbai,1
LN100727,17/04/2020,30.0,m,single,1,Unemployed,39134.84,559.0,90961.7,84,17.26,Edu,1,Chennai,0
LN100191,08-31-2023,,Male,Single,1,selfemployed,58972.18,640.0,271957.71,24,6.29,BUSINESS,1,PUNE,0
LN101789,14/01/2015,29.0,male,divorced,1,unemployed,60568.59,716.0,166072.6,48,6.7,Car,0,Mumbai,0
LN101857,14/05/2021,37.0,Male,Single,0,Unemployed,47043.82,481.0,576191.06,12,8.05,housing,2,New Delhi,1
LN100283,10-03-2021,31.0,female,,1,Self-Employed,32253.08,595.0,136300.07,84,9.36,PERSONAL,3,delhi,1
LN100030,06-16-2018,45.0,m,DIVORCED,1,SALARIED,50791.6,689.0,184250.49,84,9.54,Auto,0,Mumbai,0
LN100170,06-Jun-2021,31.0,F,single,3,SELF-EMPLOYED,39920.52,590.0,48013.06,24,13.29,EDUCATION,1,Bangalore,1
LN101002,2017-03-24,39.0,male,Marreid,2,unemployed,45019.8,642.0,285024.56,120,7.47,Auto,1,bangalore,1
LN101205,12-06-2016,44.0,f,Single,0,Retired,50562.83,686.0,85572.54,84,12.52,Auto,3,PUNE,0
LN100101,02-Feb-2020,33.0,M,MARRIED,1,Self-Employed,14589.54,507.0,338503.69,12,13.36,BUSINESS,1,CHENNAI,1
LN100198,07-Feb-2023,33.0,f,single,3,unemployed,33740.73,753.0,137023.83,48,8.32,biz,1,Chennai,1
LN100496,04/03/2020,49.0,F,Married,1,retired,62560.38,583.0,180039.09,84,15.79,Personal,0,BANGALORE,0
LN101746,12/05/2021,32.0,M,single,0,SELF-EMPLOYED,106515.68,713.0,263835.13,48,8.59,education,0,MUMBAI,0
LN100648,05-25-2018,24.0,Female,divorced,2,salaried,99938.86,789.0,368649.11,12,8.72,PERSONAL,0,Madras,0
LN100988,01-Aug-2019,56.0,f,single,0,selfemployed,31242.65,558.0,57990.17,120,9.66,EDUCATION,2,Delhi,0
LN100045,17-Sep-2019,19.0,Male,SINGLE,0,retired,47678.04,684.0,194291.26,84,4.8,personal,1,delhi,0
LN100558,17-Sep-2019,41.0,male,SINGLE,1,SALARIED,38278.14836075512,665.0,183926.33,48,13.86,business,0,CHENNAI,0
LN100711,16-Oct-2022,45.0,MALE,married,1,Unemployed,20199.16,585.0,122280.92,60,12.23,HOME,1,Bombay,1
LN100374,01-Jul-2017,18.0,MALE,DIVORCED,1,retired,62054.68,485.0,84127.54,60,4.77,housing,0,BANGALORE,0
LN100679,27/06/2016,28.0,f,single,1,UNEMPLOYED,17095.24,521.0,225250.96,48,5.11,personal,0,HYDERABAD,1
LN100567,2018-07-25,33.0,Male,Divorced,2,RETIRED,115968.93,580.0,130263.32,24,9.66,biz,1,Bombay,0
LN101673,04-21-2016,33.0,Female,DIVORCED,2,UNEMPLOYED,41666.46,632.0,179147.67,120,8.66,car,2,Bombay,1
LN101822,08-05-2019,53.0,MALE,Marreid,0,Salaried,42635.69,657.0,147450.75,36,13.12,education,0,Bengaluru,0
LN100848,2022-12-23,34.0,f,MARRIED,1,unemployed,54499.11,740.0,145505.59,24,8.35,,2,Bengaluru,0
LN100461,12-20-2019,40.0,male,Divorced,1,Unemployed,32822.19,783.0,163039.43,60,9.3,Edu,2,CHENNAI,1
LN101933,07/12/2021,56.0,M,MARRIED,1,Salaried,132415.56,708.0,362551.27,24,11.75,EDUCATION,1,Delhi,0
LN101438,2021-10-16,17.0,f,MARRIED,3,Salaried,97904.23,672.0,624613.24,84,6.98,PERSONAL,0,Hyderabad,1
LN101156,14/12/2018,15.0,Female,Marreid,1,unemployed,56358.54,,68639.7,12,11.07,EDUCATION,2,hyderabad,0
LN100040,09-Feb-2020,28.0,female,Married,1,self employed,62690.15,531.0,716419.48,84,14.54,Auto,1,Pune,1
LN100435,2017-06-23,28.0,m,SINGLE,3,RETIRED,30269.62,747.0,384597.25,12,12.46,BUSINESS,1,DELHI,1
LN100974,27-Oct-2016,32.0,Female,DIVORCED,1,Salary,41071.53,844.0,415914.27,120,14.07,Edu,0,CHENNAI,1
LN101240,13-Oct-2017,35.0,m,Divorced,1,SALARIED,53308.22,621.0,447336.74,0,12.52,auto,4,pune,0
LN101008,06-21-2019,35.0,Female,divorced,2,unemployed,35749.59,671.0,185256.74,120,12.93,personal,1,Madras,1
LN101580,14-Mar-2018,41.0,F,Married,1,unemployed,38392.27,800.0,554830.68,60,12.9,personal,1,Bengaluru,1
LN101591,2016-09-10,34.0,m,Single,0,selfemployed,37422.79,646.0,396774.94,24,10.06,business,0,Mumbai,1
LN101787,05-28-2018,46.0,male,MARRIED,3,unemployed,79515.57,615.0,140017.55,36,8.91,personal,1,Madras,0
LN101499,12-02-2017,40.0,FEMALE,married,5,Salary,76145.66,666.0,488957.73,120,9.01,Edu,2,CHENNAI,1
LN100457,09-11-2015,38.0,Male,single,1,UNEMPLOYED,41989.51,753.0,27275.54,48,10.95,education,1,pune,0
LN101836,2016-03-17,32.0,Female,DIVORCED,4,UNEMPLOYED,66923.21,762.0,137849.26,24,3.72,car,0,Chennai,0
LN100261,02-02-2015,53.0,MALE,single,3,Salary,69490.94,610.0,142109.75,120,11.89,Education,3,pune,0
LN101841,16-Apr-2017,47.0,Female,divorced,2,Self-Employed,44217.46,555.0,68508.73,24,13.09,car,3,Delhi,0
LN100036,2022-06-10,22.0,MALE,single,1,salaried,24252.33,585.0,171199.87,36,11.93,HOME,2,pune,1
LN100828,01-Mar-2017,53.0,female,married,0,Retired,69034.36,675.0,226826.45,24,12.65,Business,1,delhi,0
LN101936,10-01-2023,45.0,Male,Single,1,Self Employed,59571.5,693.0,203520.33,36,12.15,auto,0,New Delhi,0
LN100310,10/02/2017,43.0,MALE,SINGLE,1,SALARIED,40985.98,637.0,333619.77,36,5.27,EDUCATION,0,Bengaluru,1
LN100277,24/12/2018,32.0,male,Divorced,1,salaried,41111.34,580.0,80235.26,120,9.63,Education,0,Bombay,0
LN100637,2021-08-30,28.0,M,Marreid,1,Self-Employed,73469.99,660.0,80828.61,36,13.64,personal,0,hyderabad,1
LN100655,02-Oct-2021,40.0,M,single,2,SELF-EMPLOYED,19999.48,624.0,235985.84,12,10.19,auto,2,MUMBAI,1
LN100623,09-25-2021,67.0,Male,SINGLE,1,Retired,57007.42,615.0,42458.99,60,15.17,Car,1,,0
LN101860,2019-12-31,26.0,Male,married,1,,68301.81,651.0,240615.47,12,13.87,Personal,0,delhi,0
LN100845,05-08-2022,43.0,female,married,1,salaried,89725.03,489.0,418703.99,12,18.52,personal,1,MUMBAI,1
  LN100394  ,01-12-2021,31.0,MALE,divorced,1,Salaried,58780.05,677.0,52957.53,36,17.05,Education,0,pune,0
LN101770,11-10-2021,35.0,male,SINGLE,2,retired,98947.45,428.0,52432.26,24,9.8,PERSONAL,0,chennai,0
LN100108,2016-10-06,20.0,M,SINGLE,2,UNEMPLOYED,133368.14,640.0,691473.74,36,6.1,Business,2,delhi,1
LN100350,2023-03-30,36.0,M,single,1,self employed,26382.96,838.0,606894.15,120,13.04,Car,0,mumbai,1
LN100525,2016-02-28,30.0,Female,Single,0,selfemployed,98353.9,615.0,53766.11,24,17.04,Business,1,CHENNAI,0
LN100785,08-Apr-2018,21.0,F,DIVORCED,4,SALARIED,27928.61,684.0,87403.33,60,14.34,PERSONAL,0,Bombay,0
LN100048,16-May-2017,30.0,Male,Single,0,Retired,54556.38,639.0,170300.75,48,12.84,HOME,0,CHENNAI,0
LN101979,15-Oct-2022,49.0,M,DIVORCED,0,Unemployed,32062.4,624.0,499962.52,48,14.29,education,1,Mumbai,1
LN100204,17/11/2020,42.0,f,DIVORCED,1,Unemployed,38006.72,647.0,57621.26,60,150.0,Personal,1,Delhi,1
ln100444,2018-05-15,42.0,M,SINGLE,0,Retired,36718.63,729.0,198973.71,84,12.19,Business,0,PUNE,0
LN101656,2022-08-28,25.0,m,Married,1,self employed,,696.0,137722.73,48,8.25,auto,1,New Delhi,0
LN100022,2015-08-23,22.0,M,DIVORCED,2,Self-Employed,30671.45,696.0,284830.68,24,12.55,Business,2,hyderabad,1
LN100403,29/05/2021,43.0,female,single,3,RETIRED,54036.83,558.0,229682.51,48,15.39,personal,1,chennai,1
LN101971,14-Aug-2022,62.0,Female,single,2,RETIRED,54311.68,663.0,157090.25,84,8.2,Edu,0,chennai,1
LN101108,08-02-2019,,FEMALE,divorced,2,unemployed,119210.65,693.0,192984.99,120,13.72,Personal,1,Chennai,0
LN101155,11/05/2021,47.0,f,DIVORCED,1,Salary,37445.31,641.0,61183.48,120,6.16,PERSONAL,1,delhi,1
  LN101440  ,08-17-2016,,f,SINGLE,1,RETIRED,15870.85,733.0,186922.89,48,0.0,biz,1,DELHI,0
ln100934,07-18-2016,41.0,Male,Marreid,0,retired,56394.0,676.0,215430.05,36,13.61,Education,2,DELHI,0
LN101700,15-Dec-2021,35.0,Male,married,4,Self Employed,27896.26,767.0,402839.72,12,10.28,business,1,hyderabad,1
LN100990,09-26-2019,49.0,Female,Single,1,Self-Employed,39000.18,580.0,435707.96,120,11.52,Car,0,Bombay,1
LN101866,08-13-2019,38.0,MALE,Single,0,UNEMPLOYED,51279.96,523.0,67810.9,60,11.17,Personal,1,bangalore,0
LN100742,05/12/2015,28.0,M,SINGLE,2,salaried,64135.84,627.0,152381.73,12,9.6,personal,0,Chennai,0
LN101722,2016-07-09,22.0,Female,married,0,Self Employed,51667.89,548.0,161638.66,24,5.29,Personal,1,HYDERABAD,0
LN101311,26/07/2021,28.0,F,single,3,Self Employed,49554.72,,210238.34,48,11.36,Personal,1,mumbai,0
LN101148,13/04/2020,31.0,F,divorced,1,Salaried,46154.57,9999.0,279400.39,24,7.68,Business,2,HYDERABAD,1
LN100034,2018-09-18,44.0,MALE,MARRIED,0,unemployed,,648.0,106077.15,84,11.23,Edu,2,HYDERABAD,0
LN100788,22/06/2021,33.0,Female,Divorced,3,-,38142.11,787.0,251691.93,84,7.0,Edu,0,Hyderabad,0
LN101541,13/10/2017,25.0,male,Single,0,SELF-EMPLOYED,40922.23,781.0,256728.29,48,12.29,personal,0,pune,1
LN100924,08/02/2020,36.0,F,SINGLE,1,self employed,25118.97,620.0,272087.21,60,7.69,home,1,MUMBAI,0
LN101044,02-10-2017,36.0,MALE,Single,4,Unemployed,96935.75,610.0,305016.48,36,11.11,BUSINESS,1,chennai,1
LN100279,23-Mar-2015,36.0,MALE,Single,1,Unemployed,20346.87909919068,645.0,110952.87,60,13.75,Home,0,mumbai,0
LN101244,04-01-2022,,M,MARRIED,1,retired,34816.94,681.0,523456.92,12,13.59,PERSONAL,0,New Delhi,1
LN101916,11-11-2018,32.0,M,Marreid,0,retired,19001.32,687.0,286093.39,36,9.62,biz,1,CHENNAI,1
LN100580,12-06-2016,21.0,Male,SINGLE,0,retired,16950.05,714.0,135722.77,120,19.78,education,0,CHENNAI,0
LN100482,30-Oct-2018,40.0,M,divorced,0,UNEMPLOYED,48138.36,663.0,137930.87,36,20.23,Home,1,hyderabad,1
LN100932,21/08/2022,20.0,f,Married,0,unemployed,44193.9,706.0,703477.94,48,7.41,PERSONAL,1,Bombay,1
LN100357,08-Apr-2015,28.0,MALE,DIVORCED,1,salaried,34215.88,834.0,198884.19,24,13.35,PERSONAL,1,delhi,0
LN101686,20-Jul-2015,35.0,male,MARRIED,2,retired,70027.91,715.0,347422.17,24,10.11,Home Loan,2,Chennai,0
LN101249,24-Jun-2023,,Male,married,1,self employed,44332.82,628.0,414221.49,48,11.93,BUSINESS,1,BANGALORE,1
LN100760,02-01-2020,43.0,M,Divorced,1,selfemployed,27665.09,672.0,493571.79,48,8.42,Edu,0,CHENNAI,1
LN100093,28-Feb-2019,33.0,M,married,0,Retired,32312.86,587.0,281100.87,12,12.25,business,1,Madras,1
LN101176,11-Feb-2017,31.0,Male,Single,0,unemployed,49762.0,596.0,170080.12,12,15.85,BUSINESS,1,delhi,0
LN101416,04-Dec-2020,53.0,female,SINGLE,1,salaried,55696.03,573.0,132145.64,48,11.31,CAR,1,HYDERABAD,0
LN101342,16/06/2022,53.0,female,Divorced,3,Salary,38557.24,476.0,256760.77,48,11.1,Education,1,CHENNAI,0
LN101473,29-Dec-2021,38.0,Female,SINGLE,2,Salary,188908.91,678.0,312296.35,36,12.31,biz,1,chennai,0
LN101608,03-17-2021,55.0,F,MARRIED,1,Salary,21456.82,719.0,142963.8,60,9.85,EDUCATION,0,Mumbai,0
LN100765,24-Mar-2022,21.0,female,DIVORCED,1,Unemployed,48872.77,580.0,136920.58,36,13.82,Car,1,Delhi,0
LN101374,11/11/2018,31.0,Male,DIVORCED,2,Retired,58335.03,810.0,715469.19,48,9.27,Personal,1,pune,1
LN101952,2016-12-17,27.0,Male,MARRIED,1,self employed,43555.32,723.0,293140.43,24,8.31,HOME,1,PUNE,1
LN101729,08-Jul-2022,41.0,Male,single,3,self employed,85490.75,690.0,711887.37,12,14.26,personal,1,Delhi,1
LN100258,2017-07-24,47.0,Female,MARRIED,1,RETIRED,15939.5,,230475.21,60,14.6,CAR,2,Delhi,1
LN100945,19-May-2016,24.0,FEMALE,MARRIED,2,Retired,61137.48,665.0,178730.47,12,13.43,biz,1,HYDERABAD,0
LN101220,2023-01-20,46.0,m,Divorced,1,Salaried,31122.68,594.0,72065.7,120,6.56,Car,0,Mumbai,0
LN101162,2019-12-18,38.0,FEMALE,MARRIED,1,SELF-EMPLOYED,33595.98,553.0,169621.63,60,12.98,Business,1,bangalore,1
LN100773,17-Jun-2022,34.0,F,SINGLE,2,retired,61210.41,723.0,303073.74,48,14.12,EDUCATION,0,MUMBAI,0
LN101487,15/06/2016,54.0,m,married,0,RETIRED,24097.16,732.0,68737.41,48,12.8,Personal,0,Bengaluru,0
LN100313,22/07/2023,16.0,female,Marreid,1,Self Employed,36133.96,710.0,115552.02,60,10.97,CAR,1,HYDERABAD,0
LN100291,02-Dec-2015,43.0,M,Married,0,Retired,54063.94,712.0,71427.82,48,7.48,car,4,hyderabad,0
LN100764,28/03/2022,31.0,FEMALE,Single,0,self employed,85685.09,465.0,123300.81,84,7.01,,1,HYDERABAD,0
LN100184,07-18-2022,43.0,Female,divorced,4,Retired,45064.31,760.0,446845.18,12,14.53,PERSONAL,0,New Delhi,1
LN101177,09/09/2020,40.0,M,divorced,1,salaried,29318.06,544.0,123977.95,24,9.04,business,1,chennai,1
LN101350,08-18-2022,47.0,F,SINGLE,2,Salaried,93052.54,606.0,120662.98,120,6.44,car,0,MUMBAI,0
  LN101100  ,14/02/2016,49.0,M,Single,1,salaried,76863.06,558.0,92950.82,60,8.9,Personal,1,chennai,0
LN100392,2015-10-09,34.0,F,Divorced,0,retired,58668.09,541.0,166690.39,36,11.94,Business,1,HYDERABAD,1
LN101920,2019-10-07,38.0,F,,0,RETIRED,29511.01,693.0,201790.18,12,7.11,HOME,0,Mumbai,0
LN101457,02-Jan-2015,38.0,MALE,married,1,Salary,14441.1,757.0,82599.25,48,7.79,Car,1,delhi,0
LN101093,01-Feb-2023,35.0,Male,Single,1,selfemployed,145160.66,779.0,61655.45,84,12.16,Business,2,Bengaluru,0
LN101927,06-29-2017,39.0,female,Divorced,2,Retired,30613.23,743.0,81509.98,24,8.92,auto,0,New Delhi,0
LN100905,2022-07-12,66.0,f,Married,1,selfemployed,53489.68,,286442.72,48,11.56,BUSINESS,1,,0
LN100367,09-09-2023,37.0,MALE,MARRIED,0,unemployed,54761.29,526.0,82676.7,120,2.83,personal,2,CHENNAI,0
LN100346,17-Mar-2018,43.0,M,DIVORCED,0,RETIRED,37509.2,696.0,770355.85,84,13.45,PERSONAL,0,HYDERABAD,1
LN101373,24/01/2018,5.0,MALE,married,0,self employed,37738.94,572.0,253801.71,84,20.86,Personal,1,HYDERABAD,1
LN101640,2017-09-22,37.0,MALE,Married,2,SALARIED,46778.83,604.0,225197.37,60,13.51,biz,1,pune,0
LN100920,08/07/2019,30.0,F,Marreid,1,Unemployed,29770.79,411.0,80120.32,12,13.6,Personal,2,bangalore,1
LN100212,2016-03-12,38.0,Male,Marreid,0,,64444.49,543.0,433663.94,120,13.15,Auto,2,Bengaluru,1
LN101604,08/04/2021,25.0,Male,divorced,7,SELF-EMPLOYED,13560.63,742.0,198268.22,24,15.79,PERSONAL,1,PUNE,1
LN100538,08/09/2021,27.0,male,divorced,1,Self Employed,40210.96,373.0,342689.7,84,10.49,Personal,2,Mumbai,1
LN101221,28-Feb-2017,40.0,female,Divorced,3,Self-Employed,94856.59,658.0,154084.88,12,11.44,,1,HYDERABAD,0
LN100176,22/01/2018,46.0,M,single,0,SALARIED,21847.56,555.0,94139.97,12,13.85,biz,1,Bombay,1
