loan_id,application_date,age,gender,marital_status,dependents,employment_type,monthly_income,credit_score,loan_amount,loan_term_months,interest_rate,loan_purpose,existing_loans_count,city,loan_default,app_year,app_month,app_dayofweek,estimated_emi,dti_ratio,loan_to_income,total_interest_payable,income_per_dependent,credit_risk_tier
LN100186,30-Mar-2022,51.0,Male,Single,1,Salaried,31790.18,737.0,268078.75,60,9.06,Auto,1,Hyderabad,1,2022,3,2,5572.673821961516,0.17529544727212984,0.7027294539802332,66281.67931769096,15895.09,Good
LN100801,27/04/2021,35.0,Female,Married,1,Self-Employed,59000.38,665.0,253839.61,12,8.84,Education,0,Hyderabad,1,2021,4,1,22179.578227013564,0.3759226334985226,0.35852821343410557,12315.32872416277,29500.19,Fair
LN101980,23/04/2017,18.0,Female,Married,0,Retired,99675.29,660.0,534476.1,12,8.77,Personal,1,Chennai,1,2017,4,6,46683.2262398361,0.468353051592186,0.44684770919653205,25722.61487803317,99675.29,Fair
LN101433,2019-06-18,26.0,Male,Married,2,Salaried,69537.66,786.0,63470.64,12,6.7,Business,0,Bengaluru,0,2019,6,1,5483.054512287543,0.07885014411309703,0.07606266877545204,2326.0141474505217,23179.22,Very_Good
LN100494,16-Jan-2016,71.0,Female,Single,0,Unemployed,,589.0,169865.79,84,8.37,Business,0,Chennai,0,2016,1,5,2678.982469065068,0.055812134772188916,0.2949058854166667,55168.73740146571,48000.0,Fair
LN101932,2016-12-10,50.0,Female,Married,1,Salaried,34587.6,627.0,154940.9,36,15.76,Education,1,Mumbai,0,2016,12,5,5428.912376167865,0.15696123397309628,0.373305510259939,40499.94554204313,17293.8,Fair
LN101579,16/10/2022,36.0,Male,Married,1,Unemployed,61985.38,584.0,261321.04,120,11.1,Auto,1,Hyderabad,1,2022,10,6,3614.5039541069,0.0583122012659582,0.35132080070063837,172419.434492828,30992.69,Fair
ln101803,22-Jan-2021,,Female,Married,0,Self-Employed,31239.8,637.0,173118.13,60,9.35,Education,0,Hyderabad,0,2021,1,4,3623.119724191007,0.11597768629091759,0.4617990778856886,44269.05345146044,31239.8,Fair
LN101325,2015-02-15,42.0,Female,Single,0,Retired,53766.56,692.0,483407.62,36,9.95,Auto,1,Pune,1,2015,2,6,15586.813747230306,0.28989791698093215,0.7492383431882816,77717.67490029102,53766.56,Good
LN101383,12/03/2015,46.0,Male,Single,0,Retired,63560.31,624.0,222754.1,48,5.44,Personal,0,Chennai,1,2015,12,3,5174.36504390366,0.08140874460655809,0.2920508359173621,25615.422107375663,63560.31,Fair
LN101566,2016-05-30,45.0,Male,Single,0,Retired,25753.11,579.0,130187.03,84,17.72,Auto,0,Hyderabad,0,2016,5,0,2714.924556517535,0.10542123093162477,0.42126637002935435,97866.63274747296,25753.11,Very_Poor
LN101012,16-Aug-2020,48.0,Female,Divorced,2,Self-Employed,26936.4,569.0,91782.97,36,6.53,Home,1,Delhi,0,2020,8,6,2814.296915407719,0.10447932594584722,0.28394963073511426,9531.718954677883,8978.800000000001,Very_Poor
LN100326,30-Apr-2017,23.0,Female,Divorced,1,Self-Employed,33559.39,652.0,161084.06,120,12.83,Education,0,Delhi,1,2017,4,6,2389.032186889145,0.07118818866758737,0.3999974870421264,125599.8024266974,16779.695,Fair
LN101725,18-Jun-2020,43.0,Male,Divorced,1,Unemployed,80351.14,635.0,127266.55,84,12.73,Auto,1,Hyderabad,0,2020,6,3,2296.5865536835317,0.02858187890904263,0.1319899858711816,65646.72050941667,40175.57,Fair
LN101169,31-May-2017,53.0,Female,Married,1,Unemployed,43705.09,714.0,443222.37,12,6.55,Personal,1,Mumbai,1,2017,5,2,38258.13756758344,0.8753702959445557,0.8451005935464267,15875.280811001314,21852.545,Good
LN101729,08-Jul-2022,41.0,Male,Single,3,Self-Employed,85490.75,690.0,711887.37,12,14.26,Personal,1,Delhi,1,2022,7,4,64005.01594090951,0.7486776749637769,0.6939224126586795,56172.821290914086,21372.6875,Good
LN100128,23-Sep-2023,25.0,Male,Single,3,Retired,34349.77,597.0,173117.41,24,8.72,Business,1,Chennai,0,2023,9,5,7886.561012124359,0.22959574437104993,0.41998682475409105,16160.054290984612,8587.4425,Fair
LN101224,15/03/2018,,Female,Divorced,1,Self-Employed,22120.3,659.0,136786.25,120,8.59,Education,1,Pune,0,2018,3,3,1702.5437046701065,0.07696747804822297,0.5153119156009036,67518.99456041277,11060.15,Fair
LN101944,03-14-2019,44.0,Male,Divorced,0,Retired,162178.32,499.0,97392.17,84,12.69,Auto,1,Chennai,0,2019,3,3,1755.3809438536468,0.010823770673254272,0.05004376766676746,50059.829283706335,162178.32,Very_Poor
LN101743,08-06-2020,31.0,Male,Single,4,Unemployed,21451.13,743.0,156508.73,84,12.4,Home,0,Pune,1,2020,8,3,2796.3956723253978,0.13036122909727355,0.6080049939871078,78388.50647533339,4290.226000000001,Very_Good
LN100900,05-Feb-2023,26.0,Female,Single,2,Self-Employed,68471.78,807.0,132696.32,24,12.24,Business,1,Mumbai,0,2023,2,6,6261.336595400289,0.09144404593250371,0.1614975785158012,17575.75828960695,22823.926666666666,Exceptional
LN101500,23-Sep-2020,38.0,Female,Married,2,Self-Employed,42087.64,631.0,149864.18,60,13.57,Education,2,Pune,0,2020,9,2,3453.755007889757,0.0820610280806849,0.2967303860864298,57361.12047338544,14029.213333333333,Fair
LN101332,01-14-2023,42.0,Female,Divorced,2,Unemployed,81135.96,593.0,170682.9,120,13.49,Business,4,Hyderabad,1,2023,1,5,2598.044346832557,0.03202087393595339,0.17530543793405537,141082.42161990688,27045.320000000003,Fair
LN100639,26/03/2015,42.0,Male,Single,0,Retired,34888.53,534.0,558558.93,36,12.47,Auto,0,Chennai,1,2015,3,3,18677.743635152252,0.5353548468551771,1.3341512955690598,113839.84086548106,34888.53,Very_Poor
LN100705,19-May-2018,33.0,Male,Divorced,3,Retired,44228.14,794.0,46327.07,12,14.62,Personal,1,Chennai,0,2018,5,5,4173.074049023532,0.09435336980084472,0.08728807421398836,3749.818588282382,11057.035,Very_Good
LN100688,03-18-2015,37.0,Male,Single,1,Retired,23452.88,735.0,206592.19,36,12.27,Personal,1,Chennai,0,2015,3,2,6888.473489506264,0.2937154622164213,0.7340683034805676,41392.8556222255,11726.44,Good
LN100300,03-24-2015,31.0,Female,Divorced,2,Retired,82387.53,513.0,27377.89,24,9.65,Personal,1,Bengaluru,0,2015,3,1,1258.9266707781005,0.01528054877695812,0.027692186345838178,2836.350098674411,27462.51,Very_Poor
LN100358,25-Nov-2017,44.0,Female,Married,2,Salaried,53839.86,740.0,121737.73,84,13.28,Education,2,Pune,0,2017,11,5,2233.2203615820235,0.04147894072499489,0.18842565402906566,65852.78037288999,17946.62,Very_Good
LN100373,04-27-2023,22.0,Female,Divorced,0,Salaried,,602.0,408774.03,48,7.81,Home,0,Hyderabad,1,2023,4,3,9942.924501298934,0.2071442604437278,0.7096771354166667,68486.3460623488,48000.0,Fair
LN100141,13-Nov-2016,36.0,Male,Single,1,Unemployed,115364.76,526.0,64248.07,36,15.41,Personal,3,Hyderabad,0,2016,11,6,2240.0978765982563,0.019417522964536627,0.04640937001328078,16395.453557537236,57682.38,Very_Poor
LN100329,2023-03-22,37.0,Male,Married,0,Salaried,84260.65,717.0,544493.89,48,9.62,Education,2,Chennai,0,2023,3,2,13710.588510666761,0.16271638671985988,0.5385015524249259,113614.35851200449,84260.65,Good
LN101856,2021-11-12,47.0,Female,Divorced,1,Unemployed,43507.62,456.0,243037.36,12,8.47,Personal,0,Pune,1,2021,11,4,21194.04902186049,0.4871341852728439,0.46550726822872246,11291.228262325894,21753.81,Very_Poor
LN100439,26-Dec-2020,35.0,Female,Divorced,0,Self-Employed,88386.47,703.0,48215.81,84,11.6,Business,1,Hyderabad,0,2020,12,5,840.8606708172565,0.009513454613780328,0.04545926731395276,22416.486348649545,88386.47,Good
LN100299,02-Feb-2018,33.0,Female,Divorced,3,Unemployed,125975.64,700.0,78054.53,120,12.46,Business,0,Hyderabad,0,2018,2,4,1140.7092463042973,0.0090549986196085,0.051633348849560654,58830.57955651567,31493.91,Good
LN100263,02-09-2015,28.0,Male,Married,2,Salaried,104782.49,695.0,408973.81,84,9.03,Business,1,Hyderabad,1,2015,2,0,6586.232454137356,0.06285623155297565,0.32525616477842173,144269.71614753798,34927.496666666666,Good
LN101898,04-11-2022,32.0,Male,Single,0,Salaried,88640.83,621.0,89869.21,120,9.61,Auto,1,Bengaluru,0,2022,4,0,1168.304161079003,0.013180203311261898,0.08448816232128394,50327.289329480365,88640.83,Fair
LN101524,05/12/2017,44.0,Male,Married,1,Self-Employed,29730.55,747.0,501862.43,120,8.36,Business,2,Bengaluru,1,2017,5,4,6184.856770911939,0.20803035163869954,1.4066967871992502,240320.38250943267,14865.275,Very_Good
LN100906,29-Jan-2018,44.0,Female,Married,2,Unemployed,50625.15,701.0,112411.11,60,12.71,Home,1,Chennai,0,2018,1,0,2541.0384479147183,0.0501932033369722,0.18503831593585401,40051.1968748831,16875.05,Good
LN100173,16/02/2016,45.0,Male,Married,1,Self-Employed,126746.08,638.0,100491.61,24,14.32,Personal,1,Hyderabad,0,2016,2,1,4840.0827139044995,0.038187237931969965,0.06607147797654439,15670.375133707988,63373.04,Fair
LN100354,31/12/2019,,Female,Married,0,Unemployed,33704.69,697.0,55030.03,84,6.33,Business,1,Delhi,1,2019,12,1,812.6419142333219,0.024110647931588212,0.1360592793861428,13231.890795599043,33704.69,Good
LN101790,19/07/2020,31.0,Male,Divorced,2,Salaried,53817.23,,89067.52,48,12.25,Auto,1,Hyderabad,0,2020,7,6,2356.4333817732067,0.04378585411722615,0.1379166734024277,24041.28232511392,17939.076666666668,Fair
  LN101096  ,2019-01-29,30.0,Male,Single,3,Unemployed,54040.22,600.0,94778.46,36,7.47,Home,2,Mumbai,0,2019,1,1,2946.881992257499,0.054531273045474254,0.1461541977438286,11309.291721269954,13510.055,Fair
LN100913,25-Jun-2021,,Male,Single,1,Self-Employed,38983.29,799.0,142451.41,12,9.53,Personal,0,Delhi,0,2021,6,4,12492.499192919238,0.32045779596640606,0.3045138271637241,7458.580315030849,19491.645,Very_Good
LN101752,04-06-2016,21.0,Male,Married,1,Self-Employed,40973.49,652.0,251235.3,12,7.25,Education,0,Pune,1,2016,4,2,21767.248219174595,0.5312519929147992,0.5109712401848121,9971.67863009515,20486.745,Fair
LN100958,07-30-2015,52.0,Female,Married,0,Salaried,52448.56,645.0,242060.71,48,9.97,Home,1,Chennai,0,2015,7,3,6135.785510993534,0.11698672968320836,0.3846001841296183,52456.994527689676,52448.56,Fair
LN101282,23-Nov-2019,43.0,Female,Divorced,0,Salaried,33435.2,585.0,85742.69,36,5.89,Personal,1,Delhi,1,2019,11,5,2604.1738636740483,0.07788719264948463,0.21370364665581984,8007.569092265738,33435.2,Fair
LN101646,2023-09-01,57.0,Female,Divorced,3,Salaried,64730.88,,264231.13,12,6.47,Education,1,Chennai,1,2023,9,4,22798.20899220783,0.3521998927282903,0.34016625192386285,9347.377906493959,16182.72,Fair
LN100612,14/06/2019,36.0,Male,Divorced,1,Salaried,30976.7,658.0,66487.19,120,11.43,Home,0,Bengaluru,0,2019,6,4,932.1184826540986,0.030090954900105518,0.1788634414468509,45367.02791849182,15488.35,Fair
LN100641,04-Jan-2018,23.0,Male,Divorced,0,Salaried,42591.84,695.0,287646.49,84,5.3,Personal,1,Chennai,0,2018,1,3,4106.231749264553,0.09640888370318243,0.5627965552400022,57276.97693822248,42591.84,Good
LN100632,14-Dec-2023,27.0,Female,Divorced,1,Self-Employed,46312.48,637.0,177095.36,60,11.1,Auto,1,Hyderabad,0,2023,12,3,3859.3147944235047,0.0833320693347345,0.3186602545721297,54463.52766541031,23156.24,Fair
LN101826,06-18-2023,20.0,Female,Married,0,Salaried,123912.51,751.0,74999.84,48,11.47,Business,0,Bengaluru,0,2023,6,6,1955.5695916319692,0.015781857631904716,0.05043870604079174,18867.500398334523,123912.51,Very_Good
LN101973,15-Apr-2022,36.0,Female,Divorced,0,Salaried,38668.66,527.0,644954.1,48,10.93,Education,1,Hyderabad,1,2022,4,4,16647.229095342373,0.43050959343671,1.389915631935526,154112.8965764339,38668.66,Very_Poor
LN101079,21-Dec-2020,55.0,Male,Single,2,Unemployed,21880.04,644.0,63837.76,36,3.86,Home,10,Pune,0,2020,12,0,1880.7566041220846,0.08595764011958316,0.24313544825938774,3869.4777483950384,7293.346666666667,Fair
LN100652,09-06-2021,42.0,Female,Married,1,Unemployed,65571.14,648.0,446763.05,60,12.19,Personal,0,Hyderabad,1,2021,9,0,9980.933695370892,0.15221534497296968,0.5677841527029523,152092.97172225354,32785.57,Fair
LN101525,20-Jul-2019,22.0,Male,Married,2,Unemployed,38462.73,688.0,163558.3,120,6.37,Home,2,Pune,1,2019,7,5,1846.369085746921,0.0480041090621212,0.3543653384284821,58005.99028963054,12820.910000000002,Good
LN101034,21-Feb-2017,57.0,Male,Single,0,Retired,,475.0,121250.45,24,8.14,Personal,0,Pune,0,2017,2,1,5491.543548727749,0.11440715726516144,0.2105042534722222,10546.595169465974,48000.0,Very_Poor
LN101144,11/08/2018,39.0,Male,Single,1,Salaried,27907.92855269016,545.0,611367.88,120,14.21,Business,0,Chennai,1,2018,11,3,9569.83437390584,0.3429073697045625,1.8255501563702519,537012.2448687007,13953.96427634508,Very_Poor
LN101667,05-Jan-2018,29.0,Male,Single,2,Unemployed,,665.0,749305.71,48,5.25,Personal,1,Pune,1,2018,1,4,17340.8924209115,0.3612685921023229,1.3008779687499998,83057.126203752,16000.0,Fair
LN100904,2017-08-10,39.0,Female,Divorced,1,Salaried,34046.48,610.0,243637.09,120,11.6,Education,2,Chennai,1,2017,8,3,3439.378152584696,0.10102008056588217,0.5963345060438945,169088.28831016357,17023.24,Fair
LN100588,14-Jul-2017,45.0,Female,Single,4,Salaried,28296.05,762.0,222550.58,12,12.93,Business,1,Hyderabad,1,2017,7,4,19870.158570381762,0.7022237580998677,0.6554229889566447,15891.322844581155,5659.21,Very_Good
LN100952,07-Aug-2020,47.0,Female,Divorced,0,Salaried,41944.69,762.0,440435.33,60,11.31,Auto,1,Hyderabad,0,2020,8,4,9644.350267431948,0.22993018347332994,0.8750319567665578,138225.6860459168,41944.69,Very_Good
LN101063,2019-11-17,28.0,Female,Single,0,Self-Employed,40291.07,801.0,188890.24,48,10.45,Business,0,Mumbai,0,2019,11,6,4831.659323001042,0.11991886348516041,0.39067846382171867,43029.40750405003,40291.07,Exceptional
LN100603,28-Jan-2019,46.0,Female,Single,0,Self-Employed,92982.46,610.0,179897.42,120,11.17,Education,2,Pune,0,2019,1,0,2495.428975482524,0.026837631263816036,0.161228813118804,119554.05705790289,92982.46,Fair
LN100451,2016-09-30,40.0,Female,Married,1,Retired,70290.09,563.0,366239.53,24,15.35,Home,0,Mumbai,0,2016,9,4,17818.63976141149,0.2535014503667799,0.43420005342621326,61407.82427387574,35145.045,Very_Poor
  LN101687  ,27-Feb-2015,30.0,Male,Divorced,0,Retired,31030.24,380.0,149746.34,12,19.3,Auto,0,Delhi,1,2015,2,4,13821.494082427647,0.4454201476504096,0.4021516323001906,16111.588989131764,31030.24,Very_Poor
LN100821,22-Jun-2022,,Female,Married,1,Self-Employed,,669.0,197353.81,12,10.48,Education,0,Bengaluru,1,2022,6,2,17394.46609048786,0.36238471021849705,0.3426281423611111,11379.783085854317,24000.0,Fair
LN101138,04-27-2016,40.0,Female,Married,4,Salaried,39834.03,580.0,1445151.27,48,9.94,Business,0,Pune,1,2016,4,2,36611.06682485984,0.9190902056573196,3.0232761410281612,312179.9375932722,7966.806,Fair
LN100508,2015-05-18,34.0,Male,Divorced,0,Salaried,30682.31,591.0,304754.43,24,10.85,Business,0,Chennai,0,2015,5,0,14182.672251242604,0.462242648980556,0.8277148135195818,35629.70402982249,30682.31,Fair
LN101521,21/07/2023,35.0,Female,Divorced,0,Retired,,659.0,198008.29,24,15.97,Business,1,Chennai,0,2023,7,4,9692.23776503751,0.2019216201049481,0.3437643923611111,34605.41636090021,48000.0,Fair
LN100359,2023-06-24,,Female,Married,0,Retired,50184.8,820.0,102382.91,48,8.5,Home,1,Delhi,0,2023,6,5,2523.5587666190913,0.05028532078675398,0.1700098270126944,18747.91079771638,50184.8,Exceptional
LN100118,2018-12-12,45.0,Female,Single,1,Retired,67352.71,766.0,165548.59,120,11.36,Education,0,Pune,0,2018,12,2,2314.2966102853793,0.0343608536358133,0.20482792501346023,112167.0032342455,33676.355,Very_Good
LN100271,2017-11-26,51.0,Male,Married,0,Self-Employed,113835.21,700.0,107380.08,12,16.96,Education,1,Pune,0,2017,11,6,9791.481943353856,0.08601452875040907,0.07860784022799273,10117.703320246263,113835.21,Good
LN101683,29-Jan-2022,30.0,Male,Divorced,1,Retired,62393.05,562.0,144627.31,36,7.79,Business,0,Pune,0,2022,1,5,4518.079010691568,0.0724131776005752,0.19316696063637426,18023.534384896455,31196.525,Very_Poor
LN100260,04/01/2017,35.0,Female,Divorced,3,Unemployed,48861.22,703.0,317374.69,24,8.8,Home,2,Hyderabad,1,2017,4,5,14469.999311755817,0.2961448631809811,0.5412859284588746,29905.29348213959,12215.305,Good
  LN100197  ,09-12-2023,50.0,Male,Married,2,Salaried,44257.16,637.0,401312.86,12,18.0,Personal,1,Pune,1,2023,9,1,36792.1720764124,0.831327000566968,0.7556458284565329,40193.2049169488,14752.386666666667,Fair
LN100393,2021-06-12,44.0,Female,Single,0,Unemployed,19180.33,686.0,368133.0,60,12.77,Business,2,Chennai,1,2021,6,5,8332.867778430611,0.43444861368029697,1.5994380701479065,131839.06670583668,19180.33,Good
LN101691,08/09/2022,36.0,Female,Divorced,0,Salaried,13587.97,610.0,695653.59,120,11.04,Business,2,Hyderabad,1,2022,8,1,9598.382119024276,0.7063882330491071,4.2663571158900115,456152.26428291306,13587.97,Fair
LN100661,10-Dec-2022,29.0,Male,Divorced,0,Salaried,40263.24,684.0,79339.05,120,9.81,Auto,1,Mumbai,0,2022,12,5,1040.1410624818557,0.025833516191986927,0.16420902788747255,45477.87749782267,40263.24,Good
LN101252,03-12-2017,43.0,Female,Single,1,Unemployed,21782.01,639.0,217964.21,84,10.07,Auto,1,Bengaluru,1,2017,3,6,3626.3487620221317,0.16648366069165021,0.8338846675153793,86649.08600985908,10891.005,Fair
LN101392,09-23-2022,45.0,Male,Married,1,Self-Employed,70418.7,772.0,97345.51,24,11.48,Education,0,Delhi,0,2022,9,4,4558.77012870103,0.06473806146238188,0.11519846054149444,12064.973088824729,35209.35,Very_Good
LN101911,12-Aug-2016,28.0,Female,Married,2,Retired,19364.84,709.0,167154.18,12,6.88,Personal,1,Chennai,1,2016,8,4,14453.85842507624,0.7463969970873108,0.7193199117575977,6292.121100914897,6454.946666666667,Good
LN101657,15/12/2017,43.0,Female,Divorced,0,Salaried,64102.83,655.0,188650.82,48,14.13,Business,3,Delhi,0,2017,12,4,5167.466084124722,0.08061213653320333,0.24524504872353792,59387.552037986665,64102.83,Fair
LN100361,05-05-2018,34.0,Male,Married,3,Self-Employed,,739.0,131810.96,120,9.87,Personal,3,Bengaluru,0,2018,5,5,1732.4155527945236,0.03609199068321924,0.2288384722222222,76078.90633534285,12000.0,Good
LN101957,15-Jun-2016,41.0,Male,Single,0,Retired,50726.15,788.0,182087.59,84,10.95,Personal,1,Chennai,0,2016,6,2,3112.9955141976243,0.0613686533316174,0.299134979361401,79404.03319260044,50726.15,Very_Good
LN101042,2021-08-18,54.0,Male,Married,2,Retired,15273.59,622.0,77441.61,48,13.82,Auto,0,Mumbai,0,2021,8,2,2109.2176147871023,0.13809573353658847,0.42252459965207917,23800.83550978091,5091.196666666667,Fair
LN100875,2017-05-24,25.0,Male,Married,1,Unemployed,19775.03,603.0,372636.63,120,14.77,Home,0,Chennai,1,2017,5,2,5959.55239995899,0.3013675529169356,1.5703163282179597,342509.6579950787,9887.515,Fair
LN101122,15/01/2018,39.0,Female,Married,1,Unemployed,68722.52,578.0,144223.74,60,12.05,Auto,2,Mumbai,0,2018,1,0,3211.81876745746,0.04673604471223494,0.17488655829268193,48485.386047447624,34361.26,Very_Poor
LN100998,2023-01-12,41.0,Female,Single,1,Retired,107304.66,703.0,224801.17,24,8.09,Auto,2,Bengaluru,0,2023,1,3,10176.319881670599,0.09483576837828477,0.1745817081320917,19430.507160094363,53652.33,Good
LN100659,2023-08-18,,Male,Divorced,0,Self-Employed,53977.67,682.0,193413.67,48,9.04,Personal,0,Bengaluru,0,2023,8,4,4816.770682965584,0.08923635797850452,0.29860136299572276,37791.322782348,53977.67,Good
LN101959,02-20-2015,,Female,Divorced,3,Self-Employed,16269.26,583.0,119627.4,12,14.56,Auto,0,Chennai,0,2015,2,4,10772.476300954379,0.6621368335716793,0.6127475988459217,9642.315611452548,4067.315,Fair
LN101278,30-Oct-2022,24.0,Female,Divorced,0,Retired,141316.83,506.0,333770.94,48,13.64,Home,0,Pune,0,2022,10,6,9060.610924658118,0.0641155828690618,0.19682188597069436,101138.38438358967,141316.83,Very_Poor
LN101575,07/04/2021,19.0,Female,Married,0,Salaried,86348.24,469.0,148485.98,60,14.62,Business,3,Chennai,0,2021,7,6,3502.9190005648557,0.04056734683376124,0.14330149249905574,61689.16003389133,86348.24,Very_Poor
LN101269,30-May-2023,,Male,Single,6,Unemployed,26985.33,584.0,129848.18,48,2.6,Personal,1,Pune,1,2023,5,1,2851.177963168335,0.1056565905685917,0.4009838555491693,7008.362232080079,3855.047142857143,Fair
LN101117,03/11/2021,27.0,Male,Divorced,2,Salaried,60534.24625950985,605.0,134471.27,84,8.71,Business,1,Pune,0,2021,3,3,2143.777722464285,0.03541429612047908,0.18511734859350343,45606.05868699995,20178.082086503284,Fair
LN101666,01-Jul-2022,46.0,Male,Divorced,2,Self-Employed,45197.38,645.0,413002.91,24,6.82,Home,0,Hyderabad,1,2022,7,4,18457.395494055094,0.40837312901887446,0.7614801824058534,29974.581857322308,15065.793333333333,Fair
LN101068,10-15-2018,36.0,Male,Married,4,Unemployed,53286.2,465.0,385725.93,12,10.64,Personal,0,Hyderabad,1,2018,10,0,34026.05488640755,0.6385528502015072,0.6032298700226326,22586.72863689065,10657.24,Very_Poor
LN100003,2019-04-06,30.0,Male,Single,1,Retired,16817.74,593.0,302067.06,120,18.68,Auto,0,Delhi,1,2019,4,5,5575.729083771989,0.33153854702070484,1.496767996175467,367020.4300526387,8408.87,Fair
LN101422,2016-08-02,50.0,Female,Single,2,Unemployed,89903.48,612.0,102608.19,120,10.84,Home,2,Hyderabad,0,2016,8,1,1404.1500911736414,0.01561841756485557,0.09510958307731804,65889.82094083697,29967.826666666664,Fair
LN101288,11-Jan-2022,57.0,Male,Single,2,Self-Employed,,529.0,579306.57,24,14.59,Home,0,Mumbai,1,2022,1,1,27975.834825558853,0.5828298921991428,1.0057405729166666,92113.46581341256,16000.0,Very_Poor
LN100242,11-03-2023,36.0,Male,Single,0,Unemployed,62864.86,615.0,266816.58,120,8.41,Business,2,Pune,1,2023,11,4,3295.3119962382793,0.052418982500530176,0.3536906787034919,128620.85954859352,62864.86,Fair
LN100937,2018-06-03,20.0,Female,Single,1,Self-Employed,67205.36,696.0,129351.86,84,12.14,Personal,0,Mumbai,0,2018,6,6,2293.1079279782534,0.034120908331988005,0.16039377910730135,63269.2059501733,33602.68,Good
LN101543,23/01/2021,46.0,Female,Married,1,Retired,76910.34,712.0,45514.93,84,14.58,Auto,1,Delhi,0,2021,1,5,867.5992632657909,0.011280658273852266,0.04931600657770247,27363.40811432644,38455.17,Good
LN100809,2020-10-10,35.0,Female,Single,2,Retired,134919.62,611.0,181274.78,12,10.39,Business,1,Chennai,0,2020,10,5,15969.68598232959,0.1183644453069879,0.11196467694369927,10361.451787955099,44973.206666666665,Fair
LN100877,04/11/2016,57.0,Female,Married,0,Self-Employed,75474.03,,386259.13,36,14.73,Home,0,Hyderabad,1,2016,4,0,13338.760623809263,0.17673311765397,0.42648127883635384,93936.2524571335,75474.03,Fair
LN101780,2015-07-13,47.0,Male,Married,1,Unemployed,20522.03,737.0,74414.87,36,13.89,Auto,1,Bengaluru,0,2015,7,0,2539.34505162207,0.12373751776125803,0.3021747442463863,17001.551858394523,10261.015,Good
LN101868,20-Mar-2018,33.0,Female,Married,0,Salaried,31142.86564560384,651.0,323893.89,60,8.82,Education,1,Pune,1,2018,3,1,6695.232340774915,0.21498446600786789,0.8666883069512937,77820.05044649489,31142.86564560384,Fair
LN101883,03-14-2017,43.0,Male,Single,3,Salaried,85058.77,591.0,235524.67,36,5.34,Home,1,Bengaluru,1,2017,3,1,7094.854313363159,0.08341120278794484,0.23074699802658014,19890.085281073727,21264.6925,Fair
LN100201,23/06/2020,54.0,Female,Divorced,0,Retired,49096.45,633.0,210609.06,36,10.52,Auto,0,Hyderabad,0,2020,6,1,6847.2768709271295,0.1394658243300102,0.3574750312904498,35892.90735337668,49096.45,Fair
LN100218,07-31-2018,36.0,Male,Divorced,4,Unemployed,97384.68,450.0,581521.71,120,6.73,Personal,0,Mumbai,1,2018,7,1,6671.310122710277,0.06850471883986554,0.4976156670638544,219035.5047252333,19476.935999999998,Very_Poor
LN100230,09-04-2017,20.0,Female,Divorced,4,Self-Employed,72872.56,737.0,348835.43,36,11.1,Home,1,Bengaluru,0,2017,9,0,11436.922019692896,0.15694415044144047,0.39891036031486565,62893.76270894427,14574.511999999999,Good
LN101188,31-Aug-2019,38.0,Female,Divorced,1,Salaried,53650.61,704.0,193922.68,60,9.9,Education,1,Hyderabad,1,2019,8,5,4110.742101376658,0.07662060322103809,0.3012122943864633,52721.846082599484,26825.305,Good
LN100455,16-Jul-2018,31.0,Male,Single,3,Unemployed,54074.63,699.0,43473.2,120,10.98,Personal,1,Hyderabad,0,2018,7,0,598.3510177877456,0.011065281774239521,0.06699568109234713,28328.92213452948,13518.6575,Good
LN101294,07/09/2017,41.0,Male,Single,3,Unemployed,16910.25,483.0,352562.82,36,9.36,Business,0,Bengaluru,1,2017,7,6,11270.533259869922,0.6664912263195354,1.7374216821158766,53176.37735531718,4227.5625,Very_Poor
LN100831,28/11/2023,39.0,Female,Divorced,0,Salaried,44997.93,657.0,196567.7,48,18.75,Auto,1,Delhi,0,2023,11,1,5851.492098027243,0.1300391395343573,0.3640310046854748,84303.92070530762,44997.93,Fair
LN100180,11-21-2022,31.0,Female,Single,0,Salaried,48121.37,611.0,122431.3,36,6.78,Auto,1,Hyderabad,0,2022,11,0,3768.0034766203607,0.07830208235177762,0.21201824331546115,13216.825158332984,48121.37,Fair
LN100100,27-Dec-2022,42.0,Female,Single,1,Salaried,,527.0,159329.79,84,8.78,Personal,1,Delhi,0,2022,12,1,2545.712937031725,0.05303568618816093,0.27661421875000003,54510.09671066486,24000.0,Very_Poor
LN100072,02-07-2017,46.0,Female,Divorced,0,Salaried,30631.77,671.0,237264.03,36,15.94,Business,0,Chennai,0,2017,2,1,8334.459073001924,0.2720854548399235,0.6454737189525777,62776.49662806929,30631.77,Good
LN100620,2018-07-09,41.0,Male,Divorced,0,Self-Employed,40872.52,633.0,34840.11,48,10.33,Home,1,Mumbai,0,2018,7,0,889.1651650580328,0.021754596121257824,0.071034095768991,7839.817922785573,40872.52,Fair
LN100111,01-Feb-2015,20.0,Male,Married,2,Self-Employed,42778.97,461.0,237499.72,120,10.22,Education,0,Bengaluru,1,2015,2,6,3167.579499666546,0.0740452493285029,0.46264889812291726,142609.81995998553,14259.656666666668,Very_Poor
LN101507,27-May-2017,38.0,Male,Married,3,Salaried,35036.41,702.0,42492.32,48,6.01,Business,1,Hyderabad,0,2017,5,5,998.1245160897797,0.028488207441623718,0.10106705186594934,5417.656772309427,8759.1025,Good
LN100280,28/08/2016,58.0,Female,Single,0,Self-Employed,73649.74,693.0,257329.64,12,12.18,Auto,3,Delhi,0,2016,8,6,22884.923429686143,0.31072646596832715,0.29116377962320933,17289.44115623372,73649.74,Good
LN101303,19/04/2019,46.0,Female,Married,3,Unemployed,65802.69,665.0,552647.82,24,9.17,Business,0,Mumbai,1,2019,4,4,25290.574929767354,0.3843395297330148,0.6998799745116802,54325.9783144166,16450.6725,Fair
LN100591,02-14-2018,39.0,Female,Divorced,1,Unemployed,35448.98,713.0,137395.7,12,11.77,Home,1,Chennai,0,2018,2,2,12192.565091052858,0.34394685237919,0.32298931215134163,8915.081092634297,17724.49,Good
LN100035,27/04/2019,44.0,Female,Married,0,Unemployed,96658.59,611.0,229274.65,12,12.68,Education,0,Chennai,0,2019,4,5,20443.629333449586,0.21150349217228998,0.19766707576981343,16048.902001395036,96658.59,Fair
LN101633,26/10/2018,27.0,Female,Single,1,Salaried,31577.4,685.0,137541.95,24,11.56,Auto,1,Hyderabad,0,2018,10,4,6446.326716270396,0.2041436823889996,0.3629757094208727,17169.891190489492,15788.7,Good
LN100038,10-24-2023,40.0,Female,Divorced,3,Unemployed,49330.42,658.0,115715.88,84,11.07,Education,2,Mumbai,1,2023,10,1,1985.5976301864418,0.040250977595293974,0.19547755725574603,51074.32093566112,12332.605,Fair
LN100398,2016-09-30,64.0,Male,Married,1,Self-Employed,59192.26,641.0,65059.29,48,8.72,Auto,0,Pune,0,2016,9,4,1610.363278563722,0.027205639361695632,0.09159318296006945,12238.14737105865,29596.13,Fair
LN101200,2016-08-12,49.0,Male,Single,1,Self-Employed,52797.82,749.0,91695.86,24,9.12,Education,1,Chennai,0,2016,8,4,4194.131097690905,0.07943758090184226,0.1447279767737885,8963.286344581735,26398.91,Very_Good
LN101581,2022-08-26,38.0,Male,Married,2,Salaried,38131.83,608.0,59578.63,36,5.08,Auto,0,Bengaluru,0,2022,8,4,1787.7548502047023,0.046883531427804596,0.13020318808022938,4780.544607369287,12710.61,Fair
LN102000,10-21-2020,35.0,Female,Single,2,Self-Employed,72024.99,547.0,132121.44,120,10.45,Business,2,Chennai,0,2020,10,2,1779.0826746767523,0.0247009083191369,0.15286527634366903,81368.48096121027,24008.33,Very_Poor
LN101088,04/08/2016,25.0,Male,Divorced,0,Self-Employed,60865.71,749.0,337266.76,48,14.25,Auto,0,Chennai,1,2016,4,4,9258.651663415485,0.1521160545636531,0.4617635008830643,107148.5198439433,60865.71,Very_Good
LN100205,03/05/2021,31.0,Male,Single,1,Unemployed,49399.2,735.0,96470.4,24,8.42,Home,0,Chennai,0,2021,3,4,4381.573563432499,0.08869725751494963,0.16273947756238968,8687.365522379987,24699.6,Good
LN100739,06/02/2023,40.0,Male,Divorced,1,Self-Employed,22505.71,653.0,73422.53,48,12.38,Education,1,Hyderabad,0,2023,6,4,1947.2210219373158,0.08652119937283986,0.271866302670152,20044.07905299116,11252.855,Fair
LN100109,2017-06-01,43.0,Male,Single,2,Retired,55845.09,600.0,124226.73,84,10.92,Business,0,Chennai,0,2017,6,3,2121.840629048354,0.03799511522048499,0.18537399617405936,54007.88284006175,18615.03,Fair
LN100695,04/05/2019,40.0,Male,Divorced,2,Salaried,64134.6,,188292.9,60,10.82,Education,0,Pune,1,2019,4,4,4077.0558620051215,0.06357030155337558,0.24465849946830573,56330.45172030729,21378.2,Fair
LN101519,2023-11-14,36.0,Female,Divorced,0,Self-Employed,88808.49,591.0,299707.0,24,8.69,Education,0,Hyderabad,0,2023,11,1,13649.375802153718,0.1536944925215339,0.28122968123130265,27878.0192516892,88808.49,Fair
LN101616,11-Dec-2023,37.0,Female,Divorced,0,Salaried,31796.07,585.0,493284.25,12,12.42,Education,0,Mumbai,1,2023,12,0,43924.35349983055,1.381439703077473,1.2928333858031302,33807.99199796654,31796.07,Fair
ln101460,26-Aug-2017,44.0,Male,Married,3,Unemployed,35167.09,695.0,277514.78,12,6.85,Personal,0,Bengaluru,0,2017,8,5,23992.92562667469,0.6822550750339221,0.6576100458316759,10400.327520096209,8791.7725,Good
LN101625,2016-01-24,28.0,Female,Married,1,Salaried,28196.86,,312758.08,84,14.11,Home,0,Pune,0,2016,1,6,5880.10797728123,0.2085376874333252,0.9243289264596602,181170.99009162333,14098.43,Fair
LN101881,07-12-2017,25.0,Male,Single,2,Salaried,80450.69,545.0,155744.63,120,9.68,Home,2,Mumbai,0,2017,7,2,2030.6766883910384,0.02524125881817842,0.16132514421773966,87936.5726069246,26816.896666666667,Very_Poor
LN101243,2018-08-15,46.0,Female,Divorced,2,Unemployed,28110.74,790.0,192116.38,12,7.26,Personal,0,Mumbai,0,2018,8,2,16646.019421748908,0.5921587059518499,0.5695224790714628,7635.853060986905,9370.246666666668,Very_Good
LN101334,10-27-2022,28.0,Female,Married,4,Self-Employed,20773.43,702.0,317876.83,120,12.66,Auto,0,Mumbai,0,2022,10,3,4682.707075988145,0.22541809782920516,1.275173904036711,244048.01911857742,4154.686,Good
LN101593,16-Sep-2015,46.0,Male,Married,1,Salaried,69315.85,790.0,317903.39,24,10.7,Auto,0,Delhi,0,2015,9,2,14772.488226757941,0.21311847473208423,0.3821917954791965,36636.32744219061,34657.925,Very_Good
LN100883,10-21-2019,41.0,Female,Single,1,Unemployed,45972.6,643.0,165314.24,48,10.09,Education,0,Mumbai,1,2019,10,0,4199.9365350142125,0.09135738537768612,0.29966081245495507,36282.71368068221,22986.3,Fair
LN101277,18/08/2020,39.0,Female,Divorced,2,Salaried,59636.45,572.0,485372.98,24,7.44,Home,0,Chennai,1,2020,8,1,21828.209962578243,0.3660212833355816,0.6782387002132645,38504.05910187785,19878.816666666666,Very_Poor
LN100984,13/11/2015,45.0,Male,Single,1,Unemployed,64464.47,586.0,109949.04,12,12.97,Home,4,Chennai,1,2015,11,4,9818.729952432637,0.15231227298436856,0.1421313166772332,7875.719429191653,32232.235,Fair
LN100480,09/04/2023,31.0,Male,Married,0,Self-Employed,62297.74,413.0,1183878.88,120,12.59,Home,1,Chennai,1,2023,9,0,17391.43851784948,0.2791664435635945,1.583630053567486,903093.7421419378,62297.74,Very_Poor
LN101210,03-Apr-2019,48.0,Female,Single,3,Salaried,25627.41,863.0,361939.98,84,5.95,Home,0,Chennai,1,2019,4,2,5278.738319275888,0.20598017198288426,1.176929896544364,81474.03881917463,6406.8525,Exceptional
LN101242,07-04-2023,32.0,Female,Divorced,0,Self-Employed,34407.28,634.0,405455.64,12,12.87,Business,0,Pune,1,2023,7,1,36189.20352499359,1.0517891424429244,0.9820006114984969,28814.80229992303,34407.28,Fair
LN101946,18/08/2017,44.0,Female,Single,3,Salaried,,520.0,81367.08,36,12.11,Personal,3,Mumbai,0,2017,8,4,2706.822058115627,0.05639212621074223,0.14126229166666668,16078.514092162572,12000.0,Very_Poor
LN100238,08-31-2015,35.0,Male,Divorced,0,Unemployed,30880.6,730.0,410312.58,60,5.46,Business,1,Hyderabad,1,2015,8,0,7829.848866636042,0.2535523554152459,1.1072555261231973,59478.351998162514,30880.6,Good
LN100025,2020-02-21,61.0,Female,Married,0,Unemployed,67302.96,467.0,226504.03,84,9.01,Personal,1,Delhi,0,2020,2,4,3645.3865091129514,0.05416383631734698,0.28045327922179547,79708.43676548792,67302.96,Very_Poor
LN100362,02/06/2018,39.0,Male,Divorced,2,Salaried,148192.22,617.0,119413.32,12,12.12,Personal,0,Pune,0,2018,2,1,10616.350680926957,0.07163905555181613,0.06715001637737797,7982.888171123472,49397.40666666667,Fair
LN100279,23-Mar-2015,36.0,Male,Single,1,Unemployed,20168.49,642.0,110952.87,60,13.75,Home,0,Mumbai,0,2015,3,0,2567.3186275577937,0.1272935468920972,0.4584414847120434,43086.24765346764,10084.245,Fair
LN101075,07/12/2015,37.0,Female,Divorced,3,Salaried,102319.39,665.0,113975.47,84,8.87,Home,2,Pune,0,2015,7,6,1826.247496768786,0.017848498674286332,0.09282654864667718,39429.31972857803,25579.8475,Fair
LN100829,29/06/2015,53.0,Male,Divorced,1,Unemployed,19245.57,786.0,283372.81,12,8.09,Auto,1,Hyderabad,0,2015,6,0,24661.655417985115,1.2814198497620553,1.227004491596421,12567.055015821417,9622.785,Very_Good
LN101118,04-07-2022,38.0,Male,Single,0,Unemployed,44411.34,669.0,204033.35,120,10.35,Auto,1,Delhi,1,2022,4,3,2736.0137744479207,0.06160619730113797,0.38284769535588586,124288.30293375047,44411.34,Fair
LN100493,25/05/2019,42.0,Male,Married,0,Retired,16151.84,542.0,369888.11,12,11.86,Personal,2,Delhi,1,2019,5,5,32839.62810131093,2.0331818604760157,1.9083899522696277,24187.427215731237,16151.84,Very_Poor
LN100888,09-23-2021,33.0,Male,Married,2,Retired,53550.53,652.0,99641.96,84,12.88,Auto,3,Pune,0,2021,9,3,1806.1874158861374,0.03372865620351727,0.15505909403075316,52077.78293443554,17850.176666666666,Fair
LN100732,2016-12-03,44.0,Female,Single,2,Salaried,78552.76,619.0,577173.34,60,8.64,Personal,0,Bengaluru,1,2016,12,5,11880.555606705066,0.15124300669645557,0.6122990246725046,135659.99640230392,26184.25333333333,Fair
LN101241,20-Jul-2023,38.0,Male,Married,1,Unemployed,48832.22,549.0,71980.21,48,10.74,Home,1,Hyderabad,0,2023,7,3,1851.287257037601,0.037911183579972425,0.12283592335825268,16881.578337804836,24416.11,Very_Poor
LN100636,14-May-2016,51.0,Male,Married,2,Retired,58015.6,535.0,270240.5,48,16.1,Home,2,Hyderabad,1,2016,5,5,7672.530588331197,0.13224943960471316,0.38817217552980005,98040.96823989745,19338.533333333333,Very_Poor
LN101556,01-01-2016,41.0,Female,Divorced,1,Retired,134168.15,555.0,156472.87,48,11.61,Personal,0,Pune,0,2016,1,4,4090.625077016438,0.03048879392774245,0.09718704352212752,39877.13369678904,67084.075,Very_Poor
LN101518,30/08/2018,24.0,Female,Divorced,1,Salaried,25137.27,600.0,97771.34,12,10.17,Personal,1,Pune,0,2018,8,3,8603.305640642653,0.34225298294694106,0.32412476242116456,5468.327687711833,12568.635,Fair
LN100528,01-07-2016,49.0,Female,Divorced,1,Unemployed,54456.17,667.0,197515.5,84,9.45,Personal,2,Hyderabad,1,2016,1,3,3223.131048258246,0.05918761911199863,0.3022545470972343,73227.5080536927,27228.085,Fair
LN101308,27/01/2018,52.0,Male,Single,0,Salaried,22369.43,602.0,212740.53,84,8.28,Auto,0,Bengaluru,1,2018,1,5,3345.570206831853,0.14955992203788174,0.7925270111934009,68287.36737387566,22369.43,Fair
LN101191,02/04/2017,41.0,Female,Married,3,Unemployed,46597.22,641.0,350425.49,36,16.01,Auto,4,Pune,1,2017,2,5,12321.630504939958,0.26442844669574617,0.6266924114070896,93153.20817783847,11649.305,Fair
LN101459,06-28-2021,46.0,Male,Single,1,Salaried,41435.31,699.0,476716.07,24,14.8,Business,3,Hyderabad,1,2021,6,0,23069.02362032041,0.5567479432474479,0.958755688485658,76940.49688768986,20717.655,Good
LN100059,23/02/2017,20.0,Female,Married,2,Unemployed,49415.86,628.0,353689.07,84,13.68,Auto,1,Delhi,1,2017,2,3,6565.768059533434,0.13286762710460637,0.5964499892679529,197835.4470008085,16471.953333333335,Fair
LN100351,15-Sep-2018,47.0,Male,Single,0,Unemployed,28604.29,773.0,247506.59,48,13.06,Personal,1,Bengaluru,1,2018,9,5,6647.345266328769,0.2323898011916663,0.7210648880523399,71565.98278378093,28604.29,Very_Good
LN100703,17-Mar-2016,46.0,Male,Single,1,Salaried,37139.83,651.0,186276.58,36,7.19,Business,2,Bengaluru,0,2016,3,3,5767.851809130475,0.15530097496758802,0.41796228828546955,21366.0851286971,18569.915,Fair
LN101193,14/08/2023,45.0,Female,Divorced,1,Unemployed,53151.19,681.0,157012.63,24,12.49,Personal,2,Delhi,1,2023,8,0,7427.083209267366,0.13973503150667682,0.24617296119491083,21237.367022416787,26575.595,Good
LN100472,12-25-2021,45.0,Female,Divorced,2,Retired,49498.15,441.0,343808.77,48,10.93,Home,1,Mumbai,1,2021,12,5,8874.218117503051,0.17928383419386484,0.578824275924117,82153.69964014646,16499.383333333335,Very_Poor
LN101942,01/10/2022,38.0,Female,Married,1,Self-Employed,80931.69,666.0,232956.9,84,8.88,Auto,0,Delhi,0,2022,1,0,3733.885873485478,0.04613626471269138,0.2398698828604716,80689.51337278014,40465.845,Fair
LN101209,10-Oct-2016,45.0,Female,Married,0,Self-Employed,77672.36,790.0,1562304.3,36,11.75,Home,1,Pune,1,2016,10,0,51704.386920254656,0.6656729230353584,1.6761692962593129,299053.62912916765,77672.36,Very_Good
LN100708,25-May-2020,28.0,Male,Divorced,2,Salaried,24256.9,630.0,181827.77,12,11.31,Business,0,Bengaluru,0,2020,5,0,16096.40891975749,0.6635806273578854,0.6246599592968047,11329.13703708988,8085.633333333334,Fair
LN101270,2016-08-14,52.0,Male,Divorced,1,Retired,70800.46,668.0,302563.28,84,,Home,0,Delhi,1,2016,8,6,5180.616033066611,0.07317206742818634,0.35612207415978187,132608.46677759528,35400.23,Fair
LN100962,10/09/2020,46.0,Male,Married,1,Salaried,54961.42,653.0,57125.31,36,13.32,Home,1,Delhi,0,2020,10,4,1933.590125103876,0.03518086186826825,0.08661425596354679,12483.93450373954,27480.71,Fair
LN101399,01/12/2017,28.0,Male,Single,0,Self-Employed,65989.74,636.0,657917.14,48,14.49,Business,1,Bengaluru,1,2017,1,3,18140.667058907507,0.2749013264623789,0.8308326163026756,212834.87882756034,65989.74,Fair
LN101757,18/12/2020,36.0,Male,Divorced,1,Salaried,64585.76,,130385.96,12,9.79,Home,0,Mumbai,0,2020,12,4,11450.154780301666,0.17728605779821535,0.16823362714422913,7015.897363619981,32292.88,Fair
LN100978,11-22-2017,38.0,Male,Single,0,Salaried,26531.44,621.0,526277.27,48,11.96,Education,1,Chennai,1,2017,11,2,13848.542658506707,0.5219672455964209,1.6529988257956099,138452.77760832198,26531.44,Fair
LN101904,31-Jul-2023,39.0,Male,Single,0,Salaried,58191.32,753.0,182358.65,36,17.18,Home,0,Mumbai,0,2023,7,0,6517.921500081766,0.11200848339721055,0.2611481259862582,52286.524002943566,58191.32,Very_Good
LN100722,03-13-2019,61.0,Male,Single,2,Retired,26771.52,717.0,193132.05,24,11.01,Education,2,Chennai,0,2019,3,2,9002.327292036263,0.33626507916010234,0.6011738407083348,22923.805008870317,8923.84,Good
LN100994,04-23-2019,44.0,Male,Single,6,Unemployed,132301.44,661.0,170806.69,120,10.22,Business,1,Bengaluru,0,2019,4,1,2278.081715843281,0.01721887317207795,0.10758681714525052,102563.1159011937,18900.205714285716,Fair
LN101090,2021-08-31,,Female,Single,1,Unemployed,77748.97,661.0,608454.63,120,11.65,Personal,3,Bengaluru,1,2021,8,1,8606.888223159252,0.11070099350717125,0.6521572247195043,424371.95677911025,38874.485,Fair
LN100008,08-08-2016,50.0,Female,Divorced,2,Self-Employed,,725.0,244652.22,48,7.89,Auto,2,Chennai,0,2016,8,0,5960.035147585271,0.12416739890802649,0.4247434375,41429.46708409299,16000.0,Good
  LN101391  ,22-Feb-2018,,Male,Married,1,Unemployed,42328.53,731.0,129542.27,24,17.43,Home,0,Chennai,0,2018,2,3,6431.644908735017,0.1519458603626211,0.2550334057588739,24817.2078096404,21164.265,Good
LN101756,16/08/2016,42.0,Female,Divorced,1,Self-Employed,30912.09,577.0,78872.47,60,17.73,Home,0,Mumbai,0,2016,8,1,1991.274233146903,0.06441732775580374,0.2126257342461585,40603.98398881419,15456.045,Very_Poor
LN101322,09/03/2015,,Female,Divorced,2,Retired,43452.5,706.0,388972.95,24,7.25,Education,1,Mumbai,0,2015,9,3,17459.327651041913,0.401802604016844,0.7459734767849951,30050.913625005924,14484.166666666666,Good
LN101049,17/02/2021,40.0,Female,Married,3,Unemployed,19402.05,691.0,184160.85,48,14.4,Education,2,Mumbai,0,2021,2,2,5069.490802858236,0.2612863487548087,0.7909853597944548,59174.708537195314,4850.5125,Good
LN100207,30/07/2017,43.0,Male,Divorced,2,Retired,32591.21,667.0,208534.43,84,7.83,Business,0,Pune,1,2017,7,6,3232.6239397024256,0.09918698752523843,0.5332072410526233,63005.98093500378,10863.736666666666,Fair
LN101127,03-08-2023,37.0,Male,Divorced,0,Unemployed,79851.06,702.0,206838.72,36,12.44,Personal,1,Delhi,1,2023,3,2,6913.538699541847,0.08658042485023802,0.2158588752610172,42048.67318350647,79851.06,Good
LN100143,09-24-2023,60.0,Male,Divorced,2,Salaried,52484.21,617.0,,60,6.96,Home,0,Delhi,0,2023,9,6,3956.456844286212,0.07538375531014398,0.3175558261554602,37387.4106571727,17494.736666666668,Fair
LN100424,04/11/2020,23.0,Male,Divorced,1,Retired,16952.29,676.0,205275.86,120,13.34,Auto,2,Hyderabad,0,2020,4,5,3106.291154525897,0.18323725906800184,1.0090861863893708,167479.07854310767,8476.145,Good
LN101320,09-22-2021,23.0,Female,Divorced,0,Retired,46855.98,682.0,183020.08,120,11.69,Auto,3,Mumbai,0,2021,9,2,2593.1117292934923,0.05534217253152089,0.3255011064400602,128153.32751521908,46855.98,Good
LN100021,29-Sep-2019,45.0,Male,Single,3,Salaried,51340.72,706.0,682867.57,48,11.69,Personal,1,Chennai,1,2019,9,6,17878.730208818164,0.3482368421950094,1.1083917567446138,175311.480023272,12835.18,Good
LN101835,24/11/2023,37.0,Female,Married,1,Retired,40361.33,607.0,248787.52,24,5.54,Education,1,Chennai,0,2023,11,4,10974.826013170286,0.27191437975830546,0.513667248659381,14608.304316086898,20180.665,Fair
LN100518,11-04-2019,35.0,Female,Single,1,Unemployed,30810.29,,93776.58,24,9.71,Education,2,Delhi,0,2019,11,0,4314.751997108543,0.14004256360808492,0.2536397742442541,9777.467930605038,15405.145,Fair
LN100181,05-21-2023,34.0,Male,Married,1,Unemployed,33341.057114566334,680.0,508039.92,84,5.37,Auto,2,Mumbai,1,2023,5,6,7269.231978118338,0.21802643968785537,1.2698055689873007,102575.5661619404,16670.528557283167,Good
LN101105,01/11/2021,35.0,Male,Divorced,0,Self-Employed,80823.15,696.0,,24,14.07,Education,0,Delhi,0,2021,1,0,9609.162004907854,0.11889120882949816,0.20621154541324693,30619.888117788476,80823.15,Good
LN100442,02-29-2020,47.0,Male,Single,1,Self-Employed,,659.0,260708.98,36,11.97,Education,2,Delhi,0,2020,2,5,8655.51356259084,0.18032319922064252,0.45261975694444445,50889.508253270265,24000.0,Fair
LN101689,21-Aug-2018,34.0,Male,Single,0,Retired,43563.85,747.0,43849.2,84,9.5,Education,0,Chennai,0,2018,8,1,716.669758642525,0.016451019793763063,0.08387917964091787,16351.059725972103,43563.85,Very_Good
LN101754,17-Dec-2019,39.0,Male,Married,2,Unemployed,48994.55,513.0,191228.54,36,9.28,Home,3,Mumbai,1,2019,12,1,6105.948034512357,0.12462504573493084,0.3252547817393295,28585.58924244484,16331.516666666668,Very_Poor
LN101901,14/07/2019,48.0,Male,Single,0,Unemployed,40802.5,613.0,305080.99,12,11.24,Education,0,Hyderabad,1,2019,7,6,26997.501034166933,0.6616629136490885,0.623084757878398,18889.022410003236,40802.5,Fair
LN101709,16-Jul-2016,43.0,Female,Single,0,Self-Employed,90033.94,846.0,151230.43,36,11.42,Home,3,Hyderabad,0,2016,7,5,4981.2114027711,0.05532592934143613,0.13997538965120634,28093.18049975962,90033.94,Exceptional
LN101021,11-Aug-2018,39.0,Female,Married,0,Unemployed,62884.56,696.0,419071.7,36,8.68,Business,1,Bengaluru,1,2018,8,5,13263.997750535711,0.2109261438823093,0.5553452495599344,58432.21901928558,62884.56,Good
LN100740,11-06-2016,40.0,Female,Married,0,Salaried,20792.7,722.0,203465.47,48,17.63,Business,2,Chennai,0,2016,11,6,5937.525929443571,0.28555819732134696,0.8154523382405042,81535.7746132914,20792.7,Good
LN100579,2015-11-09,41.0,Male,Divorced,2,Self-Employed,68392.42,710.0,686590.93,24,5.85,Business,0,Chennai,1,2015,11,0,30383.49860322238,0.4442524274359992,0.8365826334750742,42613.03647733701,22797.47333333333,Good
LN100886,05-24-2016,29.0,Female,Single,0,Self-Employed,18486.46,712.0,629298.93,84,12.67,Personal,1,Mumbai,1,2016,5,1,11335.57667192734,0.6131826575735614,2.836756063627109,322889.5104418965,18486.46,Good
LN101152,18-Aug-2021,45.0,Female,Married,0,Salaried,45255.12,,45773.78,84,10.75,Auto,2,Chennai,1,2021,8,2,777.7540182459296,0.017185989524410267,0.08428840022226582,19557.557532658087,45255.12,Fair
LN100453,12/11/2017,31.0,Male,Single,2,Unemployed,42209.86,722.0,132042.79,24,8.75,Auto,0,Chennai,0,2017,12,0,6017.174610167631,0.14255376848365833,0.26068709617452734,12369.400644023117,14069.953333333333,Good
LN100717,2022-12-22,59.0,Male,Single,3,Retired,67587.8,630.0,,36,6.87,Auto,0,Pune,0,2022,12,3,6163.511695271691,0.09119266635800678,0.24659282691057655,21886.421029780875,16896.95,Fair
LN100575,03/01/2019,36.0,Male,Married,2,Salaried,61182.66,649.0,131185.41,84,7.23,Auto,3,Chennai,0,2019,3,4,1994.7186734461407,0.03260267980251497,0.17867999691415834,36370.9585694758,20394.22,Fair
LN101899,01-28-2021,47.0,Male,Divorced,2,Self-Employed,100216.32,685.0,45908.79,120,15.61,Personal,1,Mumbai,0,2021,1,3,757.9116948288082,0.007562757191930497,0.03817474539077068,45040.61337945698,33405.44,Good
LN101206,21-Jul-2023,37.0,Male,Single,0,Salaried,132103.69,670.0,77495.54,84,5.87,Personal,1,Hyderabad,0,2023,7,4,1127.272160839995,0.008533237495788309,0.048885550938559445,17195.32151055959,132103.69,Good
LN101962,09-04-2018,18.0,Female,Divorced,0,Unemployed,43734.44,741.0,335265.96,120,9.01,Education,0,Delhi,0,2018,9,1,4248.819228078487,0.0971504203112807,0.6388290326799657,174592.34736941842,43734.44,Very_Good
LN101801,09-May-2017,30.0,Female,Divorced,2,Retired,26762.55,714.0,560248.75,12,11.66,Business,2,Bengaluru,1,2017,5,1,49687.95251382079,1.856622500988164,1.7445047588265445,36006.68016584951,8920.85,Good
LN100454,06-08-2022,34.0,Female,Single,1,Unemployed,44977.96,715.0,218746.83,12,14.68,Home,1,Hyderabad,1,2022,6,2,19710.578911416906,0.4382274987886713,0.40528522191757915,17780.116937002895,22488.98,Good
LN101356,11-23-2015,,Male,Divorced,1,Unemployed,52632.89,677.0,192243.7,120,11.43,Auto,0,Hyderabad,0,2015,11,0,2695.164375931811,0.051206847580131186,0.3043782762704715,131176.0251118173,26316.445,Good
LN100889,31-Jul-2015,36.0,Male,Divorced,1,Retired,58319.91,561.0,179326.79,36,10.4,Auto,2,Hyderabad,1,2015,7,4,5820.090730411749,0.0997959484233043,0.25624009307741846,30196.47629482296,29159.955,Very_Poor
LN100431,01-15-2020,25.0,Male,Divorced,3,Unemployed,46444.01,595.0,248335.48,60,12.95,Education,1,Delhi,1,2020,1,2,5644.03483876229,0.12152341795556175,0.4455821823596484,90306.61032573736,11611.0025,Fair
LN100862,2021-05-24,34.0,Male,Married,0,Salaried,113847.12,810.0,311167.74,12,13.91,Home,0,Bengaluru,0,2021,5,0,27925.490974068718,0.24528939312710518,0.22776724611039786,23938.15168882464,113847.12,Exceptional
LN100948,23/12/2018,33.0,Female,Divorced,1,Retired,133818.07,517.0,332290.66,36,9.28,Home,0,Chennai,0,2018,12,6,10610.076834314656,0.0792873252043962,0.20692936561806138,49672.1060353276,66909.035,Very_Poor
LN100562,23/02/2019,42.0,Male,Married,1,Salaried,38817.52,552.0,,24,10.55,Business,0,Chennai,0,2019,2,5,9279.798434471752,0.2390621151086353,0.42935938892197817,22715.162427322037,19408.76,Very_Poor
LN100285,2023-01-29,28.0,Female,Married,0,Salaried,31465.89,698.0,469905.25,120,9.09,Home,1,Bengaluru,1,2023,1,6,5975.469184449368,0.18990307232528203,1.2444831795106808,247151.0521339242,31465.89,Good
LN101926,12/04/2023,18.0,Male,Single,1,Unemployed,91810.58,731.0,165058.21,36,11.9,Business,0,Delhi,0,2023,12,0,5474.401526185108,0.05962713149383337,0.14981770982530918,32020.244942663907,45905.29,Good
LN101439,11/11/2017,40.0,Female,Single,2,Salaried,146736.66,684.0,114209.87,60,15.19,Auto,1,Hyderabad,0,2017,11,5,2728.446218064029,0.01859416875144922,0.06486101814411387,49496.90308384175,48912.22,Good
LN100502,2021-07-14,46.0,Male,Divorced,0,Unemployed,44247.83,652.0,612500.36,24,10.94,Personal,0,Bengaluru,1,2021,7,2,28530.141360204107,0.6447805770408199,1.153541239574159,72223.03264489851,44247.83,Fair
LN101355,2023-09-29,37.0,Female,Divorced,4,Unemployed,55011.58,684.0,173147.12,60,3.43,Personal,1,Mumbai,0,2023,9,4,3144.406478826722,0.057158992321738836,0.2622888974769797,15517.268729603325,11002.316,Good
LN100397,18/01/2017,37.0,Female,Single,0,Salaried,37307.31,703.0,168954.86,12,11.09,Education,1,Pune,0,2017,1,2,14939.476496967292,0.4004436797230166,0.3773944480764404,10318.85796360753,37307.31,Good
LN101262,04-10-2015,36.0,Male,Single,1,Salaried,57492.71,552.0,483190.06,48,2.65,Education,0,Mumbai,1,2015,4,4,10620.411228063878,0.18472622403890648,0.7003642432811626,26589.67894706613,28746.355,Very_Poor
LN101996,01/10/2016,33.0,Male,Married,0,Self-Employed,28736.77,636.0,229293.26,120,5.84,Business,1,Pune,1,2016,1,6,2527.2378157489998,0.08794439374185059,0.6649241256643202,73975.27788987994,28736.77,Fair
LN100545,07/10/2018,45.0,Female,Married,0,Retired,63997.78,664.0,75552.85,60,9.55,Auto,1,Bengaluru,0,2018,7,1,1588.5946026912716,0.02482265170278206,0.09837951931040942,19762.82616147629,63997.78,Fair
LN101843,02-06-2020,29.0,Female,Married,0,Salaried,33250.26,723.0,267370.63,36,13.83,Business,0,Chennai,0,2020,2,3,9116.015982128736,0.2741637503625155,0.6700965897209025,60805.945356634504,33250.26,Good
LN100052,23-Nov-2018,22.0,Male,Divorced,1,Self-Employed,64957.25,591.0,141352.53,48,9.22,Business,0,Pune,0,2018,11,4,3532.3404655303307,0.05437946442514624,0.18134045853234243,28199.812345455866,32478.625,Fair
LN100037,24-Feb-2017,41.0,Female,Single,1,Unemployed,32415.26,696.0,581238.96,84,10.67,Personal,0,Bengaluru,1,2017,2,4,9851.65325054096,0.3039202292543993,1.4942523984074167,246299.91304544068,16207.63,Good
LN100916,06-15-2017,18.0,Female,Divorced,1,Unemployed,49502.23,645.0,314090.14,12,11.21,Auto,0,Delhi,1,2017,6,3,27790.348094659512,0.5613958824614469,0.5287474591212019,19394.037135914143,24751.115,Fair
LN101799,03/09/2018,44.0,Male,Single,1,Self-Employed,62170.50199279331,755.0,88380.18,84,14.22,Education,1,Bengaluru,0,2018,3,4,1667.0041811195788,0.02681342642709906,0.11846478255642424,51648.17121404462,31085.250996396655,Very_Good
LN100896,2022-05-25,19.0,Female,Single,3,Unemployed,33949.47,632.0,316828.05,24,11.57,Auto,1,Delhi,1,2022,5,2,14850.597342479661,0.4374323764842179,0.7776951304394442,39586.28621951188,8487.3675,Fair
LN101110,22/09/2017,34.0,Female,Divorced,1,Self-Employed,79123.0,607.0,125921.43,48,16.71,Personal,2,Delhi,0,2017,9,4,3614.599152763929,0.04568329250362005,0.1326220252012689,47579.329332668596,39561.5,Fair
LN100416,18-Sep-2022,40.0,Male,Divorced,0,Salaried,28421.35,,100828.81,36,11.33,Education,0,Chennai,0,2022,9,6,3316.777063896307,0.11670019418135688,0.295636936082675,18575.16430026706,28421.35,Fair
LN101732,2020-02-21,48.0,Female,Married,2,Self-Employed,39332.31,570.0,766340.33,120,8.29,Auto,2,Mumbai,1,2020,2,4,9415.661977884252,0.23938746485737178,1.6236446363477424,363539.1073461104,13110.769999999999,Very_Poor
LN101179,2022-07-02,43.0,Female,Single,0,Self-Employed,79920.77,775.0,779342.75,12,11.05,Business,1,Chennai,1,2022,7,5,68897.1898347694,0.8620686441680854,0.8126201632775394,47423.52801723266,79920.77,Very_Good
LN101719,27-Sep-2018,38.0,Male,Married,1,Self-Employed,64869.66,750.0,157029.44,60,10.51,Home,1,Hyderabad,0,2018,9,3,3375.948173897081,0.05204202047454975,0.20172429864233396,45527.45043382485,32434.83,Very_Good
LN100949,2020-10-02,43.0,Female,Single,0,Salaried,,561.0,285437.3,48,17.47,Business,0,Bengaluru,1,2020,10,4,8305.868094940857,0.1730389186446012,0.49555086805555554,113244.36855716113,48000.0,Very_Poor
LN100735,10-12-2016,74.0,Female,Married,0,Salaried,64216.28,701.0,301540.45,24,15.22,Auto,0,Chennai,0,2016,10,2,14652.182458214169,0.228169281344453,0.39130841639119135,50111.92899714003,64216.28,Good
LN101380,13-Jan-2015,34.0,Female,Single,0,Self-Employed,47482.91,733.0,272539.62,24,9.75,Education,1,Delhi,0,2015,1,1,12544.837812173586,0.26419690394235706,0.47831177575258127,28536.487492166052,47482.91,Good
LN101458,2019-03-21,30.0,Male,Divorced,0,Self-Employed,68996.37,583.0,105658.03,12,16.3,Auto,0,Chennai,0,2019,3,3,9601.395335665406,0.13915797795833906,0.12761302998017626,9558.714027984868,68996.37,Fair
LN100071,2020-02-06,37.0,Male,Divorced,1,Unemployed,49761.25,586.0,119393.42,36,11.3,Education,0,Pune,1,2020,2,3,3925.7615508459085,0.07889194003056411,0.19994376481030252,21933.995830452695,24880.625,Fair
LN101999,22-Sep-2017,39.0,Male,Married,2,Unemployed,78408.02,680.0,337342.3,36,7.51,Education,2,Hyderabad,1,2017,9,4,10494.95088005614,0.13385047703099937,0.3585329451417512,40475.931682021066,26136.006666666668,Good
LN101545,2015-05-06,36.0,Female,Single,0,Salaried,,572.0,378955.26,84,13.11,Business,0,Hyderabad,1,2015,5,2,6916.6182525863405,0.14409621359554875,0.6579084375,202040.6732172526,48000.0,Very_Poor
LN101941,19/01/2015,38.0,Female,Divorced,0,Self-Employed,63886.6,581.0,,36,17.18,Home,0,Mumbai,0,2015,1,0,7148.46430381204,0.11189301518334112,0.2608789114879594,57344.71493723345,63886.6,Fair
LN101192,2023-07-21,,Male,Married,1,Retired,55256.07,526.0,607097.17,60,10.96,Home,0,Mumbai,1,2023,7,4,13187.63797832813,0.2386640595020263,0.9155814163644527,184161.10869968776,27628.035,Very_Poor
LN101017,28-Jul-2020,31.0,Female,Single,2,Unemployed,33671.81,560.0,75027.63,24,8.36,Business,0,Chennai,0,2020,7,1,3405.6097789520486,0.10114127452465575,0.18568358814094046,6707.004694849165,11223.936666666666,Very_Poor
LN100147,04-04-2018,36.0,Male,Married,3,Self-Employed,56460.13,627.0,612400.59,24,12.47,Education,2,Pune,1,2018,4,2,28962.316829316675,0.5129693613761902,0.9038835457870891,82695.01390360028,14115.0325,Fair
LN101679,04-11-2015,52.0,Male,Divorced,2,Unemployed,47937.13,570.0,63973.04,48,12.54,Education,0,Chennai,0,2015,4,5,1701.6642168280337,0.035497832615929106,0.11120996744416421,17706.842407745607,15979.043333333333,Very_Poor
LN101147,23-Apr-2017,44.0,Female,Married,0,Self-Employed,27422.64,859.0,492450.64,24,11.04,Home,1,Hyderabad,1,2017,4,6,22961.11269259723,0.8373049674501518,1.4964844133655015,58616.064622333506,27422.64,Exceptional
LN100597,27-May-2022,43.0,Female,Married,1,Retired,31867.6,846.0,227756.74,60,10.56,Personal,2,Delhi,0,2022,5,4,4902.145895413389,0.15382852475283326,0.5955807256691227,66372.01372480334,15933.8,Exceptional
LN101905,19-Jul-2017,25.0,Male,Married,2,Unemployed,60936.89,590.0,488146.18,60,7.49,Home,1,Chennai,1,2017,7,2,9779.106962995282,0.16047925916460917,0.6675570140408107,98600.2377797169,20312.296666666665,Fair
LN101048,02/02/2015,46.0,Female,Divorced,0,Retired,59656.92,597.0,437668.94,48,8.78,Education,0,Hyderabad,1,2015,2,0,10845.721222893351,0.18180156171142178,0.6113693376504631,82925.67869888089,59656.92,Fair
LN101966,06-19-2015,36.0,Female,Married,2,Unemployed,35115.17,391.0,119375.56,120,13.15,Auto,2,Pune,1,2015,6,4,1792.9817986498144,0.05106003469867338,0.2832953203226222,95782.25583797775,11705.056666666665,Very_Poor
LN100818,06-05-2016,30.0,Male,Single,1,Unemployed,71033.32,677.0,179624.14,84,12.62,Business,0,Hyderabad,1,2016,6,6,3230.719383958281,0.04548174552390738,0.21072756184468547,91756.28825249558,35516.66,Good
LN101707,11-18-2017,34.0,Female,Married,2,Salaried,41691.76,810.0,65475.46,60,6.3,Education,2,Hyderabad,0,2017,11,5,1274.974308938385,0.03058096633335664,0.13087210358433737,11022.998536303108,13897.253333333334,Exceptional
LN101862,03-May-2015,23.0,Female,Married,2,Salaried,28814.96,612.0,78008.08,24,5.18,Auto,0,Chennai,0,2015,5,6,3428.5832699682833,0.11898622347448282,0.22560063707648156,4277.918479238797,9604.986666666666,Fair
LN101821,03-28-2019,29.0,Female,Single,1,Retired,100994.11,620.0,282469.56,60,17.3,Education,2,Pune,0,2019,3,3,7065.736125215223,0.06996186337218302,0.23307428522316795,141474.6075129134,50497.055,Fair
LN100631,11-15-2021,36.0,Male,Single,0,Salaried,51125.94,712.0,145602.45,36,11.42,Education,1,Bengaluru,0,2021,11,0,4795.837611593177,0.09380438993577775,0.23732644328886668,27047.70401735435,51125.94,Good
LN100789,22/02/2016,45.0,Female,Married,0,Self-Employed,14074.87,407.0,87110.4,48,11.45,Home,0,Hyderabad,1,2016,2,0,2270.493792482782,0.16131543612713878,0.5157560957934247,21873.302039173534,14074.87,Very_Poor
LN100413,05-24-2015,,Male,Divorced,2,Unemployed,45237.63,606.0,101075.96,36,10.47,Auto,2,Mumbai,0,2015,5,6,3283.777109235371,0.07258950367725654,0.18619447275789355,17140.015932473354,15079.21,Fair
LN100375,10-08-2020,26.0,Female,Married,0,Retired,27279.29,691.0,135213.95,36,11.95,Personal,0,Mumbai,0,2020,10,3,4487.7991986930665,0.16451304996182328,0.4130543414680759,26346.821152950375,27279.29,Good
LN100142,07-22-2019,37.0,Female,Single,1,Unemployed,77704.99,776.0,465159.39,36,11.83,Home,1,Hyderabad,1,2019,7,0,15412.170149317444,0.19834209037691714,0.4988519077088871,89678.73537542799,38852.495,Very_Good
LN101073,26-Jan-2021,34.0,Male,Divorced,2,Unemployed,58364.72,615.0,309759.94,24,11.7,Personal,1,Chennai,1,2021,1,1,14538.061625650274,0.24908988898859233,0.44227623011527056,39153.53901560657,19454.906666666666,Fair
LN100587,2021-04-01,,Female,Divorced,1,Retired,46680.16,579.0,687546.1,120,11.3,Personal,1,Hyderabad,1,2021,4,3,9588.07620427017,0.2053993860404542,1.2274059971802438,463023.0445124203,23340.08,Very_Poor
LN101961,25/09/2019,53.0,Male,Single,1,Retired,25592.71,698.0,193983.33,48,14.87,Education,0,Chennai,0,2019,9,2,5385.920064334786,0.21044743070721256,0.6316360205699201,64540.83308806972,12796.355,Good
LN101275,06/12/2015,25.0,Female,Single,1,Retired,94125.77,734.0,68132.89,84,10.04,Personal,1,Pune,0,2015,6,4,1132.4941848445317,0.012031712302003283,0.06032079029295945,26996.621526940668,47062.885,Good
  LN101337  ,08/10/2018,32.0,Female,Single,1,Self-Employed,71725.11,514.0,148385.87,48,5.69,Education,4,Pune,0,2018,8,4,3463.7821325615005,0.048292461769128,0.17240111819510162,17875.672362952027,35862.555,Very_Poor
  LN100673  ,11-16-2015,36.0,Female,Married,2,Salaried,44910.11,687.0,243138.94,84,10.41,Auto,2,Mumbai,1,2015,11,0,4088.0849205608806,0.09102816538549739,0.45115851048535244,100260.19332711399,14970.036666666667,Good
LN100309,08-29-2021,34.0,Female,Married,2,Retired,41388.28,784.0,142458.78,24,8.48,Business,0,Pune,0,2021,8,6,6474.221545061929,0.15642644596639263,0.2868339781213426,12922.537081486284,13796.093333333332,Very_Good
LN100863,10/08/2020,42.0,Female,Married,2,Salaried,73078.05,750.0,596443.63,60,10.8,Home,1,Bengaluru,1,2020,10,3,12908.700587538897,0.17664265244541824,0.6801445281221014,178078.40525233385,24359.350000000002,Very_Good
LN100489,2015-06-30,38.0,Male,Single,2,Salaried,90671.21,738.0,74604.08,120,12.76,Business,0,Delhi,0,2015,6,1,1103.38276716627,0.0121690530783285,0.06856649058357847,57801.852059952405,30223.736666666668,Good
LN101040,07-02-2015,59.0,Female,Married,1,Salaried,35304.67,649.0,125882.88,84,7.93,Education,1,Mumbai,0,2015,7,3,1957.6476314618594,0.05545010423442166,0.29713462836502935,38559.5210427962,17652.335,Fair
LN100594,2016-01-30,59.0,Male,Divorced,3,Retired,59662.37,793.0,133465.23,84,8.61,Auto,0,Pune,0,2016,1,5,2121.0077770490566,0.03555017638503225,0.18641737664796085,44699.42327212074,14915.5925,Very_Good
LN101805,2020-10-24,38.0,Female,Single,0,Self-Employed,54209.23,730.0,193741.83,60,8.68,Education,1,Pune,0,2020,10,5,3991.7318493655284,0.07363564930484215,0.29783032336006243,45762.08096193173,54209.23,Good
LN100716,2019-04-02,60.0,Male,Married,2,Self-Employed,39609.99,628.0,363851.08,36,10.73,Home,3,Hyderabad,1,2019,4,1,11865.517293583622,0.299558704599108,0.7654867707195415,63307.542569010344,13203.33,Fair
LN100376,2023-01-29,43.0,Male,Divorced,4,Self-Employed,38796.64,577.0,210987.74,24,10.39,Home,1,Chennai,0,2023,1,6,9773.993608596846,0.25192886828851274,0.4531916080017926,23588.10660632432,7759.3279999999995,Very_Poor
LN100368,2015-03-18,36.0,Male,Married,2,Salaried,46482.51,739.0,654888.86,48,6.09,Education,1,Hyderabad,1,2015,3,2,15407.06513524648,0.33145940559678205,1.1740775544751492,84650.26649183105,15494.17,Good
LN101529,2020-10-18,33.0,Female,Single,2,Unemployed,84856.03,640.0,138231.07,12,8.33,Personal,2,Delhi,0,2020,10,6,12045.466123545426,0.14195179910662126,0.13575058641481735,6314.523482545104,28285.343333333334,Fair
LN101728,01/06/2017,41.0,Male,Married,2,Self-Employed,55338.62,660.0,142471.3,24,9.04,Auto,0,Chennai,0,2017,1,4,6511.346680375728,0.11766369816189359,0.21454471277623713,13801.020329017483,18446.20666666667,Fair
LN100611,07-Feb-2023,30.0,Male,Single,0,Self-Employed,41262.39,678.0,133758.31,24,9.68,Personal,0,Hyderabad,1,2023,2,1,6152.501597799254,0.14910676763510922,0.2701376685483641,13901.7283471821,41262.39,Good
LN101047,30/04/2020,42.0,Female,Married,4,Self-Employed,40740.94,624.0,153330.07,84,10.76,Education,0,Delhi,0,2020,4,3,2606.073283085059,0.06396694045559721,0.3136281547095706,65580.08577914492,8148.188,Fair
LN101977,2022-08-01,35.0,Male,Divorced,1,Retired,45213.7,674.0,132356.31,60,2.32,Personal,1,Mumbai,0,2022,8,0,2338.4662731000694,0.05172030320677294,0.24394580624899095,7951.666386004159,22606.85,Good
LN101620,13-Feb-2021,61.0,Female,Single,1,Self-Employed,20340.24,687.0,113667.83,48,5.28,Business,1,Chennai,0,2021,2,5,2632.1203947751846,0.12940458887285422,0.4656935791645854,12673.948949208861,10170.12,Good
LN100341,21/05/2022,44.0,Female,Divorced,1,Retired,25896.1,534.0,243994.47,84,11.44,Business,2,Chennai,1,2022,5,5,4234.437338735007,0.16351641130266747,0.7851712226937648,111698.26645374057,12948.05,Very_Poor
LN101750,03-07-2021,,Female,Divorced,3,Salaried,57796.96741812771,829.0,124009.9,12,6.18,Business,1,Hyderabad,0,2021,3,6,10683.183880929479,0.18483986890943271,0.1788010477880554,4188.306571153749,14449.241854531927,Exceptional
LN100301,05-May-2023,40.0,Female,Divorced,3,Unemployed,61365.89,604.0,203639.94,120,3.54,Home,0,Mumbai,1,2023,5,4,2017.5244350270336,0.03287696854110702,0.2765379105558479,38462.99220324404,15341.4725,Fair
LN100684,04-14-2019,48.0,Male,Single,1,Salaried,44822.73,,463539.16,48,13.11,Personal,1,Pune,1,2019,4,6,12460.898908588664,0.27800401511886186,0.8618007723611063,134583.9876122559,22411.365,Fair
LN101318,01-03-2015,,Male,Divorced,0,Self-Employed,36056.03731601903,560.0,275473.5,48,13.73,Home,2,Chennai,1,2015,1,5,7490.452725892768,0.20774475742415818,0.6366790892409305,84068.23084285285,36056.03731601903,Very_Poor
LN101150,15-Sep-2017,34.0,Female,Single,1,Self-Employed,76997.57,669.0,375305.89,84,10.06,Business,0,Delhi,1,2017,9,4,6242.157316328105,0.081069536562363,0.40618802428873185,149035.32457156072,38498.785,Fair
  LN101006  ,2018-07-30,38.0,Male,Single,2,Retired,65344.02,697.0,35325.22,24,9.02,Personal,0,Mumbai,0,2018,7,0,1614.1395498974343,0.0247021770300853,0.045050309627925146,3414.129197538423,21781.34,Good
LN100117,03-18-2022,37.0,Male,Single,1,Self-Employed,57779.03,678.0,267090.95,60,15.84,Business,1,Hyderabad,0,2022,3,4,6472.443177550293,0.11202062716439326,0.38521898285012174,121255.64065301756,28889.515,Good
LN101758,20-Sep-2016,45.0,Male,Divorced,0,Retired,27735.78,589.0,185356.6,120,16.12,Home,2,Chennai,0,2016,9,1,3118.8411385290246,0.11244829381142427,0.5569118060978755,188904.33662348296,27735.78,Fair
LN100654,11-Jan-2020,40.0,Female,Divorced,2,Salaried,93379.93,638.0,78855.74,48,17.43,Personal,1,Chennai,0,2020,1,5,2292.9640576373527,0.02455521285609609,0.07037177760431677,31206.534766592915,31126.64333333333,Fair
LN100005,04-06-2019,40.0,Female,Married,0,Self-Employed,18401.09,530.0,228160.1,120,13.22,Education,0,Hyderabad,1,2019,4,5,3436.344331657444,0.18674678139487627,1.033272576062976,184201.2197988933,18401.09,Very_Poor
LN100934,07-18-2016,41.0,Male,Married,0,Retired,56394.0,676.0,215430.05,36,13.61,Education,2,Delhi,0,2016,7,0,7322.133149411736,0.12983886848621726,0.3183406774952418,48166.74337882252,56394.0,Good
LN100047,2016-06-06,32.0,Female,Single,0,Salaried,32976.93,640.0,96310.28,36,9.34,Personal,1,Mumbai,0,2016,6,0,3077.8945152287474,0.09333478026088989,0.24337792106987113,14493.922548234914,32976.93,Fair
LN100378,01-26-2023,53.0,Male,Married,1,Self-Employed,49422.34,721.0,494038.54,24,11.49,Auto,0,Chennai,1,2023,1,3,23138.53059522814,0.4681795842776393,0.8330216321876571,61286.194285475474,24711.17,Good
LN101172,09-Jun-2021,38.0,Male,Divorced,3,Salaried,46424.18,742.0,79460.59,24,4.15,Education,2,Delhi,0,2021,6,2,3455.83745891269,0.07444046311453838,0.1426350628774344,3479.509013904564,11606.045,Very_Good
LN100972,2020-12-21,42.0,Female,Married,2,Retired,85848.8,638.0,229541.82,120,11.34,Personal,1,Hyderabad,0,2020,12,0,3206.2757242118664,0.03734793875059251,0.22281598577964978,155211.26690542395,28616.266666666666,Fair
LN101796,2019-09-22,47.0,Female,Divorced,2,Retired,43861.97,591.0,71138.56,12,13.95,Auto,2,Delhi,0,2019,9,6,6385.60985123025,0.1455842008744762,0.13515611207917322,5488.758214763002,14620.656666666668,Fair
LN101450,30/06/2022,26.0,Female,Married,2,Salaried,82581.03,840.0,,60,14.89,Business,3,Delhi,0,2022,6,3,4746.44141984403,0.05747617122048526,0.20182197614472316,84786.48519064178,27527.01,Exceptional
LN100448,19/07/2023,32.0,Male,Married,0,Retired,83882.01,694.0,849620.9,60,14.54,Business,1,Hyderabad,1,2023,7,2,20007.834129233583,0.23852354192792452,0.8440634847289267,350849.1477540148,83882.01,Good
LN100340,16/02/2020,41.0,Male,Divorced,2,Salaried,89695.32,752.0,134385.67,48,14.81,Auto,2,Chennai,0,2020,2,6,3727.118864044006,0.0415531029271539,0.12485384781874165,44516.03547411229,29898.440000000002,Very_Good
LN101694,2016-08-31,28.0,Male,Single,3,Retired,39258.23,587.0,89566.47,120,11.27,Business,1,Delhi,0,2016,8,2,1247.5061704562725,0.0317769336634961,0.19012249151324448,60134.270454752696,9814.5575,Fair
LN101486,27-Dec-2016,29.0,Female,Married,0,Salaried,36862.95,757.0,228124.41,48,12.03,Education,3,Delhi,0,2016,12,1,6010.741644347887,0.16305644676695402,0.5157039113798544,60391.18892869857,36862.95,Very_Good
LN100667,24-Apr-2022,35.0,Female,Single,0,Self-Employed,61896.3,696.0,93370.15,12,13.99,Auto,0,Pune,0,2022,4,6,8382.941146554964,0.13543525455568367,0.12570776982361356,7225.143758659571,61896.3,Good
LN101597,02-24-2019,46.0,Male,Divorced,3,Salaried,93915.88,,157364.11,120,13.06,Personal,0,Mumbai,0,2019,2,6,2355.186602573845,0.02507761842378355,0.13963214563216925,125258.28230886144,23478.97,Fair
ln101267,10-Oct-2022,33.0,Female,Single,0,Self-Employed,51606.51,697.0,138757.36,12,9.57,Auto,0,Mumbai,0,2022,10,0,12171.122201349272,0.23584470644012298,0.22406307524638525,7296.106416191265,51606.51,Good
LN100195,07-31-2015,37.0,Male,Divorced,1,Self-Employed,59591.1,,413382.13,48,6.66,Personal,0,Delhi,1,2015,7,4,9833.83976051078,0.1650219539580706,0.5780814724570168,58642.17850451742,29795.55,Fair
LN101884,02-Dec-2020,44.0,Male,Divorced,0,Salaried,31758.4,647.0,126267.24,12,10.35,Home,1,Pune,0,2020,12,2,11121.358528980541,0.3501863610566194,0.33132242178447274,7189.062347766492,31758.4,Fair
LN101484,04/09/2018,33.0,Female,Married,2,Retired,38554.19,506.0,286717.68,12,14.25,Education,0,Delhi,1,2018,4,0,25777.12330000041,0.6685946015206236,0.619728750623473,22607.799600004917,12851.396666666667,Very_Poor
LN100331,12-Jan-2017,25.0,Male,Married,1,Self-Employed,74412.24,732.0,67372.29,84,15.77,Personal,0,Chennai,0,2017,1,3,1329.3416084737032,0.017864555729994194,0.07544938171462112,44292.40511179107,37206.12,Good
LN101574,08-23-2020,32.0,Male,Married,0,Salaried,80821.27,835.0,94123.87,60,11.88,Education,3,Delhi,0,2020,8,6,2088.0277204881054,0.025835126328602673,0.09704940089822064,31157.793229286326,80821.27,Exceptional
LN100982,04-Oct-2018,45.0,Female,Single,2,Salaried,156577.22,745.0,534892.14,60,11.66,Home,1,Pune,0,2018,10,3,11806.66795012266,0.07540476162575029,0.2846796296421663,173507.93700735958,52192.40666666667,Very_Good
LN100743,2018-04-19,61.0,Female,Married,1,Retired,31879.46,620.0,153727.08,84,9.74,Home,1,Delhi,0,2018,4,3,2531.4446866442513,0.07940676180350142,0.40184463601328246,58914.27367811711,15939.73,Fair
LN100114,23-Sep-2017,39.0,Male,Married,0,Salaried,61467.72,637.0,425111.36,36,4.7,Education,1,Chennai,1,2017,9,5,12683.704226309452,0.20634740033157975,0.5763341582649668,31501.992147140263,61467.72,Fair
LN101886,2018-02-04,32.0,Male,Divorced,4,Retired,60720.06,660.0,1060563.97,12,14.26,Business,1,Delhi,1,2018,2,6,95354.14823584279,1.5703895588351329,1.455537607066484,83685.80883011338,12144.011999999999,Fair
LN100944,2019-05-20,47.0,Male,Married,0,Salaried,23865.83,829.0,453759.01,60,5.87,Personal,0,Pune,1,2019,5,0,8745.00438416868,0.3664236435174758,1.5844096280470166,70941.25305012078,23865.83,Exceptional
LN101413,21/03/2022,49.0,Male,Divorced,1,Retired,28272.33,629.0,267737.2,120,15.54,Business,0,Bengaluru,1,2022,3,0,4408.499434922726,0.15592982378610912,0.789161463994419,261282.7321907272,14136.165,Fair
LN100387,22/05/2023,32.0,Female,Single,2,Salaried,83569.6,753.0,170531.91,60,14.58,Personal,3,Mumbai,0,2023,5,0,4019.439533533991,0.048096910043053824,0.17004978484999328,70634.46201203944,27856.533333333336,Very_Good
LN101974,12-25-2019,28.0,Female,Single,0,Unemployed,28767.05,587.0,1077835.52,12,7.55,Education,1,Mumbai,1,2019,12,2,93533.91173027086,3.251425214968892,3.1223092623910578,44571.42076325044,28767.05,Fair
LN100834,2018-04-10,40.0,Male,Married,2,Unemployed,14467.33,633.0,172113.96,36,6.91,Auto,3,Pune,1,2018,4,1,5307.276777550485,0.36684562925919884,0.9913944038049868,18948.003991817473,4822.443333333334,Fair
LN100624,30/04/2016,40.0,Male,Single,0,Salaried,52599.34,663.0,126978.98,24,17.11,Business,1,Chennai,0,2016,4,5,6284.826222957121,0.11948488750918018,0.20117327834658508,23856.849350970922,52599.34,Fair
LN100110,06/07/2015,25.0,Female,Divorced,1,Unemployed,57504.11,683.0,187064.48,36,13.42,Personal,0,Hyderabad,0,2015,6,6,6340.838088385148,0.11026756328174017,0.2710885650898113,41205.69118186532,28752.055,Good
LN101600,27-Oct-2019,38.0,Female,Single,1,Unemployed,45090.73,663.0,300710.33,12,13.0,Business,1,Bengaluru,1,2019,10,6,26858.43287345523,0.5956530948479927,0.5557504650438497,21590.864481462748,22545.365,Fair
LN101039,2020-10-15,23.0,Female,Divorced,1,Salaried,44953.74,650.0,980572.47,120,10.82,Auto,2,Hyderabad,1,2020,10,3,13407.662876583572,0.2982546697245562,1.81774358484967,628347.0751900286,22476.87,Fair
LN100931,2018-11-07,23.0,Female,Single,1,Retired,61325.22,680.0,255390.59,36,10.08,Home,1,Pune,1,2018,11,2,8250.308180303758,0.1345336907116478,0.3470439921237407,41620.50449093533,30662.61,Good
LN100721,2022-04-15,51.0,Female,Single,3,Retired,82349.74,737.0,382738.85,84,12.31,Education,0,Hyderabad,0,2022,4,4,6819.997134041028,0.08281747014673062,0.38731032018639844,190140.90925944643,20587.435,Good
LN100614,2017-11-07,36.0,Male,Married,0,Self-Employed,26766.85,793.0,367213.95,120,13.89,Auto,1,Chennai,1,2017,11,1,5677.336137864601,0.21210325973600186,1.1432485518467808,314066.3865437521,26766.85,Very_Good
LN101309,22-Sep-2015,39.0,Female,Single,0,Salaried,77559.42,728.0,288912.78,84,11.94,Business,3,Hyderabad,0,2015,9,1,5090.830503141536,0.06563781037998397,0.31042090051730664,138716.982263889,77559.42,Good
LN100312,07-14-2022,47.0,Female,Single,0,Salaried,16922.28,641.0,130356.14,48,12.3,Auto,0,Hyderabad,0,2022,7,3,3452.0041376657687,0.20399166883338232,0.6419354641730705,35340.058607956904,16922.28,Fair
LN100096,09/10/2015,31.0,Female,Married,2,Self-Employed,59195.8,790.0,189847.2,120,9.33,Education,0,Mumbai,1,2015,9,3,2438.9390563276024,0.04120121792977884,0.26725882579507326,102825.48675931228,19731.933333333334,Very_Good
LN101348,2016-08-29,38.0,Female,Married,2,Self-Employed,38266.02,670.0,519519.11,84,13.59,Personal,0,Chennai,1,2016,8,0,9618.502162884559,0.2513588338396457,1.1313760659370027,288435.071682303,12755.339999999998,Good
LN100675,15/10/2022,36.0,Male,Divorced,2,Self-Employed,27051.26,801.0,111720.2,120,13.19,Auto,1,Pune,0,2022,10,5,1680.645401361481,0.062128174486566656,0.34416203410364865,89957.2481633777,9017.086666666666,Exceptional
LN100020,23-Jul-2019,26.0,Male,Divorced,2,Salaried,62394.74,629.0,327682.47,120,12.42,Home,2,Mumbai,1,2019,7,1,4781.191709079999,0.07662812136215327,0.43764702761803315,246060.5350895999,20798.246666666666,Fair
LN100736,13/10/2021,36.0,Male,Married,0,Retired,44710.18,580.0,637890.71,60,9.87,Auto,0,Delhi,1,2021,10,2,13512.504341217531,0.3022243332775115,1.18893637123954,172859.55047305184,44710.18,Fair
LN101089,10/06/2023,30.0,Female,Single,1,Unemployed,33845.89,749.0,35112.87,120,9.63,Home,1,Hyderabad,0,2023,10,4,456.85458958797227,0.013498081734236337,0.08645281598445188,19709.68075055667,16922.945,Very_Good
LN100566,06-28-2017,47.0,Male,Single,1,Unemployed,59815.74,685.0,147557.19,48,12.35,Business,0,Pune,1,2017,6,2,3911.1461439264817,0.06538657122567541,0.20557185282669746,40177.82490847111,29907.87,Good
LN100464,10/04/2017,37.0,Male,Married,1,Salaried,55356.31,735.0,287457.0,24,10.43,Personal,2,Hyderabad,0,2017,10,2,13321.747298937611,0.24065453963491445,0.4327374783470936,32264.935174502665,27678.155,Good
LN101253,2016-04-06,40.0,Female,Married,3,Unemployed,,681.0,369821.3,36,10.79,Business,2,Mumbai,1,2016,4,2,12070.69820705106,0.25147287931356377,0.6420508680555556,64723.83545383817,12000.0,Good
LN101328,30/12/2017,40.0,Male,Divorced,0,Salaried,28634.08,651.0,139584.22,84,10.81,Personal,2,Hyderabad,0,2017,12,5,2376.0980916794124,0.08298147143820972,0.40622986082784335,60008.01970107065,28634.08,Fair
LN101174,12-01-2015,41.0,Female,Single,1,Self-Employed,61459.71,800.0,173546.98,36,12.23,Auto,0,Hyderabad,0,2015,12,1,5783.313193438158,0.09409925939185457,0.23531266797928813,34652.29496377369,30729.855,Exceptional
LN100595,2021-01-23,27.0,Female,Divorced,1,Self-Employed,63538.2,727.0,224140.53,84,14.46,Personal,0,Bengaluru,0,2021,1,5,4257.556146432067,0.06700781807530064,0.2939708317201306,133494.18630029363,31769.1,Good
LN100979,24-Jan-2017,25.0,Female,Married,1,Self-Employed,,654.0,167743.6,36,7.4,Auto,0,Hyderabad,0,2017,1,1,5210.1474825547675,0.108544739219891,0.29122152777777777,19821.709371971636,24000.0,Fair
LN101078,03-Mar-2021,40.0,Female,Divorced,0,Self-Employed,42849.55,679.0,85265.56,12,8.43,Auto,1,Hyderabad,0,2021,3,2,7433.99530812336,0.17349062727901132,0.16582352284524185,3942.3836974803125,42849.55,Good
LN100223,22-May-2019,53.0,Female,Single,0,Salaried,26306.84,586.0,130823.37,120,6.42,Business,0,Chennai,1,2019,5,2,1480.151694790537,0.056264898968881746,0.41441493923253414,46794.83337486445,26306.84,Fair
LN100858,02/10/2019,44.0,Female,Divorced,0,Retired,38837.77,,57806.57,12,7.31,Business,1,Hyderabad,0,2019,2,6,5010.013067121883,0.12899847409163512,0.12403426269496592,2313.586805462597,38837.77,Fair
LN100956,10-22-2015,37.0,Male,Married,2,Self-Employed,24261.36,643.0,566830.84,12,9.17,Education,1,Pune,1,2015,10,3,49614.3720526686,2.044995501186603,1.9469602418550869,28541.624632023275,8087.12,Fair
LN101173,06-Dec-2022,35.0,Female,Single,1,Retired,81959.42,614.0,202769.31,120,12.26,Home,2,Bengaluru,0,2022,12,1,2939.70720980468,0.035867838130195166,0.20616840016681426,149995.55517656164,40979.71,Fair
LN101623,31-Jan-2019,35.0,Female,Single,1,Salaried,,388.0,506265.82,48,12.06,Business,0,Bengaluru,1,2019,1,3,13346.818317497431,0.27805871494786316,0.8789337152777777,134381.45923987665,24000.0,Very_Poor
LN100112,2018-12-21,34.0,Female,Divorced,0,Self-Employed,138465.16,684.0,268613.59,84,14.09,Personal,0,Pune,0,2018,12,4,5047.183016177982,0.03645092394489691,0.16166135823143768,155349.78335895046,138465.16,Good
LN100702,11-04-2016,55.0,Male,Divorced,3,Salaried,90397.16,508.0,103501.37,48,4.14,Personal,2,Mumbai,0,2016,11,4,2343.43979444468,0.025923820996640604,0.09541355244641167,8983.740133344647,22599.29,Very_Poor
LN101967,01-14-2015,48.0,Female,Single,0,Self-Employed,27187.47,589.0,121172.89,84,14.24,Education,3,Hyderabad,0,2015,1,2,2286.8754263606043,0.08411505102757279,0.37141156692157573,70924.64581429075,27187.47,Fair
LN101482,2016-05-06,33.0,Female,Married,0,Unemployed,26020.49,472.0,124442.63,12,3.56,Auto,2,Hyderabad,0,2016,5,4,10570.985430209063,0.4062562015630398,0.39854050276019654,2409.195162508753,26020.49,Very_Poor
LN101178,14/08/2021,30.0,Female,Single,3,Salaried,47733.74,672.0,79195.58,120,10.6,Home,1,Hyderabad,0,2021,8,5,1073.0642934711107,0.022480205688284863,0.1382592620370134,49572.13521653328,11933.435,Good
LN100314,07-26-2021,52.0,Female,Married,1,Self-Employed,57330.74,595.0,273520.8,84,9.62,Personal,0,Bengaluru,1,2021,7,0,4487.241071248908,0.07826937296202541,0.3975772857632746,103407.44998490828,28665.37,Fair
LN100288,02/11/2019,,Female,Single,0,Salaried,116116.39,624.0,243076.2,24,10.86,Business,0,Hyderabad,0,2019,2,0,11313.416263537387,0.09743169128438618,0.17444867171637013,28445.790324897273,116116.39,Fair
LN100861,2016-10-28,40.0,Female,Single,2,Salaried,27928.45,552.0,294498.99,24,12.69,Education,0,Mumbai,0,2016,10,4,13958.126784123604,0.499781648610059,0.8787305596980856,40496.052818966506,9309.483333333334,Very_Poor
LN101133,2023-01-13,37.0,Male,Single,1,Retired,34309.77,601.0,268112.84,24,6.84,Education,1,Pune,1,2023,1,4,11984.583288703885,0.34930526461424505,0.6512062501924866,19517.158928893215,17154.885,Fair
LN101833,2021-03-06,43.0,Female,Divorced,2,Unemployed,68621.44,593.0,173118.22,12,15.0,Auto,2,Bengaluru,0,2021,3,5,15625.26117388254,0.22770232122617273,0.21023339547134734,14384.914086590492,22873.813333333335,Fair
LN101398,12-26-2017,39.0,Male,Married,2,Self-Employed,39313.03,659.0,174314.12,12,6.8,Home,1,Mumbai,1,2017,12,1,15066.551859375457,0.3832457548903114,0.36950030731965117,6484.502312505501,13104.343333333332,Fair
LN100342,12/12/2016,33.0,Male,Divorced,2,Salaried,39862.53,607.0,82570.29,48,10.62,Business,1,Hyderabad,0,2016,12,0,2118.862849120261,0.05315424909357889,0.1726146709704577,19135.126757772538,13287.51,Fair
LN100505,07/07/2022,,Male,Married,1,Retired,114926.84,639.0,156038.25,48,13.67,Education,1,Mumbai,0,2022,7,3,4238.184385261744,0.03687723759969163,0.11314317438815859,47394.60049256371,57463.42,Fair
LN101555,07-17-2016,25.0,Male,Divorced,1,Retired,25725.59,674.0,271766.45,12,11.23,Auto,0,Delhi,1,2016,7,6,24048.132127868204,0.9347941923924079,0.8803376002908647,16811.135534418456,12862.795,Good
LN100745,19-Jul-2015,34.0,Male,Single,0,Salaried,35821.0,760.0,274513.2,84,11.75,Education,0,Delhi,1,2015,7,6,4809.2798993604565,0.13425867226935195,0.638622595684096,129466.31154627836,35821.0,Very_Good
LN100758,12-Jan-2019,37.0,Male,Single,1,Unemployed,41346.54,648.0,148411.54,24,4.91,Auto,0,Chennai,0,2019,1,5,6504.977108785072,0.1573282095378494,0.29912124045526745,7707.910610841733,20673.27,Fair
LN100825,2015-01-03,28.0,Female,Single,0,Unemployed,86492.27,621.0,520288.89,36,13.42,Education,1,Mumbai,1,2015,1,5,17635.991668090224,0.20390251831857603,0.5012865022504324,114606.81005124806,86492.27,Fair
LN100700,2018-01-27,34.0,Female,Divorced,1,Retired,60018.71,646.0,109343.21,84,14.87,Home,1,Chennai,0,2018,1,5,2102.0007825197763,0.03502242521573316,0.15181822746051468,67224.85573166121,30009.355,Fair
LN101887,18-Jul-2023,21.0,Male,Married,1,Retired,53025.04,656.0,105567.18,12,9.38,Personal,1,Delhi,0,2023,7,1,9250.524472926269,0.1744557754775153,0.16590774849014728,5439.113675115223,26512.52,Fair
LN100741,07-Mar-2017,51.0,Male,Divorced,0,Salaried,43163.99,608.0,277266.51,24,7.81,Personal,0,Bengaluru,1,2017,3,1,12515.92595962512,0.2899622106210552,0.5352967253490699,23115.713031002844,43163.99,Fair
LN100507,04-25-2019,63.0,Female,Married,1,Retired,41479.55,708.0,197069.3,120,7.3,Business,2,Pune,0,2019,4,3,2318.725750764183,0.05590045578518048,0.3959165821872866,81177.79009170196,20739.775,Good
LN100018,03-02-2023,49.0,Female,Single,1,Retired,95087.5,716.0,101910.67,84,8.75,Home,3,Delhi,0,2023,3,3,1626.7463520513263,0.017107888545301184,0.08931306253012576,34736.0235723114,47543.75,Good
LN101283,2016-05-10,29.0,Male,Single,1,Unemployed,19808.23,454.0,330615.51,12,5.08,Personal,2,Mumbai,1,2016,5,1,28314.738893180383,1.429443160402539,1.3909012819419,9161.356718164578,9904.115,Very_Poor
LN101154,23-Nov-2018,26.0,Male,Married,0,Salaried,67701.86,604.0,351657.12,60,9.88,Education,4,Chennai,0,2018,11,4,7450.916211224649,0.11005482288410759,0.43285014621459433,95397.85267347889,67701.86,Fair
LN100420,21/03/2015,20.0,Female,Single,1,Retired,,779.0,155887.27,24,15.36,Business,1,Mumbai,0,2015,3,5,7585.120350071313,0.15802334062648568,0.27063762152777776,26155.618401711516,24000.0,Very_Good
LN101076,12-31-2021,45.0,Female,Single,2,Unemployed,80167.06,529.0,106940.97,84,8.45,Personal,1,Mumbai,0,2021,12,4,1690.8793929646647,0.02109194715341519,0.1111647040567535,35092.899009031826,26722.353333333333,Very_Poor
LN100352,10-26-2015,41.0,Male,Divorced,1,Self-Employed,172090.93,484.0,194347.6,84,12.92,Business,0,Chennai,0,2015,10,0,3527.114772672606,0.020495645951082987,0.09411090598053794,101930.04090449886,86045.465,Very_Poor
LN101043,21/02/2017,,Male,Single,1,Self-Employed,70000.12,587.0,74063.11,120,7.11,Auto,0,Hyderabad,0,2017,2,1,864.139374105846,0.012344827038951447,0.08817021789867409,29633.614892701517,35000.06,Fair
LN100864,08-Apr-2015,25.0,Female,Single,3,Self-Employed,51599.68,498.0,355701.71,36,13.61,Business,1,Pune,1,2015,4,2,12089.749234581897,0.2342989188030216,0.5744572285461201,79529.26244494825,12899.92,Very_Poor
LN101878,12-Jun-2018,42.0,Female,Married,1,Self-Employed,80664.38,805.0,298116.35,60,8.44,Education,2,Bengaluru,0,2018,6,1,6107.684518006072,0.07571724369549572,0.307980166297276,68344.72108036431,40332.19,Exceptional
LN101057,12/08/2023,19.0,Female,Single,2,Salaried,23190.67,616.0,53626.54,60,8.93,Business,2,Mumbai,0,2023,12,4,1111.3758016391314,0.04792340202500107,0.19270156202185335,13056.008098347877,7730.223333333332,Fair
LN100043,29-Jan-2018,35.0,Female,Divorced,0,Unemployed,79680.92,708.0,518161.42,24,8.11,Business,0,Hyderabad,1,2018,1,0,23460.908108323965,0.29443570817611,0.5419128987633843,44900.37459977524,79680.92,Good
LN100055,07-17-2020,37.0,Male,Married,2,Unemployed,26755.41,591.0,205495.43,120,8.42,Business,0,Bengaluru,1,2020,7,4,2539.0633639760845,0.09489906392673797,0.6400432348697578,99192.17367713014,8918.47,Fair
LN100264,12-24-2022,44.0,Female,Divorced,0,Salaried,30510.49,691.0,76343.91,12,13.54,Personal,3,Delhi,0,2022,12,5,6838.139342803659,0.2241242058978292,0.20851820144481456,5713.7621136438975,30510.49,Good
LN100102,2019-08-31,64.0,Male,Single,0,Salaried,48469.91,697.0,691859.07,12,8.37,Personal,0,Chennai,1,2019,8,5,60301.46503257319,1.2441010316002894,1.1894992687215633,31758.510390878306,48469.91,Good
LN100276,12-08-2020,32.0,Female,Divorced,1,Salaried,42512.88,626.0,167871.11,48,10.81,Home,0,Delhi,0,2020,12,1,4323.235397358298,0.10169236705107483,0.3290593148868453,39644.1890731983,21256.44,Fair
LN100287,10-31-2015,50.0,Male,Married,0,Retired,40836.52,596.0,91399.7,120,18.23,Home,2,Bengaluru,1,2015,10,5,1660.4447649476836,0.040660780226808836,0.18651544418247848,107853.67179372204,40836.52,Fair
LN100557,03/04/2016,42.0,Female,Married,3,Salaried,45390.01,621.0,57206.38,24,8.18,Home,1,Mumbai,0,2016,3,4,2591.973871092671,0.05710450099245783,0.1050274792478198,5000.992906224106,11347.5025,Fair
LN100250,16/10/2023,45.0,Male,Divorced,1,Self-Employed,49242.83,745.0,44436.38,120,6.8,Auto,4,Bengaluru,0,2023,10,0,511.3748011096226,0.01038475654444764,0.07519940804918537,16928.596133154715,24621.415,Very_Good
LN101211,07-14-2022,,Male,Divorced,0,Unemployed,46879.33,750.0,135122.76,24,6.48,Auto,1,Delhi,0,2022,7,3,6017.947473576878,0.12837102137715872,0.2401960522899965,9307.979365845065,46879.33,Very_Good
LN101135,06-30-2022,,Female,Married,1,Salaried,67998.38,646.0,32339.79,84,17.22,Auto,0,Bengaluru,0,2022,6,3,665.0075240041389,0.009779755400115985,0.03963303978712434,23520.842016347662,33999.19,Fair
LN101831,05/10/2015,65.0,Male,Married,1,Self-Employed,52441.5,596.0,89183.6,12,5.52,Education,0,Delhi,0,2015,5,6,7655.916877626652,0.14598966234044894,0.14171918550511842,2687.4025315198232,26220.75,Fair
LN100604,2023-01-18,34.0,Female,Single,2,Self-Employed,22608.91,673.0,193255.08,24,13.24,Education,0,Mumbai,1,2023,1,2,9209.46880445736,0.4073380275500836,0.7123116505837742,27772.17130697664,7536.303333333333,Good
LN100466,2019-06-09,32.0,Female,Single,1,Salaried,72014.5,661.0,87174.95,84,,Home,0,Pune,0,2019,6,6,1492.6462446195721,0.02072702364967572,0.10087661744046916,38207.33454804406,36007.25,Fair
LN100719,2017-05-07,56.0,Male,Single,2,Unemployed,84066.17,722.0,173524.52,12,14.79,Home,1,Mumbai,0,2017,5,6,15644.74166546059,0.18610032627227563,0.1720118409898615,14212.379985527077,28022.056666666667,Good
LN100345,10-14-2022,25.0,Male,Single,1,Unemployed,118786.59,412.0,158513.25,24,11.33,Auto,1,Pune,1,2022,10,4,7412.239976192171,0.062399635987464334,0.11120310381836872,19380.509428612102,59393.295,Very_Poor
LN101248,03/08/2015,,Male,Married,1,Retired,23937.89,823.0,184991.06,60,10.56,Auto,2,Delhi,0,2015,3,6,3981.6743314255905,0.16633355452070298,0.6439966791837821,53909.399885535444,11968.945,Exceptional
LN101426,28-Sep-2017,41.0,Male,Single,0,Salaried,34821.04,650.0,578962.32,24,8.08,Home,2,Mumbai,1,2017,9,3,26205.877066990965,0.7525874318225695,1.3855663127810083,49978.72960778314,34821.04,Fair
LN101786,2016-05-26,34.0,Female,Married,0,Retired,100019.17,701.0,90060.52,12,9.2,Personal,0,Mumbai,0,2016,5,3,7884.198525156786,0.07882687413979526,0.07503604892275484,4549.862301881425,100019.17,Good
LN100692,18-Feb-2018,34.0,Male,Married,2,Salaried,87137.58,627.0,159141.15,12,14.32,Home,0,Hyderabad,0,2018,2,6,14312.703857086039,0.16425408941912362,0.1521933762677366,12611.29628503247,29045.86,Fair
  LN101587  ,03-05-2015,28.0,Female,Divorced,0,Retired,21101.26,685.0,481738.06,120,13.33,Personal,1,Pune,1,2015,3,3,7286.933680791629,0.34533168544397963,1.9024853650129583,392693.9816949955,21101.26,Good
LN100061,06-Apr-2020,38.0,Male,Married,1,Unemployed,38606.32,693.0,251089.18,36,14.11,Home,0,Pune,1,2020,4,0,8595.03739643375,0.222632910788538,0.5419863466223492,58332.16627161502,19303.16,Good
LN100541,11-16-2019,33.0,Female,Divorced,0,Self-Employed,51815.43,803.0,91520.78,84,13.93,Home,0,Bengaluru,0,2019,11,5,1711.5623515680704,0.03303190481229376,0.14719035751834283,52250.457531717926,51815.43,Exceptional
LN101677,28/04/2023,32.0,Female,Married,2,Salaried,52988.9,654.0,235633.23,120,3.42,Home,1,Chennai,0,2023,4,4,2321.253756832707,0.04380641524607431,0.3705701099664269,42917.22081992481,17662.966666666667,Fair
LN100563,2016-05-12,31.0,Male,Single,0,Unemployed,33894.93,495.0,76103.44,24,10.37,Business,0,Pune,1,2016,5,3,3524.7828918844975,0.10399144921923419,0.1871062525673702,8491.349405227942,33894.93,Very_Poor
LN100427,20/09/2022,41.0,Female,Married,1,Salaried,47400.37,547.0,106406.22,24,15.6,Home,2,Hyderabad,1,2022,9,1,5189.65139934521,0.10948546180853039,0.18706995325141976,18145.413584285037,23700.185,Very_Poor
LN100364,19-Mar-2017,35.0,Male,Divorced,2,Retired,120965.19,618.0,414569.5,24,12.02,Education,1,Bengaluru,0,2017,3,6,19519.025861572947,0.16136068452067034,0.28559834720495486,53887.12067775073,40321.73,Fair
LN101684,09-Sep-2016,,Male,Divorced,0,Self-Employed,70785.94,787.0,174464.76,120,11.45,Auto,2,Mumbai,0,2016,9,4,2447.905899944977,0.034581809607175905,0.20539008170266582,119283.94799339725,70785.94,Very_Good
LN100211,12-18-2015,18.0,Female,Single,1,Retired,52026.54,512.0,89888.84,12,10.35,Personal,1,Mumbai,0,2015,12,4,7917.22395606467,0.15217663823242272,0.14397914346536722,5117.847472776048,26013.27,Very_Poor
LN100411,2016-02-26,,Male,Divorced,2,Self-Employed,37893.15,581.0,194042.94,24,4.4,Home,1,Mumbai,0,2016,2,4,8460.796806883132,0.22328037671407977,0.42673266804158533,9016.183365195175,12631.050000000001,Fair
LN100282,03-30-2019,58.0,Male,Single,0,Retired,110523.06,849.0,177845.12,24,11.89,Business,1,Mumbai,0,2019,3,5,8362.623144827618,0.0756640573001473,0.13409352461528543,22857.83547586284,110523.06,Exceptional
LN101494,13-Aug-2016,45.0,Male,Single,4,Unemployed,19033.53,637.0,686560.28,60,7.6,Business,3,Chennai,1,2016,8,5,13789.87808325867,0.7245044972350726,3.0059246323023987,140832.40499552025,3806.7059999999997,Fair
LN100706,2021-09-21,27.0,Male,Single,1,Salaried,102789.98,513.0,289085.99,12,9.21,Home,1,Chennai,0,2021,9,1,25308.894145668924,0.2462194675557766,0.23436622097471627,14620.739748027117,51394.99,Very_Poor
LN100471,2023-08-17,46.0,Female,Single,2,Self-Employed,30236.59,673.0,406866.61,48,10.4,Auto,0,Mumbai,1,2023,8,3,10397.501797859353,0.343871507926633,1.1213417529335594,92213.47629724897,10078.863333333333,Good
LN101335,09-10-2023,56.0,Female,Married,1,Unemployed,89764.69,689.0,374266.72,48,8.34,Auto,1,Chennai,0,2023,9,6,9196.77049619005,0.10245421107330789,0.34745169100827206,67178.26381712244,44882.345,Good
LN101295,06/07/2022,67.0,Female,Divorced,1,Unemployed,36233.63,807.0,190430.73,36,6.04,Education,0,Pune,1,2022,6,1,5796.694502219362,0.15998105909397878,0.4379695741221623,18250.272079897026,18116.815,Exceptional
LN100475,2015-07-20,22.0,Female,Divorced,2,Self-Employed,34408.01,626.0,65047.58,84,8.78,Business,1,Bengaluru,0,2015,7,0,1039.3063715743683,0.030205361239268654,0.15753981897432218,22254.155212246944,11469.336666666668,Fair
LN101602,2023-10-07,34.0,Male,Single,1,Self-Employed,26745.23,697.0,197969.53,120,11.2,Business,1,Chennai,1,2023,10,5,2749.4896335791846,0.1028029907979548,0.6168375008677559,131969.22602950214,13372.615,Good
LN101738,20-Sep-2022,,Male,Married,2,Salaried,101041.66,648.0,82429.87,12,13.76,Business,0,Mumbai,0,2022,9,1,7391.7848792270825,0.07315581394077535,0.06798340242364717,6271.548550724998,33680.55333333334,Fair
LN101045,29-Nov-2018,32.0,Male,Single,0,Unemployed,110708.87,483.0,137966.11,24,7.37,Home,1,Bengaluru,0,2018,11,3,6200.227236681052,0.05600479199797679,0.10385053910615592,10839.343680345279,110708.87,Very_Poor
LN101582,23-Feb-2017,45.0,Female,Divorced,2,Self-Employed,22948.9,765.0,178233.85,48,6.36,Auto,1,Mumbai,0,2017,2,3,4215.293715030444,0.18368173267696683,0.6472127567479632,24100.248321461317,7649.633333333334,Very_Good
LN101364,2016-07-03,35.0,Female,Single,3,Unemployed,31592.46,680.0,226517.91,12,8.75,Home,0,Chennai,0,2016,7,6,19782.85747347171,0.626189206964944,0.5974999256151626,10876.379681660532,7898.115,Good
LN100325,24/03/2017,,Female,Married,0,Self-Employed,69867.74,581.0,243042.92,84,15.61,Education,1,Delhi,0,2017,3,4,4773.502178871503,0.06832197776644132,0.28988452562894784,157931.26302520625,69867.74,Fair
LN101276,22-Jun-2018,52.0,Male,Single,3,Retired,59074.89,516.0,41740.47,84,8.84,Business,2,Delhi,0,2018,6,4,668.1805188011664,0.011310736571852548,0.05888072749691113,14386.693579297978,14768.7225,Very_Poor
LN101991,03/05/2021,46.0,Male,Single,2,Unemployed,58802.85,650.0,229344.03,60,8.94,Home,1,Mumbai,0,2021,3,4,4754.120673963813,0.08084847373832753,0.3250183026843087,55903.21043782876,19600.95,Fair
LN100029,2016-04-03,38.0,Female,Divorced,1,Unemployed,158577.46,686.0,375801.64,12,10.39,Business,2,Pune,0,2016,4,6,33106.8347314749,0.20877389971736776,0.19748584277572193,21480.37677769875,79288.73,Good
LN100902,2019-06-20,36.0,Male,Divorced,1,Self-Employed,36725.73,712.0,155862.98,36,7.53,Personal,3,Bengaluru,1,2019,6,3,4850.436433479491,0.13207188620837462,0.3536643564788683,18752.73160526165,18362.865,Good
LN100650,25-Apr-2020,44.0,Male,Divorced,0,Retired,61698.89,788.0,478659.54,48,8.94,Home,1,Chennai,1,2020,4,5,11897.802771973831,0.1928365773188761,0.646499394073378,92434.99305474391,61698.89,Very_Good
LN100360,12-Apr-2019,35.0,Male,Divorced,1,Salaried,71117.79,687.0,239611.2,84,9.98,Business,1,Bengaluru,0,2019,4,4,3975.3499884177945,0.05589810915690427,0.2807680047425546,94318.1990270947,35558.895,Good
LN101415,03-27-2022,54.0,Male,Divorced,1,Self-Employed,58101.83,718.0,446544.81,24,13.91,Education,3,Pune,1,2022,3,6,21420.855648241763,0.3686778135601196,0.6404629165725073,67555.7255578023,29050.915,Good
LN101882,18-Jul-2019,22.0,Female,Single,3,Self-Employed,38550.65,701.0,38577.6,84,15.78,Education,0,Pune,0,2019,7,3,761.4044639577097,0.01975075553739586,0.0833915900250709,25380.374972447615,9637.6625,Good
LN100225,2018-07-30,53.0,Female,Single,1,Retired,40026.42,617.0,20000.0,36,12.23,Personal,0,Hyderabad,0,2018,7,0,666.4838758286844,0.016651098844930035,0.04163916399884543,3993.4195298326376,20013.21,Fair
LN100574,22-Nov-2017,43.0,Male,Divorced,1,Retired,139959.83,637.0,300678.02,12,10.68,Education,1,Pune,0,2017,11,2,26529.326029796448,0.1895495731153464,0.17902637968813387,17673.89235755737,69979.915,Fair
LN101538,09-27-2015,44.0,Male,Divorced,1,Salaried,93743.67,654.0,170926.07,60,6.77,Education,2,Hyderabad,0,2015,9,6,3366.0154748576797,0.03590658947807014,0.15194454374003777,31034.858491460764,46871.835,Fair
LN101655,02-26-2020,23.0,Female,Married,2,Retired,,589.0,107368.5,12,13.33,Education,1,Chennai,1,2020,2,2,9606.425330183964,0.20013386104549924,0.18640364583333333,7908.603962207562,16000.0,Fair
LN101239,10/07/2018,25.0,Male,Single,0,Unemployed,33972.42,572.0,119710.0,84,10.03,Auto,1,Bengaluru,1,2018,10,6,1989.181876064545,0.05855284598696663,0.29364506070904967,47381.27758942178,33972.42,Very_Poor
LN101903,10-07-2017,40.0,Female,Divorced,4,Self-Employed,82572.56,,82727.9,48,7.85,Personal,1,Bengaluru,0,2017,10,5,2013.8044848254654,0.024388301450572265,0.08349010454158944,13934.71527162235,16514.512,Fair
LN101478,2017-03-07,27.0,Female,Divorced,1,Self-Employed,44123.86,711.0,218427.25,120,14.93,Business,0,Chennai,1,2017,3,1,3514.636582309158,0.07965387847548147,0.4125267107939634,203329.13987709896,22061.93,Good
LN100682,14-Feb-2017,34.0,Male,Divorced,1,Salaried,25575.08,537.0,357026.08,60,11.04,Business,2,Pune,1,2017,2,1,7769.725450560557,0.30380063133959134,1.1633266966646179,109157.44703363342,12787.54,Very_Poor
LN100857,23/08/2020,25.0,Female,Married,0,Salaried,65391.65,871.0,184197.8,84,13.85,Home,1,Pune,0,2020,8,6,3436.621732342916,0.052554442843129295,0.23473664705916833,104478.42551680497,65391.65,Exceptional
LN101553,2019-12-24,39.0,Male,Single,1,Retired,66376.93,623.0,225958.58,48,13.82,Business,1,Mumbai,0,2019,12,1,6154.260185813293,0.09271685487432597,0.2836811173199283,69445.9089190381,33188.465,Fair
LN100515,22-Aug-2023,35.0,Male,Married,0,Salaried,100650.88,569.0,68480.87,48,12.31,Business,0,Chennai,0,2023,8,1,1813.8019635281842,0.018020726331733853,0.05669835342390117,18581.62424935284,100650.88,Very_Poor
LN100947,2016-08-29,44.0,Female,Single,1,Unemployed,,585.0,471358.56,60,17.73,Home,1,Chennai,0,2016,8,0,11900.275915046512,0.24792241489680233,0.8183308333333333,242657.9949027907,24000.0,Fair
LN101214,2018-10-14,32.0,Male,Married,0,Unemployed,25539.93,751.0,610110.19,60,13.93,Education,0,Chennai,1,2018,10,6,14174.051205010357,0.5549761179850672,1.9907069374635453,240332.88230062148,25539.93,Very_Good
LN100187,06/12/2020,43.0,Female,Married,1,Retired,62589.07,486.0,122365.68,36,5.49,Education,2,Mumbai,0,2020,6,4,3694.3694781174595,0.05902579281202708,0.16292205651881392,10631.62121222855,31294.535,Very_Poor
LN100596,15/05/2015,27.0,Male,Single,3,Salaried,37272.17,630.0,357184.65,120,10.04,Personal,0,Chennai,0,2015,5,4,4728.133975019857,0.12685427156561738,0.7985955070498981,210191.4270023828,9318.0425,Fair
LN100432,14/09/2023,32.0,Female,Married,2,Unemployed,49821.58,589.0,232417.26,120,5.77,Auto,1,Pune,1,2023,9,3,2553.542286017102,0.05125373956460437,0.388749313048683,74007.81432205223,16607.193333333333,Fair
LN101783,10-18-2019,39.0,Female,Married,0,Salaried,35715.32,594.0,359584.92,60,13.95,Home,3,Delhi,1,2019,10,4,8357.585580136132,0.23400561944107268,0.8390071823519991,141870.21480816795,35715.32,Fair
LN100152,2021-11-21,21.0,Female,Divorced,2,Unemployed,92160.97,600.0,1191518.97,36,9.31,Education,1,Hyderabad,1,2021,11,6,38062.0099310441,0.4129948928602216,1.0773893493091489,178713.38751758751,30720.323333333334,Fair
LN100216,29/08/2021,42.0,Female,Single,2,Retired,99359.25,679.0,153474.56,24,7.11,Education,1,Mumbai,0,2021,8,6,6879.062665616189,0.06923424508152175,0.12872024161481357,11622.943974788534,33119.75,Good
LN100099,2021-11-24,45.0,Male,Single,3,Salaried,70352.25,691.0,304145.06,60,8.17,Business,0,Chennai,1,2021,11,2,6191.727592856101,0.08801037056890293,0.36026454970049526,67358.59557136608,17588.0625,Good
LN101532,2015-04-12,37.0,Female,Single,2,Unemployed,140112.06,626.0,20000.0,120,4.9,Personal,1,Delhi,0,2015,4,6,211.15445614375452,0.0015070398375682617,0.011895240614310194,5338.534737250542,46704.02,Fair
LN100993,09-14-2020,47.0,Male,Divorced,1,Unemployed,32541.02,586.0,269091.17,24,10.57,Personal,1,Chennai,1,2020,9,0,12488.051382415102,0.38376336643458325,0.6891075991676556,30622.063177962496,16270.51,Fair
LN101331,11-04-2018,39.0,Female,Married,1,Self-Employed,50395.24,718.0,147849.5,36,11.13,Home,0,Hyderabad,0,2018,11,6,4849.497826969675,0.09622928330075767,0.2444832422003877,26732.421770908288,25197.62,Good
LN101986,2023-10-12,38.0,Male,Divorced,1,Self-Employed,51160.31,673.0,684449.19,60,10.6,Education,0,Delhi,1,2023,10,3,14745.39055549975,0.28821933556500634,1.1148766006304496,200274.24332998495,25580.155,Good
LN101978,25-Aug-2020,29.0,Female,Single,1,Retired,46009.74,843.0,268349.62,48,13.58,Auto,2,Hyderabad,0,2020,8,1,7276.62749838637,0.15815406690814532,0.486037702741492,80928.49992254574,23004.87,Exceptional
LN101716,08-31-2018,47.0,Male,Married,3,Retired,46362.24,,43301.16,24,15.11,Home,1,Delhi,0,2018,8,4,2101.785843312225,0.045334001189593624,0.07783122644634945,7141.700239493395,11590.56,Fair
LN100013,2017-09-13,31.0,Male,Married,1,Unemployed,39705.73,680.0,197764.83,60,13.3,Education,1,Mumbai,0,2017,9,2,4530.182390392068,0.11409392020728663,0.4150635815032238,74046.11342352405,19852.865,Good
LN101444,31/10/2020,34.0,Male,Divorced,1,Self-Employed,31573.72,,348583.45,24,11.3,Education,0,Hyderabad,1,2020,10,5,16295.250587184926,0.5161017006290335,0.9200252879082139,42502.5640924382,15786.86,Fair
LN101465,2023-11-20,,Male,Married,0,Retired,31022.19,601.0,272513.66,48,6.04,Personal,1,Chennai,0,2023,11,0,6404.9665777548325,0.2064640367992986,0.7320396034795308,34924.73573223199,31022.19,Fair
LN100168,10-Dec-2016,51.0,Male,Single,3,Self-Employed,178935.7,702.0,249710.47,84,11.58,Personal,0,Chennai,0,2016,12,5,4352.178712186067,0.024322584661339613,0.11629432155424171,115872.54182362961,44733.925,Good
LN100804,11-09-2022,48.0,Male,Divorced,2,Self-Employed,68689.22,594.0,113956.77,48,4.78,Business,2,Delhi,0,2022,11,2,2612.989967892995,0.03804075760203705,0.13825164268861984,11466.74845886376,22896.406666666666,Fair
LN101410,2022-06-01,37.0,Female,Single,3,Salaried,53591.48,646.0,697419.72,48,5.16,Personal,1,Bengaluru,1,2022,6,2,16111.60992979538,0.30063752540133953,1.0844692104043403,75937.55663017835,13397.87,Fair
LN100189,12/09/2017,20.0,Female,Divorced,2,Unemployed,92618.46,820.0,143850.92,48,10.86,Home,0,Pune,0,2017,12,5,3708.1227596300714,0.04003654087565342,0.12942966949209334,34138.97246224343,30872.820000000003,Exceptional
LN100456,28-Sep-2018,25.0,Male,Single,3,Self-Employed,122493.24,,124385.1,120,8.37,Home,1,Mumbai,0,2018,9,4,1533.5613204316614,0.012519558797135755,0.084620383949351,59642.25845179937,30623.31,Fair
LN101071,18-Mar-2015,33.0,Male,Divorced,2,Retired,95368.09,686.0,140125.28,36,10.44,Education,0,Chennai,0,2015,3,2,4550.438188222939,0.04771447334452163,0.12244249273175824,23690.494776025793,31789.36333333333,Good
LN101121,11/06/2015,47.0,Male,Single,3,Self-Employed,60049.54,643.0,113750.21,84,12.14,Home,2,Pune,1,2015,11,4,2016.5269240055086,0.033581055308758545,0.15785606628571455,55638.05161646272,15012.385,Fair
LN100044,18/04/2019,18.0,Female,Single,3,Unemployed,100928.68,729.0,180601.01,12,11.6,Home,1,Mumbai,0,2019,4,3,16012.275023913915,0.1586494049452932,0.14911603091080422,11546.290286966978,25232.17,Good
LN101153,2019-04-17,50.0,Female,Divorced,2,Retired,47456.29,668.0,396393.97,84,15.47,Personal,2,Hyderabad,1,2019,4,2,7754.013517865869,0.1633927455742088,0.6960685471479825,254943.16550073307,15818.763333333334,Fair
LN100010,06-Sep-2021,29.0,Male,Divorced,1,Self-Employed,38143.91,732.0,250227.5,12,9.41,Business,3,Chennai,1,2021,9,0,21930.14540633316,0.5749317625364877,0.5466742047856831,12934.244875997887,19071.955,Good
LN101414,06-26-2019,30.0,Female,Married,0,Self-Employed,30976.86,591.0,281918.84,60,10.32,Auto,1,Hyderabad,1,2019,6,2,6034.418683687045,0.1948040790347067,0.7584124622917452,80146.28102122265,30976.86,Fair
LN100148,04-18-2015,42.0,Male,Married,1,Unemployed,35394.85,602.0,299675.29,120,14.71,Auto,2,Mumbai,1,2015,4,5,4781.727020943928,0.1350966883866983,0.7055529500289826,274131.9525132714,17697.425,Fair
LN100859,26/05/2019,38.0,Male,Divorced,1,Retired,44512.4,535.0,425339.72,36,7.59,Personal,1,Delhi,0,2019,5,6,13248.246281639827,0.29763046435689444,0.7962944408000167,51597.14613903384,22256.2,Very_Poor
LN100014,17/05/2017,44.0,Female,Divorced,1,Self-Employed,146565.52,560.0,133731.8,12,11.3,Business,1,Bengaluru,0,2017,5,2,11838.060813183023,0.0807697527575587,0.07603641474929893,8324.92975819629,73282.76,Very_Poor
LN100390,04-06-2017,48.0,Female,Divorced,1,Unemployed,61774.25,543.0,224263.74,84,13.01,Auto,3,Chennai,1,2017,4,3,4081.014299387455,0.06606335648571136,0.3025313136136821,118541.46114854625,30887.125,Very_Poor
  LN101737  ,28/11/2023,43.0,Female,Single,0,Self-Employed,41112.15,641.0,382056.79,84,7.2,Auto,1,Pune,1,2023,11,1,5803.6769591028515,0.141166953299763,0.7744198693897869,105452.07456463954,41112.15,Fair
LN101347,06-28-2016,43.0,Female,Single,2,Self-Employed,37883.94,808.0,586823.33,12,11.1,Personal,2,Bengaluru,1,2016,6,1,51891.35140702563,1.3697453698592497,1.2908357516843987,35872.886884307605,12627.980000000001,Exceptional
LN101035,2018-09-07,28.0,Male,Single,3,Self-Employed,87486.17,760.0,386353.31,36,12.57,Auto,0,Pune,0,2018,9,4,12937.866186648731,0.14788470208089727,0.368013700527371,79409.87271935429,21871.5425,Very_Good
LN100699,10-09-2022,46.0,Male,Single,3,Self-Employed,20154.03,714.0,168787.05,12,13.12,Business,2,Mumbai,0,2022,10,6,15084.995575034121,0.7484853190669123,0.6979044637722579,12232.896900409483,5038.5075,Good
LN100095,2017-02-16,39.0,Male,Divorced,1,Salaried,60129.52,633.0,149751.71,48,9.91,Education,1,Chennai,0,2017,2,3,3791.613117299239,0.06305743197848976,0.20754047540487044,32245.719630363485,30064.76,Fair
LN101264,03-09-2019,27.0,Male,Divorced,1,Salaried,35709.79,446.0,612260.61,84,15.78,Personal,1,Hyderabad,1,2019,3,5,12084.161833796563,0.33839912902866587,1.4287879458266206,402808.9840389113,17854.895,Very_Poor
LN100790,27-Aug-2021,22.0,Female,Single,1,Salaried,61232.1,687.0,102849.06,48,14.36,Auto,3,Delhi,0,2021,8,4,2829.107211792218,0.046203008092033725,0.1399715998634703,32948.08616602648,30616.05,Good
LN101274,09-28-2019,37.0,Female,Single,1,Retired,26732.35,708.0,204758.01,84,11.5,Education,1,Chennai,1,2019,9,5,3560.0142197915447,0.13317251269684652,0.6382965769937923,94283.18446248973,13366.175,Good
LN100838,11-Jun-2023,42.0,Female,Married,2,Self-Employed,57659.97,541.0,270483.39,84,10.39,Education,1,Pune,0,2023,6,6,4545.033607370937,0.07882476538525665,0.39091734699133557,111299.43301915866,19219.99,Very_Poor
LN101733,28-Aug-2015,42.0,Male,Married,0,Retired,48431.92,696.0,88255.01,120,15.97,Auto,1,Delhi,0,2015,8,4,1476.7372729706792,0.030490991746159955,0.1518540699329423,88953.4627564815,48431.92,Good
LN101474,11-13-2023,25.0,Female,Divorced,2,Self-Employed,64075.68,542.0,159005.55,60,6.7,Auto,1,Hyderabad,0,2023,11,0,3126.035527414076,0.04878661494367405,0.2067939427252274,28556.581644844584,21358.56,Very_Poor
LN101638,01-09-2021,38.0,Male,Married,1,Unemployed,39702.63,676.0,71755.72,48,18.36,Auto,2,Hyderabad,0,2021,1,5,2121.344631624015,0.05343083396802719,0.15061076138616847,30068.822317952727,19851.315,Good
LN101685,10-08-2023,23.0,Male,Single,3,Self-Employed,80278.49,660.0,231073.05,24,8.53,Personal,0,Hyderabad,0,2023,10,6,10506.696156566579,0.13087809893492738,0.23986608990776978,21087.657757597917,20069.6225,Fair
LN101617,2023-03-21,28.0,Male,Divorced,0,Unemployed,56135.13,,44964.79,48,11.92,Education,1,Delhi,0,2023,3,1,1182.3280173120368,0.021062176524968175,0.06675081777370666,11786.954830977767,56135.13,Fair
LN101893,01-15-2017,43.0,Male,Single,1,Unemployed,40168.19,837.0,40036.26,60,13.35,Personal,5,Delhi,0,2017,1,6,918.136262749614,0.022857297347717534,0.08305963002067059,15051.915764976839,20084.095,Exceptional
LN101867,27/08/2023,30.0,Male,Married,1,Retired,49361.1,585.0,208874.3,24,9.86,Home,2,Pune,0,2023,8,6,9624.953620387618,0.19499066310085508,0.35262973610123494,22124.586889302824,24680.55,Fair
LN101011,03/04/2018,35.0,Male,Divorced,0,Self-Employed,98272.29,662.0,505054.83,36,14.74,Auto,2,Chennai,1,2018,3,6,17443.62325043845,0.17750296905097512,0.42827843433789936,122915.60701578419,98272.29,Fair
LN101850,01-Jul-2018,48.0,Female,Single,3,Self-Employed,36513.17,605.0,390337.05,120,7.85,Home,2,Pune,1,2018,7,6,4704.9801165938525,0.12885707038292904,0.8908590379854721,174260.5639912623,9128.2925,Fair
LN100689,13/04/2017,42.0,Male,Divorced,0,Self-Employed,,703.0,183126.47,60,13.2,Personal,0,Hyderabad,0,2017,4,3,4185.458273600941,0.08719704736668626,0.31792789930555554,68001.02641605644,48000.0,Good
LN100759,18-Jul-2023,64.0,Male,Divorced,1,Retired,74415.11,592.0,105445.28,48,9.52,Personal,0,Chennai,0,2023,7,1,2650.1176404447097,0.03561262814023536,0.11808229090391274,21760.366741346064,37207.555,Fair
LN101810,13/05/2022,50.0,Female,Single,1,Salaried,94166.78,490.0,277397.72,60,7.08,Home,0,Hyderabad,1,2022,5,4,5503.2704986926,0.05844174026862339,0.2454844125143354,52798.50992155605,47083.39,Very_Poor
LN100946,2022-06-27,29.0,Male,Married,2,Self-Employed,81574.23,533.0,160957.26,24,11.99,Personal,0,Bengaluru,0,2022,6,0,7576.037356966611,0.09287292515009472,0.1644282146457282,20867.636567198642,27191.41,Very_Poor
  LN100026  ,11-30-2019,43.0,Male,Single,0,Unemployed,,541.0,157290.41,12,9.58,Auto,2,Bengaluru,0,2019,11,5,13797.482179627008,0.287447545408896,0.2730736284722222,8279.376155524078,48000.0,Very_Poor
LN101330,2016-10-31,31.0,Male,Divorced,4,Salaried,39892.68,774.0,119201.82,48,10.74,Education,1,Delhi,0,2016,10,0,3065.798368491698,0.07685115085002306,0.2490052059676111,27956.5016876015,7978.536,Very_Good
LN101535,20-Jul-2016,40.0,Female,Married,1,Retired,41031.3,728.0,159966.94,120,3.79,Business,1,Pune,0,2016,7,2,1603.666596686178,0.03908398214743813,0.3248880326319988,32473.05160234138,20515.65,Good
LN100526,27/12/2017,41.0,Male,Married,1,Unemployed,55758.63,,176508.84,12,6.5,Auto,0,Delhi,0,2017,12,2,15231.853017175365,0.27317480750827927,0.26379898501810395,6273.396206104371,27879.315,Fair
LN100919,09-11-2020,68.0,Female,Single,0,Salaried,43227.15,476.0,565574.23,36,12.83,Auto,0,Pune,1,2020,9,4,19010.112506513313,0.43977251580345483,1.0903144397290436,118789.82023447927,43227.15,Very_Poor
LN100880,2022-03-02,29.0,Female,Divorced,2,Retired,123790.83,585.0,185712.94,120,15.25,Home,2,Mumbai,0,2022,3,2,3024.693651085924,0.024433907189134477,0.12501797050179997,177250.2981303109,41263.61,Fair
LN100116,19/03/2017,40.0,Male,Divorced,0,Unemployed,82894.77,749.0,456307.05,60,12.92,Auto,1,Mumbai,1,2017,3,6,10363.69866458967,0.12502234657976216,0.4587211895273972,165514.86987538025,82894.77,Very_Good
LN100559,05-09-2022,34.0,Male,Married,3,Self-Employed,64307.83,656.0,500334.7,84,5.21,Business,2,Chennai,1,2022,5,0,7121.144996723213,0.11073527122161038,0.6483589686253344,97841.47972474986,16076.9575,Fair
LN100371,06-03-2020,54.0,Male,Married,3,Self-Employed,73403.8,640.0,144689.49,120,9.28,Business,1,Hyderabad,0,2020,6,2,1854.861418230972,0.02526928331000537,0.16426203411812465,77893.88018771666,18350.95,Fair
LN100968,11-27-2020,,Female,Single,5,Retired,56494.24,521.0,171319.21,48,10.09,Business,1,Hyderabad,1,2020,11,4,4352.49745713843,0.07704320754006834,0.252708963486071,37600.66794264465,9415.706666666667,Very_Poor
LN101307,08/03/2019,45.0,Female,Married,1,Unemployed,55713.19,494.0,115411.38,24,7.5,Business,0,Chennai,0,2019,8,5,5193.432888416354,0.09321729537325639,0.17262725397702053,9231.00932199249,27856.595,Very_Poor
LN100638,12-28-2023,33.0,Male,Divorced,2,Retired,63078.51,696.0,506803.36,36,10.75,Business,1,Mumbai,1,2023,12,3,16532.11164319206,0.2620878591328815,0.6695404398951931,88352.6591549142,21026.170000000002,Good
LN100807,02/11/2020,37.0,Female,Single,2,Self-Employed,36601.79,,108226.6,84,4.5,Business,2,Bengaluru,0,2020,2,1,1504.3631249812315,0.04110080750097827,0.24640552643281474,18139.902498423442,12200.596666666666,Fair
LN100097,15/12/2023,45.0,Male,Divorced,1,Unemployed,80310.4,750.0,497514.85,60,10.33,Education,2,Mumbai,0,2023,12,4,10651.668712100856,0.13263124965260858,0.5162416179390631,141585.2727260514,40155.2,Very_Good
LN101990,26-Sep-2021,35.0,Male,Single,2,Salaried,40770.4,831.0,111744.19,24,13.78,Personal,1,Pune,0,2021,9,6,5353.537393482888,0.1313094154946453,0.22840138515524333,16740.7074435893,13590.133333333333,Exceptional
LN101823,2017-05-26,52.0,Female,Divorced,3,Salaried,32896.75,764.0,323857.77,12,11.86,Business,0,Mumbai,0,2017,5,4,28752.93483891627,0.8740357281164939,0.8203894761640588,21177.448066995246,8224.1875,Very_Good
LN101872,14-Aug-2016,30.0,Female,Single,0,Unemployed,35379.27,705.0,210370.62,48,6.3,Home,2,Hyderabad,1,2016,8,6,4969.529710661674,0.14046445024619428,0.4955129091131615,28166.80611176032,35379.27,Good
LN101664,27-May-2021,,Female,Married,1,Salaried,118734.94,608.0,238426.51,60,5.47,Education,4,Hyderabad,0,2021,5,3,4550.908153811944,0.03832829791981993,0.16733807111313093,34627.979228716635,59367.47,Fair
LN101204,09/03/2021,46.0,Female,Divorced,1,Retired,56140.5,773.0,333043.01,24,12.64,Home,0,Mumbai,1,2021,9,4,15777.159331155844,0.2810299041005307,0.4943594048265809,45608.813947740244,28070.25,Very_Good
LN101420,19/02/2023,40.0,Male,Divorced,1,Unemployed,38223.46,,180223.64,120,14.14,Business,0,Bengaluru,1,2023,2,6,2813.457853691452,0.07360552534206616,0.39291672356889373,157391.30244297424,19111.73,Fair
LN100119,07-Sep-2020,28.0,Female,Single,2,Salaried,106540.55,510.0,160737.01,36,7.12,Home,0,Pune,0,2020,9,0,4971.8950132725895,0.04666669182083807,0.12572443856666154,18251.210477813205,35513.51666666667,Very_Poor
LN101265,27-Aug-2016,32.0,Male,Married,1,Unemployed,115262.92,538.0,261635.19,84,16.27,Education,0,Bengaluru,0,2016,8,5,5236.926394444063,0.04543461500406256,0.18915825228095903,178266.62713330128,57631.46,Very_Poor
LN100501,17-May-2019,24.0,Female,Married,0,Salaried,27979.71,713.0,201515.34,36,10.58,Auto,1,Chennai,0,2019,5,4,6557.327582812967,0.23436009818589854,0.6001829540048842,34548.45298126683,27979.71,Good
LN100607,21-Nov-2021,35.0,Male,Divorced,1,Retired,29274.95,724.0,110648.5,84,12.66,Personal,1,Hyderabad,0,2021,11,6,1992.5157998823445,0.0680621418612959,0.31496922568043095,56722.82719011695,14637.475,Good
LN101759,2015-03-23,36.0,Female,Divorced,2,Salaried,29569.58,650.0,254761.88,60,13.56,Auto,1,Hyderabad,1,2015,3,0,5869.903416229475,0.19851155871099538,0.7179728851971068,97432.3249737685,9856.526666666667,Fair
LN101187,03/08/2016,49.0,Male,Single,1,Unemployed,38723.92,715.0,229800.62,36,8.15,Education,1,Delhi,1,2016,3,1,7217.0023844242805,0.18637065628749055,0.4945277148250143,30011.46583927411,19361.96,Good
LN101481,05-02-2019,40.0,Male,Single,0,Salaried,48864.17,604.0,228964.22,12,14.12,Home,2,Pune,1,2019,5,3,20570.83091613822,0.42097984916428993,0.3904773511279669,17885.750993658643,48864.17,Fair
LN100165,09/05/2022,48.0,Female,Single,2,Retired,35099.0,818.0,423383.49,36,9.66,Home,2,Chennai,1,2022,9,0,13593.869584644213,0.38730076596610197,1.0052126128949543,65995.81504719169,11699.666666666666,Exceptional
LN101207,01/01/2019,26.0,Male,Married,0,Salaried,,666.0,278844.78,36,12.37,Home,1,Delhi,0,2019,1,1,9310.970576636932,0.19397855367993608,0.48410552083333336,56350.1607589295,48000.0,Fair
LN101565,18-Nov-2015,37.0,Female,Divorced,2,Self-Employed,25506.87,746.0,502863.73,12,13.15,Education,0,Delhi,1,2015,11,2,44949.49327077299,1.762250455299807,1.6429029055048046,36530.18924927595,8502.289999999999,Very_Good
LN101895,03-Oct-2021,53.0,Male,Married,4,Retired,53269.64,655.0,56795.31,24,12.97,Personal,0,Delhi,0,2021,10,6,2699.343136746593,0.05067320028343711,0.08884877952995365,7988.925281918229,10653.928,Fair
LN101125,01-07-2016,38.0,Male,Divorced,1,Retired,67107.53,588.0,243917.62,24,14.99,Education,1,Mumbai,0,2016,1,3,11825.55486673331,0.17621800216359193,0.3028940021087549,39895.696801599464,33553.765,Fair
LN101782,2021-05-21,39.0,Female,Married,1,Unemployed,47347.39,772.0,267582.72,48,12.37,Personal,0,Chennai,1,2021,5,4,7095.176918143747,0.1498536016059966,0.4709564772208141,72985.77207089984,23673.695,Very_Good
LN100379,12-27-2021,36.0,Male,Married,2,Retired,60237.75,700.0,180972.14,12,12.21,Personal,0,Mumbai,0,2021,12,0,16096.814900782463,0.2672213836138047,0.2503581502739838,12189.638809389551,20079.25,Good
LN100064,11/02/2016,39.0,Female,Divorced,2,Retired,70465.84,693.0,232517.05,120,8.63,Education,1,Pune,0,2016,11,2,2899.0680027580274,0.04114146659939096,0.27497608533912793,115371.11033096333,23488.61333333333,Good
LN100769,20/01/2020,52.0,Female,Married,3,Self-Employed,40854.53,848.0,46932.95,84,6.36,Auto,1,Mumbai,0,2020,1,0,693.7499438154731,0.016980979681212174,0.09573183602079541,11342.04528049974,10213.6325,Exceptional
LN100749,04-16-2022,32.0,Male,Single,1,Salaried,54723.96,737.0,185565.75,24,10.44,Personal,1,Delhi,0,2022,4,5,8600.614603103322,0.1571636007902813,0.28257846288901606,20849.000474479748,27361.98,Good
LN100295,07-May-2016,28.0,Female,Single,1,Self-Employed,19103.12,670.0,659256.13,60,10.81,Personal,0,Delhi,1,2016,5,5,14271.417188643507,0.7470725823134392,2.875865870775734,197028.9013186104,9551.56,Good
LN100573,18/09/2022,29.0,Female,Divorced,0,Retired,66212.79,523.0,256497.96,24,4.45,Education,0,Mumbai,1,2022,9,6,11189.729153427661,0.1689964907599825,0.3228202587445719,12055.539682263887,66212.79,Very_Poor
LN100316,10/01/2023,46.0,Male,Single,1,Self-Employed,27640.84,696.0,392816.39,48,9.87,Personal,0,Mumbai,1,2023,10,6,9938.311549283459,0.35955171945872333,1.1842874227652511,84222.564365606,13820.42,Good
LN100529,30/05/2022,40.0,Female,Divorced,1,Retired,89023.49,580.0,140284.35,60,9.46,Auto,3,Delhi,0,2022,5,0,2943.4860959967627,0.03306415077634861,0.1313177286129762,36324.81575980576,44511.745,Fair
LN100131,02-10-2016,38.0,Male,Single,3,Unemployed,72405.61,656.0,469270.69,48,8.75,Education,1,Delhi,1,2016,2,2,11622.166231911671,0.16051472022556915,0.5400947638357488,88593.28913176019,18101.4025,Fair
LN101341,2016-07-21,39.0,Female,Single,3,Unemployed,70733.46,773.0,247508.48,48,8.33,Business,1,Pune,1,2016,7,3,6080.802921962643,0.0859678421211495,0.29159759280355674,44370.06025420685,17683.365,Very_Good
LN100190,06-Jul-2019,37.0,Male,Divorced,1,Salaried,40741.17,626.0,608683.08,12,12.68,Home,0,Hyderabad,1,2019,7,5,54274.16973076805,1.3321701298899382,1.245020454739027,42606.95676921669,20370.585,Fair
LN100028,2018-02-07,35.0,Male,Divorced,2,Self-Employed,124991.73,648.0,103485.4,60,7.12,Education,1,Delhi,0,2018,2,2,2054.9941442832474,0.016441040893531496,0.06899483136470975,19814.248656994852,41663.909999999996,Fair
LN100839,27/01/2017,,Female,Married,1,Salaried,30830.04,669.0,176241.32,24,16.29,Home,1,Mumbai,0,2017,1,4,8653.741336957364,0.28069186212399866,0.47637877429502745,31448.472086976748,15415.02,Fair
LN101387,29/07/2021,27.0,Female,Divorced,0,Self-Employed,44910.27,565.0,326675.77,12,9.58,Personal,1,Hyderabad,1,2021,7,3,28655.93086756485,0.6380707768527076,0.6061638202872826,17195.40041077818,44910.27,Very_Poor
LN101195,14-Apr-2015,40.0,Female,Married,1,Unemployed,39317.99,514.0,121483.44,48,9.92,Auto,1,Bengaluru,1,2015,4,1,3076.462297619559,0.07824566560039208,0.2574806087493282,26186.750285738846,19658.995,Very_Poor
LN101287,2021-03-15,43.0,Female,Single,3,Self-Employed,61603.75,843.0,693953.82,120,8.21,Auto,1,Mumbai,1,2021,3,0,8496.769375923159,0.13792617131137566,0.9387331940019884,325658.5051107791,15400.9375,Exceptional
LN100770,19/02/2022,33.0,Male,Single,2,Self-Employed,49064.81,660.0,61683.21,24,19.13,Personal,2,Pune,0,2022,2,5,3113.25592380042,0.06345191031618018,0.1047648508167055,13034.932171210086,16354.936666666666,Fair
LN101701,2017-08-05,21.0,Female,Married,0,Salaried,55370.93,,433263.12,48,14.09,Auto,0,Chennai,1,2017,8,5,11859.108406048694,0.2141757128884903,0.6520616504003093,135974.08349033736,55370.93,Fair
LN101299,19/09/2019,45.0,Male,Single,1,Unemployed,99205.86,819.0,84267.6,12,10.56,Business,1,Pune,0,2019,9,3,7430.359359350603,0.07489839168120313,0.07078513305564813,4896.712312207237,49602.93,Exceptional
LN101889,07-04-2017,29.0,Female,Married,1,Unemployed,28356.45,703.0,125427.09,60,14.59,Home,1,Chennai,1,2017,7,1,2956.9733094501025,0.10427868472429033,0.3686024696321295,51991.30856700617,14178.225,Good
LN101228,03-05-2020,34.0,Female,Divorced,0,Self-Employed,36179.2,585.0,210982.84,36,10.28,Home,2,Chennai,0,2020,3,3,6835.572939210842,0.1889365419691658,0.4859671671383926,35097.78581159032,36179.2,Fair
LN100267,03-23-2020,51.0,Female,Married,3,Salaried,36359.68,486.0,311256.78,48,7.4,Auto,0,Mumbai,1,2020,3,0,7511.308080079811,0.20658344848138957,0.7133744026350067,49286.007843830856,9089.92,Very_Poor
LN101140,2020-02-17,34.0,Female,Divorced,0,Unemployed,72588.61,725.0,162986.01,120,14.95,Business,0,Delhi,0,2020,2,0,2624.5450244099566,0.036156430387769604,0.18711155234960417,151959.3929291948,72588.61,Good
LN101577,26-Jul-2017,47.0,Male,Divorced,1,Salaried,49993.82,567.0,143810.34,120,12.03,Auto,1,Mumbai,0,2017,7,2,2065.7544976445506,0.041320197129256185,0.239713528592134,104080.19971734608,24996.91,Very_Poor
LN100076,01-Aug-2021,20.0,Male,Single,0,Unemployed,64597.55,830.0,328507.22,60,9.59,Education,0,Bengaluru,0,2021,8,6,6913.7091762241025,0.10702742095054847,0.4237869960496437,86315.33057344618,64597.55,Exceptional
LN101798,01-23-2017,49.0,Male,Divorced,2,Self-Employed,36007.23,732.0,319166.19,120,11.51,Auto,1,Bengaluru,1,2017,1,0,4489.155283868875,0.12467371924663115,0.7386622769927039,219532.44406426494,12002.410000000002,Good
LN101456,04-09-2017,36.0,Male,Married,0,Self-Employed,44706.63,758.0,200515.09,12,11.96,Auto,3,Bengaluru,0,2017,4,6,17811.630027533924,0.3984113771835167,0.3737609127177185,13224.470330407086,44706.63,Very_Good
LN101774,05/11/2015,30.0,Female,Divorced,1,Retired,41665.15,790.0,241297.87,60,14.7,Business,0,Chennai,0,2015,5,0,5702.526167877516,0.1368656099372621,0.4826133071243793,100853.70007265097,20832.575,Very_Good
LN101404,2023-08-02,43.0,Female,Single,1,Salaried,61708.22,586.0,263182.43,12,13.24,Education,1,Delhi,0,2023,8,2,23536.21491999697,0.38141134066088717,0.35541244208091993,19252.149039963668,30854.11,Fair
LN101544,08-21-2017,35.0,Male,Divorced,3,Salaried,44030.43,639.0,39911.19,12,13.34,Home,0,Delhi,0,2017,8,0,3571.103188565529,0.08110534438490673,0.07553713420468526,2942.0482627863457,11007.6075,Fair
LN100572,2023-11-15,44.0,Female,Single,0,Unemployed,47100.82,668.0,63807.9,60,16.67,Business,0,Mumbai,0,2023,11,2,1574.4894386580409,0.03342806852742778,0.11289240824257413,30661.466319482446,47100.82,Fair
LN100755,11-05-2020,31.0,Female,Divorced,2,Self-Employed,23993.73,757.0,317131.44,24,10.92,Auto,0,Pune,1,2020,11,3,14768.973923633532,0.6155347219308349,1.101438584163446,37323.934167204774,7997.91,Very_Good
LN100817,10/05/2015,23.0,Female,Single,0,Salaried,,581.0,140592.37,12,9.58,Auto,1,Chennai,0,2015,10,0,12332.733570130094,0.2569319493777103,0.24408397569444443,7400.432841561153,48000.0,Fair
LN101339,2022-06-21,56.0,Male,Single,3,Salaried,62856.46,484.0,82008.47,120,11.17,Auto,1,Bengaluru,0,2022,6,1,1137.5722468559545,0.018097936900295604,0.10872453152256215,54500.19962271454,15714.115,Very_Poor
LN101637,2015-02-15,47.0,Female,Single,5,Self-Employed,38658.49,576.0,129711.51,48,6.66,Auto,1,Hyderabad,0,2015,2,6,3085.673307730771,0.07981877480808927,0.2796097959335711,18400.808771077005,6443.081666666666,Very_Poor
LN100748,12-31-2018,29.0,Male,Single,1,Self-Employed,50541.15,733.0,559987.11,60,10.6,Home,2,Mumbai,0,2018,12,0,12064.049112243963,0.23869755856849248,0.9233187709420936,163855.83673463785,25270.575,Good
LN100658,09-18-2015,48.0,Male,Single,1,Unemployed,69115.45,,628924.99,60,14.38,Auto,3,Pune,1,2015,9,4,14758.167311357836,0.2135292081778797,0.758302461075394,256565.04868147022,34557.725,Fair
LN100922,19/02/2016,33.0,Female,Single,2,Salaried,22484.89,529.0,333973.03,12,10.15,Business,0,Chennai,1,2016,2,4,29384.563262675692,1.3068582173484369,1.2377683783791398,18641.72915210831,7494.963333333333,Very_Poor
LN101418,02-04-2017,54.0,Female,Single,0,Salaried,65190.24,588.0,159868.12,120,8.04,Education,0,Pune,0,2017,2,5,1943.020489589675,0.02980538942009839,0.20436101068708035,73294.338750761,65190.24,Fair
LN101107,02-24-2023,49.0,Female,Single,1,Self-Employed,64487.82,724.0,59376.29,84,10.52,Education,0,Bengaluru,0,2023,2,4,1001.7424061871818,0.015533823382263221,0.07672804208091802,24770.07211972327,32243.91,Good
LN100876,2019-07-18,42.0,Male,Divorced,3,Unemployed,17907.38,571.0,194700.52,24,12.46,Home,3,Delhi,1,2019,7,3,9207.077687054481,0.5141499028363994,0.9060534446319525,26269.34448930758,4476.845,Very_Poor
LN100377,07/06/2021,,Female,Married,1,Self-Employed,31399.75,573.0,71400.75,48,13.8,Home,0,Delhi,0,2021,7,1,1943.9724492261153,0.061910443529840695,0.1894939450154858,21909.927562853525,15699.875,Very_Poor
LN101702,11-Apr-2022,42.0,Male,Single,3,Retired,95439.44,716.0,133222.66,120,11.39,Home,1,Bengaluru,0,2022,4,0,1864.6748070439678,0.019537780261954258,0.11632390480637075,90538.31684527613,23859.86,Good
LN100024,04/12/2017,28.0,Male,Divorced,0,Self-Employed,41464.44,790.0,217506.87,48,12.65,Business,0,Chennai,0,2017,4,2,5797.442770269815,0.13981722097946614,0.43713535019404576,60770.382972951105,41464.44,Very_Good
LN101396,13-Sep-2022,,Male,Married,2,Self-Employed,96200.3,578.0,62283.19,48,5.74,Home,0,Bengaluru,0,2022,9,1,1455.3039830895736,0.015127852855859842,0.053952699038707086,7571.4011882995255,32066.766666666666,Very_Poor
LN100347,31/05/2023,43.0,Male,Single,1,Salaried,41185.98,605.0,301628.33,120,6.42,Home,1,Mumbai,0,2023,5,2,3412.660015151264,0.08285975021478822,0.6102973430926414,107890.87181815167,20592.99,Fair
LN101730,06-03-2023,18.0,Female,Single,3,Salaried,66729.78,771.0,46875.16,120,13.81,Personal,2,Pune,0,2023,6,5,722.4681995288845,0.010826773286662783,0.05853853157216064,39821.023943466134,16682.445,Very_Good
LN100621,03/12/2017,29.0,Male,Divorced,0,Self-Employed,58701.52,630.0,103004.81,12,15.0,Personal,0,Chennai,0,2017,3,6,9296.982480620167,0.15837720182748535,0.1462267785683687,8558.979767442012,58701.52,Fair
LN101813,21/12/2020,,Male,Married,0,Salaried,84616.17,480.0,731624.12,24,9.42,Business,1,Delhi,1,2020,12,0,33565.05976866584,0.3966742972255284,0.7205322182115624,73937.31444798002,84616.17,Very_Poor
LN100009,20-Jul-2016,38.0,Male,Divorced,0,Unemployed,42213.54,658.0,49449.23,24,10.34,Business,1,Bengaluru,1,2016,7,2,2289.5887574451085,0.05423825524808174,0.0976172376603968,5500.900178682605,42213.54,Fair
LN100229,2021-08-01,32.0,Female,Single,3,Unemployed,27785.5,781.0,59630.84,24,9.2,Education,2,Pune,0,2021,8,6,2729.681192219586,0.09824121186300719,0.17884280170112707,5881.508613270067,6946.375,Very_Good
LN100490,03-19-2018,49.0,Female,Married,2,Salaried,40065.91,694.0,144435.44,36,15.59,Auto,1,Mumbai,0,2018,3,0,5048.725146294828,0.12601049486445778,0.30041216252586467,37318.665266613796,13355.303333333335,Good
LN100214,2019-05-08,45.0,Male,Married,0,Unemployed,68767.27,445.0,103217.94,12,9.81,Personal,0,Bengaluru,0,2019,5,2,9065.28988811578,0.13182564740632832,0.12508123413943872,5565.538657389348,68767.27,Very_Poor
LN101497,2023-04-13,46.0,Male,Divorced,3,Self-Employed,46726.39,597.0,209749.63,24,6.25,Business,2,Delhi,0,2023,4,3,9319.807482881923,0.19945490081476278,0.3740741759278501,13925.749589166138,11681.5975,Fair
LN101811,29/09/2019,43.0,Male,Married,3,Retired,82533.23,546.0,720087.6,120,15.82,Education,2,Pune,1,2019,9,6,11981.758075736627,0.14517495650826495,0.7270683577996402,717723.3690883951,20633.3075,Very_Poor
LN100450,08-19-2023,19.0,Male,Single,0,Retired,18645.4,746.0,115681.24,36,11.4,Auto,1,Bengaluru,0,2023,8,5,3809.1965450781286,0.20429685311541337,0.5170231442250278,21449.835622812636,18645.4,Very_Good
  LN100805  ,07/05/2020,41.0,Female,Married,2,Salaried,20679.18,,70321.15,60,7.57,Personal,1,Bengaluru,0,2020,7,6,1411.428826675516,0.06825361676214994,0.2833814413015087,14364.579600530953,6893.06,Fair
LN100016,18/10/2015,40.0,Male,Married,1,Self-Employed,94237.3,505.0,226215.58,60,11.78,Auto,0,Delhi,0,2015,10,6,5006.921394215517,0.0531309937170899,0.20004073051045956,74199.703652931,47118.65,Very_Poor
LN101554,01/02/2018,29.0,Female,Married,1,Retired,65709.31,767.0,84217.59,24,16.14,Business,1,Hyderabad,0,2018,1,1,4129.180055077104,0.06284010675316944,0.106805755531446,14882.7313218505,32854.655,Very_Good
LN101876,11-11-2023,28.0,Female,Married,1,Self-Employed,51279.26,665.0,233544.18,36,11.24,Personal,1,Chennai,0,2023,11,5,7672.488443376241,0.14962166855325604,0.37952995031519565,42665.40396154468,25639.63,Fair
LN101982,06-Jan-2016,49.0,Male,Single,0,Salaried,94315.67,547.0,242971.97,84,8.95,Education,3,Mumbai,0,2016,1,2,3903.0279301867213,0.041382603020120846,0.21467974692505143,84882.37613568458,94315.67,Very_Poor
LN101490,25/03/2018,42.0,Female,Divorced,3,Unemployed,56008.62,626.0,66615.0,84,9.6,Education,1,Hyderabad,0,2018,3,6,1092.167674441749,0.019499992580459025,0.09911420777730284,25127.084653106926,14002.155,Fair
LN101157,22-Apr-2023,57.0,Female,Divorced,0,Unemployed,35924.29,474.0,66965.67,36,9.0,Education,0,Mumbai,1,2023,4,5,2129.4835039431478,0.05927698234100515,0.15533981325726967,9695.736141953326,35924.29,Very_Poor
LN101649,2018-06-27,49.0,Female,Divorced,0,Self-Employed,56070.3,526.0,263977.93,60,11.8,Auto,1,Bengaluru,0,2018,6,2,5845.391461238815,0.1042511179936404,0.39233178408771363,86745.55767432891,56070.3,Very_Poor
LN100547,03-10-2020,43.0,Male,Single,1,Self-Employed,67055.05,538.0,69424.19,120,8.76,Personal,0,Pune,0,2020,3,1,870.4437487457257,0.012981031984104488,0.08627760573836969,35029.05984948708,33527.525,Very_Poor
LN101807,12-11-2017,53.0,Male,Single,2,Self-Employed,56777.38,703.0,117410.99,120,14.08,Personal,0,Bengaluru,0,2017,12,0,1828.6498143469505,0.03220736522796491,0.1723265350860971,102026.98772163405,18925.79333333333,Good
LN100670,2023-06-26,49.0,Female,Single,1,Salaried,47073.55,,362900.33,84,12.7,Business,1,Delhi,1,2023,6,0,6542.82085215294,0.13899144747215664,0.6424349590516684,186696.6215808469,23536.775,Fair
LN100355,07-Oct-2020,21.0,Male,Married,0,Unemployed,51382.97,585.0,66558.55,84,15.01,Education,2,Delhi,0,2020,10,2,1284.7367710699982,0.02500316293647483,0.10794521673880146,41359.33876987985,51382.97,Fair
LN101765,16/02/2017,42.0,Female,Single,1,Salaried,73951.67,675.0,121756.64,24,9.31,Personal,2,Delhi,0,2017,2,3,5579.727223086584,0.07545099688873265,0.1372029416870054,12156.813354077996,36975.835,Good
LN100208,06/03/2015,38.0,Female,Divorced,2,Salaried,66211.1,520.0,39841.86,120,9.35,Business,1,Mumbai,0,2015,6,2,512.2771864092194,0.00773702878232229,0.05014499079459486,21631.402369106334,22070.36666666667,Very_Poor
LN100644,22-Sep-2020,36.0,Male,Divorced,1,Retired,41233.63,620.0,156350.6,120,4.79,Business,1,Delhi,0,2020,9,1,1642.3356131498226,0.03983000315882503,0.31598519622615495,40729.67357797871,20616.815,Fair
LN100803,25/03/2019,39.0,Female,Single,0,Unemployed,52854.66,514.0,399107.32,12,8.36,Auto,3,Delhi,1,2019,3,0,34783.78578638151,0.6581025360182339,0.6292528101274955,18298.10943657806,52854.66,Very_Poor
LN101137,17-Feb-2015,36.0,Male,Divorced,1,Salaried,22976.72,645.0,132213.96,120,15.24,Auto,0,Chennai,0,2015,2,1,2152.5463073623378,0.0936837941778608,0.4795214460549634,126091.59688348052,11488.36,Fair
LN100417,11-Feb-2017,19.0,Female,Single,2,Salaried,50866.83,597.0,165933.69,120,10.52,Auto,2,Pune,1,2017,2,5,2240.883642791375,0.04405392753571188,0.27184331125018013,102972.347134965,16955.61,Fair
LN101595,2022-03-11,43.0,Female,Divorced,1,Unemployed,29137.06,518.0,665436.57,36,12.74,Business,2,Bengaluru,1,2022,3,4,22337.89626168922,0.7666489433624813,1.903179232908193,138727.695420812,14568.53,Very_Poor
LN101119,07-11-2017,29.0,Female,Single,0,Retired,28883.67,657.0,283167.45,48,5.11,Business,0,Delhi,0,2017,7,1,6535.236783529797,0.22626060966386188,0.8169767726885123,30523.91560943023,28883.67,Fair
LN101233,15/06/2018,41.0,Female,Married,0,Unemployed,59531.04,577.0,219926.97,36,8.18,Auto,1,Chennai,0,2018,6,4,6909.963764250807,0.11607329158453819,0.3078603615861574,28831.725513029058,59531.04,Very_Poor
LN100763,2019-02-17,,Male,Single,1,Self-Employed,27162.21,628.0,444362.49,12,6.43,Education,2,Hyderabad,1,2019,2,6,38331.995113765035,1.411225195363891,1.3632987706081352,15621.45136518043,13581.105,Fair
LN100443,19/05/2021,32.0,Male,Married,0,Salaried,71559.34,524.0,415702.06,24,7.42,Education,1,Delhi,1,2021,5,2,18691.18778978201,0.2611984374056833,0.48409946672696164,32886.44695476821,71559.34,Very_Poor
LN101822,08-05-2019,53.0,Male,Married,0,Salaried,42635.69,657.0,147450.75,36,13.12,Education,0,Bengaluru,0,2019,8,0,4976.714967408269,0.11672650231316226,0.2881989830585596,31710.988826697692,42635.69,Fair
LN101747,05-03-2022,,Female,Divorced,4,Retired,23029.65,751.0,315789.09,12,9.29,Auto,1,Mumbai,0,2022,5,1,27658.422902745227,1.200991891007689,1.1426902927313267,16111.984832942719,4605.93,Very_Good
LN100537,01-Sep-2019,23.0,Female,Married,1,Salaried,42537.28,,123984.27,120,13.63,Home,0,Delhi,0,2019,9,6,1897.57253776936,0.0446096350723262,0.24289335143196747,103724.4345323232,21268.64,Fair
LN101316,2020-08-13,35.0,Male,Married,2,Self-Employed,49294.43,697.0,361988.96,84,9.39,Auto,0,Pune,1,2020,8,3,5895.963113621661,0.11960708570160282,0.6119504103540028,133271.9415442195,16431.476666666666,Good
LN100349,11-Apr-2017,42.0,Female,Single,1,Retired,32396.36,559.0,162986.18,24,15.1,Education,1,Delhi,0,2017,4,1,7910.376857471857,0.2441748658636914,0.4192502388128378,26862.86457932458,16198.18,Very_Poor
LN100718,18/02/2022,20.0,Male,Divorced,0,Self-Employed,21374.3,832.0,840659.97,12,7.64,Education,1,Pune,1,2022,2,4,72986.91297879546,3.414704246632426,3.2775341180763817,35182.98574554548,21374.3,Exceptional
LN100404,2020-04-21,,Male,Divorced,1,Salaried,86136.37,567.0,132831.76,60,10.51,Personal,0,Mumbai,1,2020,4,1,2855.726528780433,0.03315355091908834,0.1285091690459365,38511.83172682597,43068.185,Very_Poor
LN100363,2017-03-06,46.0,Female,Divorced,1,Retired,,686.0,119925.46,84,13.54,Auto,0,Mumbai,1,2017,3,0,2217.039209275353,0.04618831685990319,0.20820392361111112,66305.83357912967,24000.0,Good
LN100027,01-20-2018,42.0,Male,Married,0,Unemployed,111935.21,530.0,722592.75,60,8.81,Education,1,Delhi,1,2018,1,5,14933.265235008499,0.13340990055772886,0.5379546123154636,173403.16410050995,111935.21,Very_Poor
LN101180,2020-05-21,50.0,Male,Single,5,Self-Employed,46598.56,536.0,109776.19,36,8.17,Personal,4,Bengaluru,0,2020,5,3,3448.589972146305,0.07400636354742089,0.19631541904585323,14373.04899726699,7766.426666666666,Very_Poor
LN101234,21/09/2022,33.0,Female,Married,2,Retired,19632.6,673.0,159392.02,36,13.69,Business,3,Bengaluru,1,2022,9,2,5423.66278034748,0.27625799844887994,0.6765618579980917,35859.840092509316,6544.2,Good
LN100178,26/01/2017,43.0,Male,Divorced,1,Retired,97424.14,637.0,387322.2,60,15.84,Home,2,Hyderabad,1,2017,1,3,9386.019746845674,0.09634182808127097,0.33130238563050185,175838.9848107404,48712.07,Fair
LN101671,04/01/2020,45.0,Female,Married,1,Retired,76658.73,552.0,368192.14,120,10.15,Education,0,Chennai,1,2020,4,2,4896.318118386833,0.06387163103780656,0.4002502824314117,219366.03420641995,38329.365,Very_Poor
LN101636,12-Jan-2015,54.0,Female,Divorced,1,Self-Employed,81271.32,764.0,102229.0,48,6.42,Education,2,Mumbai,0,2015,1,0,2420.577445537173,0.029783907109385853,0.10482275092041489,13958.7173857843,40635.66,Very_Good
LN100846,11-26-2021,46.0,Female,Married,0,Retired,68163.91,726.0,199473.64,24,14.1,Home,0,Bengaluru,1,2021,11,4,9586.701073821898,0.14064188914371106,0.2438651675546977,30607.185771725548,68163.91,Good
LN100253,04/12/2015,29.0,Female,Divorced,2,Unemployed,34570.49,660.0,271447.79,12,4.72,Personal,1,Hyderabad,1,2015,4,6,23202.66482554267,0.671169683320736,0.6543340625680071,6984.187906512059,11523.496666666666,Fair
LN100415,07-Feb-2019,36.0,Female,Single,3,Unemployed,78296.02,496.0,1259702.85,84,13.68,Auto,1,Chennai,1,2019,2,3,23384.711144829093,0.2986704962120564,1.3407480673985728,704612.8861656436,19574.005,Very_Poor
LN100554,09/04/2023,30.0,Female,Married,2,Salaried,12461.88,756.0,584333.28,36,9.34,Auto,0,Delhi,1,2023,9,0,18674.187195568575,1.4985048159321528,3.907471424857245,87937.45904046868,4153.96,Very_Good
LN100194,03/09/2019,21.0,Female,Married,2,Retired,55296.37,673.0,685827.69,36,9.91,Auto,1,Delhi,1,2019,3,5,22100.698342500178,0.399677200194157,1.0335634599522534,109797.45033000642,18432.123333333333,Good
LN101197,25-Jan-2015,36.0,Male,Single,4,Self-Employed,48747.07,538.0,151437.02,48,15.49,Auto,1,Hyderabad,0,2015,1,6,4252.310757176064,0.08723213020138572,0.25888226034234807,52673.89634445109,9749.414,Very_Poor
LN100766,21-May-2022,32.0,Male,Married,3,Self-Employed,64312.94,628.0,173292.25,48,12.23,Education,1,Pune,0,2022,5,5,4583.036324977036,0.07126149613090361,0.22454300539414515,46693.49359889774,16078.235,Fair
LN101085,2023-05-25,34.0,Male,Married,0,Salaried,37317.73,690.0,454867.68,24,11.17,Personal,1,Delhi,1,2023,5,3,21236.23298701143,0.5690655081917209,1.0157541736863416,54801.9116882743,37317.73,Good
LN100446,23/06/2017,20.0,Female,Divorced,3,Salaried,60264.56,630.0,259259.24,12,13.07,Auto,0,Pune,1,2017,6,4,23164.67748472375,0.3843830849295797,0.3585015250533094,18716.889816684998,15066.14,Fair
LN101572,17/12/2016,40.0,Female,Single,0,Unemployed,49483.67,573.0,453920.24,48,12.55,Personal,0,Mumbai,1,2016,12,5,12076.388007866737,0.24404794567312282,0.7644276721323755,125746.38437760342,49483.67,Very_Poor
LN101126,12-23-2018,52.0,Female,Married,1,Salaried,31454.34,827.0,118874.82,48,7.17,Personal,1,Chennai,0,2018,12,6,2855.9821081848154,0.0907977121180993,0.31494016406003117,18212.32119287114,15727.17,Exceptional
LN101086,2022-04-04,44.0,Female,Married,0,Retired,39442.0,671.0,93787.66,84,10.8,Education,4,Hyderabad,1,2022,4,0,1596.0262413635917,0.04046514480410709,0.1981552237040042,40278.544274541695,39442.0,Good
LN101536,2023-06-20,61.0,Male,Single,1,Unemployed,100689.72,583.0,181834.03,12,11.73,Home,0,Bengaluru,1,2023,6,1,16132.644838169326,0.1602213695516218,0.15049039597421993,11757.708058031916,50344.86,Fair
LN100452,04-04-2015,55.0,Male,Married,1,Self-Employed,21939.69,628.0,269414.74,12,8.94,Home,3,Chennai,0,2015,4,5,23552.96857092766,1.073532423244251,1.0233156591243238,13220.882851131959,10969.845,Fair
LN101468,21-Aug-2017,36.0,Male,Divorced,1,Self-Employed,9764.91,483.0,261613.3,60,14.55,Personal,1,Delhi,1,2017,8,0,6162.13150605429,0.6310484690646704,2.2325969551520015,108114.59036325745,4882.455,Very_Poor
LN100465,26-Oct-2021,45.0,Male,Single,3,Retired,65446.56,701.0,181668.41,12,15.22,Auto,3,Chennai,0,2021,10,1,16415.848763049256,0.2508282904869142,0.2313190206890426,15321.775156591058,16361.64,Good
LN100747,09-01-2018,42.0,Male,Divorced,0,Salaried,,633.0,313345.67,84,8.39,Home,1,Pune,0,2018,9,5,4944.972686501632,0.10302026430211733,0.5440028993055556,102032.03566613712,48000.0,Fair
LN100459,26/04/2017,43.0,Male,Married,2,Self-Employed,26631.22,468.0,27374.63,60,13.44,Education,1,Chennai,0,2017,4,2,629.039509601899,0.02362037899885544,0.08565958174903991,10367.740576113942,8877.073333333334,Very_Poor
LN101442,13-Aug-2015,,Male,Single,1,Self-Employed,37793.62,658.0,723444.98,24,14.09,Personal,3,Pune,1,2015,8,3,34765.33866264844,0.9198732130621105,1.5951655773293656,110923.14790356264,18896.81,Fair
LN101016,2019-10-26,40.0,Male,Married,5,Unemployed,25798.54,770.0,340064.83,48,14.01,Education,1,Chennai,1,2019,10,5,9294.46708068804,0.36027104947365396,1.098462774766841,106069.58987302595,4299.756666666667,Very_Good
LN101594,25/04/2018,29.0,Female,Married,0,Salaried,48541.53,406.0,138634.17,48,13.76,Personal,0,Delhi,1,2018,4,2,3771.70897466967,0.07770066115900488,0.23799924518242424,42407.86078414417,48541.53,Very_Poor
LN100811,11-29-2016,32.0,Male,Married,1,Salaried,23365.26,645.0,65712.95,24,12.17,Home,1,Chennai,0,2016,11,1,3098.544872588286,0.13261332733247078,0.23436842417617723,8652.126942118877,11682.63,Fair
LN100370,07/06/2022,22.0,Female,Divorced,1,Retired,39961.91,693.0,319880.57,24,11.45,Personal,2,Pune,1,2022,7,2,14975.80197198899,0.3747519068029779,0.6670530554387082,39538.67732773576,19980.955,Good
LN100485,10-Nov-2016,51.0,Female,Single,2,Salaried,35215.92,611.0,258983.15,24,6.87,Education,0,Hyderabad,0,2016,11,3,11580.007698754962,0.3288287711567655,0.6128458142415892,18937.03477011909,11738.64,Fair
LN100738,2022-11-01,37.0,Male,Divorced,0,Salaried,43306.58,611.0,197338.22,48,7.6,Personal,1,Chennai,1,2022,11,1,4780.622694026935,0.11039021539052345,0.37973101701096384,32131.669313292892,43306.58,Fair
LN101245,08/02/2023,44.0,Male,Single,0,Salaried,58343.22,821.0,214599.52,48,10.68,Business,1,Pune,0,2023,8,2,5513.136296527689,0.09449489240613887,0.30651879230068774,50031.0222333291,58343.22,Exceptional
LN100308,02-24-2020,38.0,Female,Divorced,1,Unemployed,41432.08,765.0,425669.24,24,12.33,Education,0,Chennai,1,2020,2,0,20103.318719184783,0.48521142841935,0.8561587220981101,56810.4092604348,20716.04,Very_Good
LN100286,20-Feb-2016,27.0,Female,Single,1,Salaried,35105.4,676.0,174358.65,12,4.29,Personal,1,Pune,0,2016,2,5,14869.39484051556,0.42356431889440255,0.4138932329499165,4074.0880861867336,17552.7,Good
LN101652,20/07/2022,50.0,Male,Single,1,Salaried,41256.74,648.0,42356.31,36,9.61,Business,0,Hyderabad,0,2022,7,2,1358.9724733742596,0.032939405134149224,0.08555432397227701,6566.699041473345,20628.37,Fair
LN101352,29/10/2021,29.0,Female,Divorced,4,Salaried,70038.39,452.0,200832.77,12,12.77,Home,2,Chennai,0,2021,10,4,17916.039369895134,0.2558031298248737,0.23895558088452157,14159.702438741602,14007.678,Very_Poor
LN101788,2018-07-04,46.0,Female,Single,0,Self-Employed,62606.22,473.0,271132.58,84,16.17,Auto,2,Mumbai,0,2018,7,2,5411.534951485809,0.08643765669746246,0.36089675541290733,183436.35592480795,62606.22,Very_Poor
LN101313,27-Jul-2017,38.0,Male,Married,2,Unemployed,50654.86,610.0,58476.24,36,7.65,Auto,1,Bengaluru,0,2017,7,3,1822.998735275301,0.03598862449279893,0.0962004435507274,7151.714469910839,16884.953333333335,Fair
LN101229,11-03-2023,36.0,Female,Married,1,Salaried,42931.89,709.0,234179.44,120,10.11,Personal,1,Delhi,0,2023,11,4,3108.9789404976327,0.07241654025708238,0.4545561197825983,138898.03285971592,21465.945,Good
LN101820,26/04/2015,51.0,Male,Divorced,0,Salaried,28943.61,599.0,326053.92,36,13.03,Personal,0,Mumbai,1,2015,4,6,10990.734031277521,0.3797292055578942,0.9387619581662411,69612.50512599078,28943.61,Fair
LN100685,27/07/2019,42.0,Male,Married,1,Self-Employed,68412.71,528.0,144547.11,12,6.96,Education,0,Mumbai,0,2019,7,5,12504.351794619064,0.1827781971306072,0.17607243595524866,5505.11153542879,34206.355,Very_Poor
LN100730,2018-08-28,29.0,Male,Married,1,Unemployed,63390.73,,112101.92,36,14.97,Personal,0,Chennai,0,2018,8,1,3884.3962763914983,0.0612770396616587,0.1473689712465319,27736.34595009395,31695.365,Fair
LN101832,2015-09-29,39.0,Male,Single,1,Salaried,62364.26,601.0,649083.64,120,8.49,Auto,2,Bengaluru,1,2015,9,1,8044.23111532778,0.12898783879304876,0.8673285521760915,316224.0938393335,31182.13,Fair
LN101924,04-25-2021,33.0,Female,Single,0,Unemployed,21339.32,784.0,161848.38,48,7.83,Auto,0,Chennai,0,2021,4,6,3938.2786750332657,0.18455502213909655,0.6320428673453512,27188.996401596756,21339.32,Very_Good
LN101268,09-02-2022,61.0,Female,Divorced,0,Salaried,49926.23,,87617.1,12,6.28,Education,2,Hyderabad,0,2022,9,4,7552.054910239886,0.15126427351394017,0.14624426879417893,3007.5589228786266,49926.23,Fair
LN101376,06/05/2016,31.0,Female,Divorced,1,Self-Employed,44826.86,562.0,238514.15,12,12.68,Business,2,Hyderabad,1,2016,6,6,21267.483663731662,0.47443616759531365,0.4433988721642931,16695.65396477995,22413.43,Very_Poor
LN100701,2018-07-19,34.0,Female,Married,0,Unemployed,57470.9,795.0,623995.67,84,10.83,Home,0,Chennai,1,2018,7,3,10628.622731498213,0.1849392080426479,0.9047994579285633,268808.6394458499,57470.9,Very_Good
LN100098,03-Jun-2016,47.0,Male,Married,2,Salaried,44210.45,586.0,124444.52,12,11.22,Home,1,Bengaluru,0,2016,6,4,11011.294369661297,0.24906542162907858,0.23456844856061562,7691.012435935569,14736.816666666666,Fair
LN100856,09-Apr-2020,33.0,Male,Married,1,Retired,33487.69,882.0,266554.9,12,12.84,Auto,1,Hyderabad,0,2020,4,3,23787.778198613327,0.7103439562004225,0.6633156342922827,18898.438383359928,16743.845,Exceptional
LN101059,28-Jul-2022,38.0,Male,Married,0,Retired,31353.57,633.0,134831.99,48,14.52,Auto,1,Bengaluru,1,2022,7,3,3719.74548682781,0.11863865859064247,0.35836426814128874,43715.79336773488,31353.57,Fair
LN100830,2019-11-22,36.0,Female,Single,1,Unemployed,43403.48,655.0,182144.37,24,10.35,Personal,2,Hyderabad,1,2019,11,4,8434.456098066086,0.1943267244485024,0.34971153234717584,20282.576353586075,21701.74,Fair
LN100140,02-12-2021,39.0,Female,Single,1,Unemployed,28020.29,560.0,194530.2,24,5.12,Personal,1,Chennai,1,2021,2,4,8544.688972826587,0.3049464860223283,0.5785396939146598,10542.33534783806,14010.145,Very_Poor
LN100870,2019-03-11,54.0,Female,Divorced,1,Retired,72965.63,723.0,170833.14,12,5.79,Auto,3,Bengaluru,0,2019,3,0,14686.267306942602,0.20127650932284968,0.19510686058627877,5402.067683311208,36482.815,Good
LN101009,02/06/2021,54.0,Female,Divorced,2,Self-Employed,125540.11,699.0,302147.7,12,11.39,Education,2,Chennai,0,2021,2,5,26759.08861583241,0.21315170598331012,0.2005651819167595,18961.363389988896,41846.70333333333,Good
LN101216,07-26-2019,50.0,Male,Married,1,Retired,,836.0,658837.24,48,8.29,Personal,0,Bengaluru,1,2019,7,4,16173.937111480998,0.33695702315585413,1.1438146527777777,117511.74135108793,24000.0,Exceptional
LN101423,2017-09-14,,Male,Single,2,Retired,32583.2,762.0,179558.85,12,9.57,Home,1,Delhi,0,2017,9,3,15750.030886172408,0.4833788850135164,0.45923167460531805,9441.520634068904,10861.066666666668,Very_Good
LN101714,21/08/2016,50.0,Female,Married,0,Retired,79520.17,729.0,123031.43,120,9.51,Personal,1,Delhi,0,2016,8,6,1592.669328093381,0.02002849501067944,0.12893105191634607,68088.88937120573,79520.17,Good
LN101023,26-May-2023,,Male,Single,3,Salaried,40009.94,,174578.3,24,8.12,Auto,2,Hyderabad,0,2023,5,4,7905.216753748091,0.19758131988571065,0.3636144334799469,15146.90208995418,10002.485,Fair
LN101528,18/03/2021,41.0,Male,Divorced,1,Salaried,125731.7,,321512.88,12,13.09,Home,0,Delhi,0,2021,3,3,28730.025517179827,0.22850264107762663,0.21309454974362077,23247.426206157892,62865.85,Fair
LN101397,04-Sep-2022,,Male,Married,1,Retired,61994.33,689.0,175502.69,24,5.13,Education,2,Pune,0,2022,9,6,7709.697215654867,0.12436132813524829,0.23591228692473437,9530.043175716826,30997.165,Good
LN101560,2023-05-20,59.0,Male,Married,2,Unemployed,42018.77,647.0,541693.18,84,10.1,Personal,1,Chennai,1,2023,5,5,9020.753153983242,0.21468389374518204,1.0743079422204254,216050.08493459225,14006.256666666666,Fair
LN100129,2022-12-23,51.0,Female,Married,1,Self-Employed,26773.81,800.0,266548.98,60,8.88,Home,2,Bengaluru,0,2022,12,4,5517.597655396807,0.2060819007603627,0.8296322040083199,64506.87932380842,13386.905,Exceptional
LN100752,29/06/2023,47.0,Male,Married,0,Salaried,55946.16,768.0,196647.85,48,8.4,Education,0,Hyderabad,0,2023,6,3,4837.744882687044,0.08647143758726325,0.2929123434625957,35563.90436897811,55946.16,Very_Good
LN101675,17-Feb-2019,,Male,Divorced,1,Salaried,74334.68,506.0,272775.33,84,5.86,Auto,0,Delhi,0,2019,2,6,3966.563317923778,0.05336087164058254,0.30579639947330106,60415.98870559735,37167.34,Very_Poor
LN100836,2015-08-23,37.0,Female,Divorced,2,Salaried,79565.9,,225815.65,84,11.99,Personal,1,Bengaluru,0,2015,8,6,3985.052756164073,0.050084932818758705,0.23650798688047686,108928.7815177821,26521.966666666664,Fair
LN101428,08-28-2023,39.0,Female,Single,0,Salaried,36527.45,651.0,87733.26,60,8.63,Home,0,Pune,0,2023,8,0,1805.480755269207,0.04942805356709015,0.2001537200105674,20595.58531615243,36527.45,Fair
LN100523,2018-02-09,41.0,Male,Divorced,1,Unemployed,79542.86,682.0,64355.74,48,17.34,Education,0,Mumbai,0,2018,2,4,1868.3254677842979,0.023488286287220474,0.06742249817687386,25323.8824536463,39771.43,Good
LN100265,23-Feb-2022,26.0,Male,Single,2,Retired,18373.91,681.0,66478.78,12,11.29,Home,0,Delhi,0,2022,2,2,5884.4517905155,0.32026127212528527,0.30150895118857846,4134.641486185996,6124.636666666666,Good
LN100167,2020-04-15,40.0,Male,Married,2,Unemployed,55305.03,696.0,199599.35,24,11.8,Personal,2,Pune,1,2020,4,2,9377.167572482133,0.16955361153374535,0.3007552688546895,25452.671739571175,18435.01,Good
LN101963,27/10/2022,23.0,Female,Divorced,1,Salaried,61830.48,717.0,132681.21,12,9.12,Business,2,Mumbai,0,2022,10,3,11610.430363987572,0.18777842843832965,0.17882389882789199,6643.954367850878,30915.24,Good
LN101674,2017-07-14,39.0,Female,Single,4,Self-Employed,84638.57,646.0,134488.14,120,12.74,Personal,2,Hyderabad,0,2017,7,4,1987.480052558659,0.023481966348895766,0.1324141582259719,104009.46630703908,16927.714,Fair
LN100664,02-May-2015,47.0,Female,Single,3,Self-Employed,12660.32,585.0,104105.08,24,7.24,Personal,2,Hyderabad,0,2015,5,5,4672.357903766712,0.3690552769413974,0.6852451860089898,8031.509690401101,3165.08,Fair
LN100499,09-Jun-2021,40.0,Female,Divorced,1,Unemployed,76937.47,607.0,202988.95,24,10.23,Auto,1,Hyderabad,0,2021,6,2,9388.43178568718,0.12202678078298104,0.21986355716315253,22333.41285649233,38468.735,Fair
LN101731,03-29-2023,37.0,Male,Single,2,Unemployed,90687.87,693.0,125453.04,24,8.24,Home,1,Mumbai,0,2023,3,2,5687.611295348458,0.06271634007225507,0.11527914372671891,11049.631088362992,30229.289999999997,Good
  LN101590  ,12-17-2016,53.0,Male,Married,1,Retired,101763.76,662.0,88330.86,84,7.84,Business,1,Hyderabad,0,2016,12,5,1369.7111808742657,0.013459714743974336,0.07233326480861164,26724.87919343832,50881.88,Fair
LN101968,08-18-2017,,Female,Single,3,Retired,66433.57,633.0,69314.58,24,7.76,Home,4,Hyderabad,0,2017,8,4,3127.31032832254,0.0470742476781323,0.08694723164809598,5740.867879740967,16608.3925,Fair
LN100986,2019-01-22,28.0,Female,Single,1,Unemployed,30321.44,,323817.6,24,12.18,Home,3,Chennai,1,2019,1,1,15270.397079985985,0.5036171461509079,0.8899577328781219,42671.9299196637,15160.72,Fair
LN100433,14-Aug-2018,,Male,Divorced,0,Retired,136084.98,676.0,115433.58,36,11.47,Personal,1,Mumbai,0,2018,8,1,3804.882388227116,0.0279596057421408,0.07068719119479606,21542.18597617616,136084.98,Good
LN101724,03-11-2021,31.0,Female,Divorced,0,Retired,35288.39,571.0,116818.87,24,8.61,Personal,1,Delhi,1,2021,3,3,5315.932389395311,0.15064253113829537,0.2758671005770831,10763.507345487451,35288.39,Very_Poor
LN100971,2020-07-21,21.0,Male,Single,0,Unemployed,66840.34,507.0,262874.52,48,10.93,Home,0,Bengaluru,1,2020,7,1,6785.184182514943,0.10151331041276786,0.3277393562031552,62814.320760717266,66840.34,Very_Poor
LN100869,22-May-2016,33.0,Male,Single,2,Self-Employed,45917.41,676.0,53300.19,36,6.29,Education,0,Hyderabad,0,2016,5,6,1628.500026748321,0.035465851117219394,0.09673199119898095,5325.810962939555,15305.803333333335,Good
LN100069,2021-06-18,37.0,Female,Married,1,Unemployed,37357.45,585.0,214164.81,48,10.24,Business,1,Hyderabad,1,2021,6,4,5456.479642936993,0.14606135169656903,0.477737840778747,47746.21286097565,18678.725,Fair
LN101260,01-23-2018,39.0,Male,Divorced,3,Salaried,45468.55,640.0,365447.52,48,8.88,Personal,1,Hyderabad,1,2018,1,1,9073.346678982654,0.19955214492176798,0.6697807605476752,70073.12059116736,11367.1375,Fair
LN100849,08-Apr-2016,45.0,Male,Married,1,Self-Employed,114555.18,679.0,312478.45,120,10.04,Personal,1,Chennai,0,2016,4,4,4136.347897107402,0.03610790797157669,0.227312905739691,183883.29765288823,57277.59,Good
LN101257,04/03/2023,59.0,Male,Married,3,Salaried,,527.0,171270.26,12,8.12,Home,2,Chennai,1,2023,4,0,14907.858426154758,0.3105803838782241,0.2973442013888889,7624.041113857093,12000.0,Very_Poor
LN101390,13/12/2019,,Female,Single,2,Self-Employed,38681.39,662.0,52600.57,24,9.41,Home,2,Hyderabad,0,2019,12,4,2412.9388456493366,0.06237983809913079,0.11332014783681076,5309.962295584082,12893.796666666667,Fair
LN100335,19-Nov-2015,,Male,Divorced,1,Unemployed,121006.35,498.0,97069.26,36,10.16,Business,0,Chennai,0,2015,11,3,3139.4399468577294,0.025944423138601645,0.06684859926772437,15950.57808687826,60503.175,Very_Poor
LN100339,07/07/2015,30.0,Male,Single,0,Salaried,40073.16,829.0,111030.15,12,9.35,Education,2,Hyderabad,0,2015,7,1,9727.680974315062,0.24274803819601604,0.23089051375035058,5702.021691780756,40073.16,Exceptional
ln100686,08-20-2018,40.0,Female,Single,1,Salaried,47947.57,584.0,174153.09,12,11.54,Home,1,Mumbai,0,2018,8,0,15435.71289706001,0.3219289923777161,0.30267972912913,11075.46476472012,23973.785,Fair
LN101324,11-16-2015,51.0,Male,Married,1,Unemployed,81042.19,674.0,159975.07,24,13.15,Personal,2,Hyderabad,0,2015,11,0,7616.756997448167,0.09398508354041477,0.1644977243745922,22827.097938755993,40521.095,Good
LN100665,2019-05-30,48.0,Male,Single,2,Salaried,72291.97,652.0,106077.25,24,9.04,Personal,1,Chennai,0,2019,5,3,4848.034303406274,0.06706186459445322,0.12227873764310661,10275.573281750578,24097.323333333334,Fair
LN100384,2021-06-25,33.0,Male,Divorced,0,Unemployed,34056.26,678.0,632561.1,120,11.42,Education,1,Delhi,1,2021,6,4,8864.589714345844,0.2602925193296576,1.5478336435063627,431189.66572150134,34056.26,Good
LN101124,2020-09-06,51.0,Female,Married,2,Retired,61435.57,809.0,48468.69,12,12.39,Business,0,Delhi,0,2020,9,6,4315.199395102204,0.07023942961874048,0.06574460853866905,3313.7027412264433,20478.523333333334,Exceptional
LN100056,17/10/2020,50.0,Female,Single,2,Unemployed,72100.7,584.0,1092188.08,24,5.69,Business,3,Pune,1,2020,10,5,48253.62326771329,0.6692531871079378,1.2623410498557344,65898.87842511875,24033.566666666666,Fair
LN100756,11/01/2016,42.0,Female,Married,1,Salaried,73415.23,660.0,233286.57,24,10.25,Home,0,Mumbai,0,2016,11,1,10791.882104646356,0.14699786549257363,0.2648026506216762,25718.600511512544,36707.615,Fair
LN100841,2021-10-07,46.0,Male,Divorced,1,Self-Employed,27969.57,654.0,66075.41,24,12.01,Home,1,Mumbai,0,2021,10,3,3110.6960322214527,0.11121715608146471,0.1968669581501134,8581.294773314861,13984.785,Fair
LN101896,29-Sep-2015,41.0,Female,Divorced,1,Unemployed,43050.38,570.0,323122.98,60,8.08,Home,0,Chennai,1,2015,9,1,6564.134024583752,0.15247563493246175,0.6254745021995161,70725.06147502514,21525.19,Very_Poor
LN101349,12-23-2022,47.0,Male,Married,1,Retired,84552.01,589.0,348987.21,24,16.91,Personal,1,Delhi,0,2022,12,4,17239.58654533438,0.20389327876811422,0.3439571395168489,64762.86708802509,42276.005,Fair
LN101769,04-Dec-2018,36.0,Male,Divorced,0,Retired,76660.76,657.0,530250.44,48,12.7,Auto,1,Hyderabad,1,2018,12,1,14146.443999846719,0.1845330518487779,0.5764035820498866,148778.87199264253,76660.76,Fair
LN100171,20-May-2023,25.0,Female,Single,1,Unemployed,88773.17,608.0,228847.65,48,11.85,Home,0,Chennai,0,2023,5,5,6009.585830097892,0.06769596974060847,0.21482433825445232,59612.46984469882,44386.585,Fair
LN100174,2023-08-15,35.0,Male,Divorced,2,Retired,60526.84,610.0,336182.95,12,11.59,Education,1,Bengaluru,0,2023,8,1,29804.761998437487,0.49242223777810784,0.4628565745929134,21474.193981249817,20175.61333333333,Fair
LN101029,02-Jun-2016,28.0,Male,Divorced,0,Self-Employed,47448.52,651.0,76232.34,36,9.68,Education,4,Bengaluru,0,2016,6,3,2448.358790129294,0.051600319464743985,0.13388605166188533,11908.57644465458,47448.52,Fair
LN100327,2023-02-11,22.0,Male,Married,1,Salaried,36404.52,624.0,128881.56,36,10.91,Auto,3,Pune,0,2023,2,5,4213.915090980291,0.11575252443873155,0.29502188189818185,22819.383275290485,18202.26,Fair
LN100504,22-Jul-2019,18.0,Female,Single,3,Self-Employed,54761.72,657.0,147727.9,120,12.48,Personal,1,Bengaluru,0,2019,7,0,2160.6584331482113,0.03945563494258784,0.22480408455638962,111551.11197778536,13690.43,Fair
LN101159,12-07-2018,50.0,Female,Married,1,Retired,56755.3,702.0,61701.74,84,12.11,Auto,1,Hyderabad,0,2018,12,4,1092.8365078979766,0.019255232690127206,0.09059614990435547,30096.526663430042,28377.65,Good
LN100410,23/08/2019,39.0,Female,Divorced,4,Unemployed,13222.36,624.0,212979.0,36,11.46,Education,1,Bengaluru,1,2019,8,4,7019.128706385404,0.5308529420152986,1.3422906349547281,39709.63342987455,2644.472,Fair
LN101523,02-Nov-2019,30.0,Male,Married,1,Retired,64134.07,510.0,342237.82,48,12.76,Business,2,Chennai,1,2019,11,5,9140.655648985983,0.14252417863057784,0.44469060412559713,96513.65115132718,32067.035,Very_Poor
LN100298,10-24-2023,42.0,Female,Divorced,0,Self-Employed,138743.61,493.0,298812.37,12,10.8,Home,0,Pune,1,2023,10,1,26381.432284397535,0.19014520585414735,0.17947515444735318,17764.81741277041,138743.61,Very_Poor
LN101019,10/12/2015,32.0,Female,Married,0,Self-Employed,51341.55,506.0,305254.25,84,13.6,Auto,0,Pune,0,2015,10,0,5653.226339718825,0.1101101610628979,0.49546330733424804,169616.7625363813,51341.55,Very_Poor
LN100899,22-Nov-2019,37.0,Male,Married,1,Unemployed,41457.19,492.0,122615.24,12,10.45,Personal,1,Chennai,1,2019,11,4,10805.408232954409,0.2606401503081711,0.24646959108098418,7049.658795452895,20728.595,Very_Poor
LN100824,2018-05-31,21.0,Male,Single,0,Unemployed,83191.5,602.0,151448.7,84,7.63,Business,1,Hyderabad,1,2018,5,3,2332.6875422975745,0.0280399745442452,0.15170690515256968,44497.05355299625,83191.5,Fair
LN100729,23/06/2021,57.0,Male,Single,1,Salaried,152705.76,705.0,211683.92,36,10.19,Business,2,Bengaluru,0,2021,6,2,6849.32402609191,0.04485308233358001,0.1155184104821368,34891.74493930876,76352.88,Good
LN101682,12-24-2021,38.0,Female,Married,1,Salaried,50603.14,671.0,131188.38,120,7.41,Auto,1,Mumbai,0,2021,12,4,1551.0724915248256,0.030651704450056372,0.21604123775718267,54940.31898297908,25301.57,Good
LN101462,05-Dec-2017,42.0,Male,Single,0,Self-Employed,88032.86,648.0,114962.79,24,10.37,Business,0,Delhi,0,2017,12,1,5324.580273839266,0.060484008742181794,0.10882564192507206,12827.136572142379,88032.86,Fair
LN100798,22/09/2020,40.0,Female,Divorced,1,Retired,90893.11,603.0,1022956.53,60,13.27,Education,0,Pune,1,2020,9,1,23417.012365502072,0.25763242522455304,0.9378750215500382,382064.2119301243,45446.555,Fair
LN100672,06/02/2016,19.0,Female,Single,1,Self-Employed,40273.74,508.0,69931.85,84,8.0,Business,1,Bengaluru,0,2016,6,3,1089.9713493676122,0.027064070765903843,0.14470109224190916,21625.74334687942,20136.87,Very_Poor
LN100649,20/04/2015,,Female,Married,0,Salaried,24179.07,730.0,58790.91,84,10.41,Auto,0,Delhi,0,2015,4,0,988.4974929850885,0.040882362017442705,0.20262328120974052,24242.879410747424,24179.07,Good
ln100783,07-Feb-2015,31.0,Female,Divorced,1,Unemployed,57730.23,597.0,262847.92,120,7.04,Business,3,Delhi,1,2015,2,5,3057.3057189370447,0.05295848845461112,0.37941981754331017,104028.76627244538,28865.115,Fair
LN101771,07-04-2017,54.0,Male,Married,1,Unemployed,64916.4,744.0,256686.93,60,13.47,Business,1,Bengaluru,1,2017,7,1,5902.3541006354135,0.09092238788095787,0.3295096077416492,97454.31603812479,32458.2,Very_Good
LN100726,29/01/2018,30.0,Female,Married,0,Self-Employed,37893.34,608.0,252028.0,12,12.37,Education,2,Hyderabad,0,2018,1,0,22435.857949204772,0.592079187245167,0.5542486709625843,17202.295390457264,37893.34,Fair
LN100202,06/10/2015,47.0,Male,Single,1,Salaried,44492.99,626.0,48888.44,60,12.91,Home,2,Mumbai,0,2015,6,2,1110.109928402461,0.024950220886536534,0.09156580995493148,17718.155704147663,22246.495,Fair
LN100780,03-22-2022,35.0,Male,Divorced,0,Retired,41773.26,643.0,99933.31,84,13.35,Auto,2,Pune,0,2022,3,1,1837.0511919008568,0.04397672558715448,0.1993566179257576,54378.99011967197,41773.26,Fair
LN100926,24/07/2017,31.0,Male,Married,2,Self-Employed,75799.83,695.0,174358.5,48,15.17,Home,3,Hyderabad,0,2017,7,0,4867.56010281448,0.06421597651095629,0.19168743518290213,59284.38493509503,25266.61,Good
LN100532,01/04/2023,31.0,Male,Divorced,2,Retired,42348.35,587.0,204687.88,48,10.29,Business,1,Delhi,0,2023,1,2,5219.956614607138,0.12326233760246004,0.40278601960485677,45870.03750114265,14116.116666666667,Fair
LN100408,14/03/2020,51.0,Female,Divorced,1,Unemployed,38308.52,744.0,174412.75,120,8.97,Personal,1,Chennai,0,2020,3,5,2206.554724595388,0.05759958162297547,0.37940374186560416,90373.81695144658,19154.26,Very_Good
LN100200,03-05-2021,36.0,Female,Single,2,Self-Employed,33777.45,589.0,179662.78,60,8.62,Personal,2,Mumbai,1,2021,3,4,3696.449775742169,0.10943543031644394,0.4432512914187819,42124.20654453014,11259.15,Fair
LN100474,2016-08-30,28.0,Female,Divorced,1,Salaried,37786.34,479.0,151754.71,48,10.84,Business,1,Delhi,0,2016,8,1,3910.3915181446964,0.10348690871210858,0.3346771831654861,35944.08287094542,18893.17,Very_Poor
LN101785,03/08/2016,57.0,Female,Single,1,Retired,51997.3,624.0,134443.22,48,10.63,Auto,3,Delhi,0,2016,3,1,3450.6410317768527,0.06636192709576945,0.21546506581431468,31187.549525288923,25998.65,Fair
LN101824,08-02-2022,39.0,Male,Single,0,Retired,55935.04,701.0,706169.99,36,9.69,Business,1,Bengaluru,1,2022,8,1,22683.411778880505,0.4055313409784011,1.0520685989795782,110432.83403969824,55935.04,Good
LN100796,2023-06-12,47.0,Female,Married,3,Salaried,128528.57,606.0,206628.81,12,13.4,Auto,1,Pune,0,2023,6,0,18494.192226950785,0.14389168281379605,0.133970738957105,15301.496723409422,32132.1425,Fair
LN100217,03-Oct-2018,41.0,Male,Single,2,Unemployed,66833.73,,178246.9,48,11.11,Business,0,Bengaluru,1,2018,10,2,4616.403609692614,0.06907296075937426,0.22225167341899565,43340.47326524547,22277.91,Fair
LN101451,11-25-2015,25.0,Female,Single,1,Salaried,49604.53,553.0,479050.67,120,13.05,Home,3,Hyderabad,1,2015,11,2,7166.873041943642,0.1444802126326697,0.8047831350617911,380974.09503323707,24802.265,Very_Poor
LN100254,2022-08-21,49.0,Male,Married,1,Salaried,43450.8,699.0,939817.41,36,11.76,Personal,0,Hyderabad,1,2022,8,6,31107.692224537517,0.7159291019851767,1.802455133162105,180059.51008335047,21725.4,Good
LN100153,2015-04-27,46.0,Male,Single,1,Salaried,37212.77,576.0,198320.14,60,10.49,Business,3,Pune,0,2015,4,0,4261.684745197161,0.11452210478277111,0.444113091643899,57380.94471182962,18606.385,Very_Poor
LN101622,2018-09-30,43.0,Female,Single,1,Retired,102586.44,599.0,308783.21,24,6.43,Auto,0,Delhi,0,2018,9,6,13745.266912521114,0.1339871713310367,0.250831729482636,21103.195900506747,51293.22,Fair
LN101003,08-Jun-2015,37.0,Male,Single,2,Retired,43521.58,622.0,113499.21,60,9.7,Business,1,Hyderabad,0,2015,6,0,2394.799246574748,0.05502555850625707,0.21732362428018467,30188.744794484883,14507.193333333335,Fair
LN101615,2022-08-19,48.0,Female,Married,3,Self-Employed,47311.81,491.0,283555.69,24,11.12,Personal,0,Chennai,1,2022,8,4,13231.667578823928,0.2796694436087719,0.49944487081203054,34004.33189177426,11827.9525,Very_Poor
LN101516,03-Nov-2019,,Male,Married,1,Retired,131473.73,574.0,390335.3,48,8.24,Home,0,Pune,0,2019,11,6,9573.235737304174,0.07281481811844977,0.24741019872689898,69180.01539060037,65736.865,Very_Poor
LN101038,2018-07-11,28.0,Male,Married,3,Salaried,93882.03,653.0,105591.83,84,11.56,Personal,2,Hyderabad,0,2018,7,2,1839.2281640533608,0.019590843573081673,0.09372740626365522,48903.33578048232,23470.5075,Fair
LN101171,20/03/2023,39.0,Male,Divorced,1,Salaried,203401.82,748.0,186107.11,60,11.12,Business,1,Hyderabad,0,2023,3,0,4057.5605284174308,0.019948496667421316,0.07624772400430505,57346.52170504586,101700.91,Very_Good
LN101698,05/01/2019,41.0,Male,Divorced,1,Salaried,165382.04,653.0,346464.11,36,11.02,Business,0,Chennai,0,2019,5,2,11346.04311044136,0.06860504992223677,0.1745776576868121,61993.44197588897,82691.02,Fair
LN101298,23-Mar-2019,24.0,Female,Single,1,Retired,68035.42,685.0,95326.45,84,11.87,Education,0,Bengaluru,0,2019,3,5,1676.150990902039,0.02463644658770445,0.1167608112558625,45470.23323577129,34017.71,Good
LN100531,2018-10-15,50.0,Female,Divorced,1,Unemployed,31062.17,686.0,254872.3,48,14.82,Home,0,Bengaluru,1,2018,10,0,7070.044345659873,0.22760947949418453,0.6837693030890415,84489.82859167393,15531.085,Good
LN101196,2022-09-05,45.0,Male,Married,1,Unemployed,54945.31,771.0,130440.44,12,13.13,Business,1,Delhi,0,2022,9,0,11658.458409934163,0.21218295810751023,0.19783374898907055,9461.060919209966,27472.655,Very_Good
LN101498,21/12/2020,48.0,Male,Married,2,Unemployed,75947.87,649.0,85831.01,12,5.64,Business,4,Bengaluru,0,2020,12,0,7372.8465632552225,0.09707772664664885,0.09417754792420995,2643.1487590626784,25315.956666666665,Fair
LN100241,11-Jun-2017,35.0,Female,Divorced,1,Salaried,56297.01,799.0,330151.43,48,8.41,Education,0,Pune,1,2017,6,6,8123.631041382414,0.1442995114906176,0.48870480273582323,59782.85998635588,28148.505,Very_Good
LN101681,17/08/2023,32.0,Male,Divorced,1,Retired,56930.8,627.0,181157.62,48,10.03,Auto,2,Hyderabad,0,2023,8,3,4597.226327760563,0.08075112817245785,0.265172250053281,39509.24373250705,28465.4,Fair
LN101115,17-Oct-2019,33.0,Female,Divorced,0,Unemployed,54176.38,683.0,279806.99,36,13.39,Home,0,Delhi,1,2019,10,3,9480.43109191702,0.1749919631381244,0.4303951125318205,61488.52930901275,54176.38,Good
LN100188,29/07/2017,27.0,Male,Single,1,Salaried,39534.21,654.0,177559.15,84,6.76,Business,0,Pune,0,2017,7,5,2659.055536650694,0.06725960975698501,0.37427321384019896,45801.515078658325,19767.105,Fair
LN100247,2016-08-08,32.0,Male,Single,2,Unemployed,20196.16,587.0,199359.52,84,13.38,Personal,0,Hyderabad,1,2016,8,0,3668.051198605828,0.18162121901420014,0.8225966388329927,108756.7806828896,6732.053333333333,Fair
LN100977,20/05/2020,44.0,Female,Married,1,Retired,136905.5,704.0,276743.91,120,12.59,Home,2,Delhi,0,2020,5,2,4065.4282944504166,0.029695142229131895,0.16845190660711218,211107.48533405003,68452.75,Good
LN101858,2021-12-05,41.0,Male,Single,1,Retired,107182.42,712.0,399601.95,120,10.62,Business,0,Hyderabad,1,2021,12,6,5418.911564780822,0.05055783928727139,0.310686794532163,250667.43777369865,53591.21,Good
LN101095,07/07/2017,51.0,Female,Married,1,Retired,41625.29,623.0,273007.71,120,15.42,Education,0,Bengaluru,1,2017,7,4,4475.048834200512,0.10750793169730498,0.5465581741292374,263998.1501040614,20812.645,Fair
LN100973,20-Feb-2023,29.0,Female,Divorced,3,Unemployed,38963.86,634.0,67921.83,84,5.94,Personal,0,Delhi,0,2023,2,0,990.285297255701,0.02541548237920219,0.14526672922035958,15262.13496947888,9740.965,Fair
LN100693,02-27-2020,,Female,Single,1,Unemployed,76807.58,616.0,325062.69,24,7.0,Auto,1,Bengaluru,1,2020,2,3,14553.797850549956,0.1894838745153793,0.35268078358932803,24228.45841319894,38403.79,Fair
LN100303,12/12/2016,42.0,Female,Single,1,Self-Employed,89198.85,526.0,120981.3,120,10.13,Business,1,Mumbai,0,2016,12,0,1607.497783828018,0.018021507943521895,0.11302584057978324,71918.43405936217,44599.425,Very_Poor
LN100284,2016-11-18,39.0,Male,Married,0,Salaried,32130.17,686.0,275907.49,120,12.56,Home,0,Bengaluru,0,2016,11,4,4048.2999876182994,0.1259968430798312,0.7155981693633533,209888.5085141959,32130.17,Good
LN101669,22/02/2018,32.0,Female,Divorced,0,Retired,110851.24,676.0,212419.19,120,12.16,Personal,0,Chennai,1,2018,2,3,3067.276636838141,0.02767020591594772,0.15968787689399475,155654.0064205769,110851.24,Good
LN100506,15-Mar-2022,45.0,Male,Divorced,1,Salaried,88909.39,693.0,417832.53,24,11.1,Personal,0,Delhi,1,2022,3,1,19493.596685546032,0.21925239488816683,0.39162767284760364,50013.79045310477,44454.695,Good
LN100578,2016-10-29,31.0,Female,Single,0,Salaried,21221.4,640.0,203630.57,12,11.48,Education,0,Chennai,1,2016,10,5,18042.68247737543,0.8502116956174158,0.7996274593884789,12881.619728505146,21221.4,Fair
LN100322,2022-12-22,38.0,Male,Divorced,2,Self-Employed,42772.59,779.0,42425.58,12,9.36,Business,2,Delhi,0,2022,12,3,3717.227966645707,0.08690677760326666,0.0826572578373206,2181.155599748483,14257.529999999999,Very_Good
LN101550,04-05-2016,39.0,Male,Divorced,0,Unemployed,63846.11,562.0,241369.01,36,10.33,Education,1,Pune,1,2016,4,1,7825.726974935298,0.12257171149401738,0.31504008884279194,40357.16109767073,63846.11,Very_Poor
LN101321,2017-03-24,40.0,Female,Single,0,Retired,72281.34,719.0,362275.39,120,14.02,Education,1,Bengaluru,0,2017,3,4,5629.276247063256,0.07788007592365134,0.41766818148824214,313237.7596475907,72281.34,Good
LN100921,2016-04-16,38.0,Female,Single,3,Retired,29617.12,688.0,313733.9,60,9.58,Home,2,Delhi,0,2016,4,5,6601.257311750491,0.22288653696748675,0.8827492905004494,82341.53870502941,7404.28,Good
LN100622,2015-03-26,45.0,Female,Single,0,Self-Employed,39215.76,683.0,,84,12.18,Auto,2,Chennai,1,2015,3,3,3549.824991875937,0.09052036711454621,0.4249992010015021,98185.29931757873,39215.76,Good
LN101166,10/10/2021,37.0,Male,Divorced,4,Self-Employed,36105.39,484.0,145972.91,36,7.59,Personal,1,Bengaluru,1,2021,10,6,4546.683441949991,0.12592810774097693,0.33691393907299344,17707.693910199683,7221.0779999999995,Very_Poor
LN101160,09-04-2020,23.0,Female,Single,2,Self-Employed,41291.13,487.0,78978.66,120,13.56,Home,1,Pune,0,2020,9,4,1205.4654308745803,0.02919429501867787,0.1593939182579891,65677.19170494963,13763.71,Very_Poor
LN100123,05-Jun-2022,39.0,Female,Married,0,Self-Employed,,595.0,248661.39,36,6.22,Education,3,Hyderabad,1,2022,6,6,7589.536080361237,0.15811533500752575,0.43170380208333337,24561.908893004525,48000.0,Fair
LN101753,12-14-2020,65.0,Male,Single,1,Retired,62583.76,628.0,221775.06,60,12.0,Education,1,Delhi,0,2020,12,0,4933.257679484392,0.07882648277259774,0.29530432495586717,74220.4007690635,31291.88,Fair
LN100511,30/03/2018,46.0,Male,Single,1,Retired,57687.1,854.0,109474.04,36,12.55,Education,1,Bengaluru,0,2018,3,4,3664.9214526386154,0.06353103991427227,0.15814344397043129,22463.132294990166,28843.55,Exceptional
LN100281,05-21-2018,37.0,Male,Single,2,Unemployed,114927.04,762.0,190345.7,120,15.0,Personal,1,Delhi,0,2018,5,0,3070.9406412180883,0.026720784257717668,0.13801923086739784,178167.17694617057,38309.01333333333,Very_Good
LN101314,30/09/2019,51.0,Male,Married,0,Salaried,89521.46,656.0,452416.45,120,8.7,Business,1,Bengaluru,1,2019,9,0,5657.821015913431,0.06320072322226906,0.4211433865503683,226522.07190961175,89521.46,Fair
LN101304,18-Sep-2017,39.0,Male,Single,1,Salaried,91898.41,732.0,204159.05,60,11.39,Home,1,Chennai,0,2017,9,0,4478.717881873066,0.04873553178855941,0.18513110473474642,64564.02291238401,45949.205,Good
LN101455,06-16-2019,36.0,Male,Married,2,Retired,38365.59,745.0,137868.16,60,10.87,Business,4,Bengaluru,0,2019,6,6,2988.653155710285,0.0778993143520088,0.2994614010453986,41451.02934261708,12788.529999999999,Very_Good
LN101051,21-Sep-2019,52.0,Female,Divorced,1,Unemployed,34302.69,733.0,705996.62,84,14.64,Education,0,Mumbai,1,2019,9,5,13481.233322464708,0.3930080504609028,1.7151148107237848,426426.9790870355,17151.345,Good
LN101083,18-Dec-2016,30.0,Male,Single,1,Retired,45446.96,456.0,232604.3,36,12.05,Auto,1,Bengaluru,1,2016,12,6,7731.329421702723,0.17011763650864048,0.42651239305481964,45723.55918129807,22723.48,Very_Poor
LN101718,30/08/2016,36.0,Male,Single,3,Salaried,71159.53,662.0,191420.17,12,12.28,Personal,0,Chennai,0,2016,8,1,17032.4028053587,0.23935518974561382,0.22416787791225343,12968.66366430439,17789.8825,Fair
LN100757,30-Sep-2017,48.0,Male,Divorced,0,Salaried,21020.44,552.0,154123.05,60,9.08,Education,1,Hyderabad,0,2017,9,5,3205.3227965541173,0.15248599917766315,0.6110046935268719,38196.31779324706,21020.44,Very_Poor
LN100678,2015-10-04,,Female,Divorced,1,Self-Employed,113145.98,572.0,181939.08,12,8.27,Home,0,Pune,0,2015,10,6,15849.132360631718,0.14007684904608825,0.13400025347785224,8250.50832758064,56572.99,Very_Poor
LN100519,17/09/2017,41.0,Female,Divorced,2,Salaried,137876.42,524.0,461299.85,36,11.54,Personal,0,Hyderabad,1,2017,9,6,15220.566960107144,0.11039282105023573,0.27881238986816353,86640.5605638572,45958.80666666667,Very_Poor
LN100842,2016-08-07,48.0,Female,Single,0,Salaried,,704.0,530221.56,48,7.37,Auto,2,Delhi,1,2016,8,6,12787.994517075538,0.2664165524390737,0.9205235416666667,83602.17681962578,48000.0,Good
LN101584,17/09/2018,18.0,Female,Divorced,1,Salaried,65659.95,565.0,75221.72,36,7.04,Education,3,Bengaluru,0,2018,9,0,2323.9943694184003,0.03539439748916044,0.09546880048898404,8442.07729906241,32829.975,Very_Poor
LN100068,2021-09-15,35.0,Male,Single,1,Unemployed,28190.41,881.0,207202.72,48,11.04,Business,0,Chennai,1,2021,9,2,5359.278723769453,0.19010999569603468,0.6125094786962423,50042.65874093372,14095.205,Exceptional
LN100333,05-27-2020,32.0,Female,Divorced,1,Self-Employed,41338.36,688.0,209820.89,84,9.22,Business,0,Chennai,0,2020,5,2,3399.2943527099537,0.08223099205459418,0.4229745487403629,75719.83562763612,20669.18,Good
LN100569,04-Mar-2023,38.0,Male,Single,1,Retired,23556.64,490.0,256972.02,48,9.85,Education,0,Hyderabad,0,2023,3,5,6498.964988862071,0.2758867558727421,0.9090572764197271,54978.299465379416,11778.32,Very_Poor
LN100936,10-Dec-2016,36.0,Female,Single,1,Retired,85527.78,644.0,358526.97,48,8.92,Education,0,Pune,0,2016,12,5,8908.324921477673,0.10415709283554038,0.34932799027403727,69072.62623092835,42763.89,Fair
LN101840,17-Apr-2015,40.0,Female,Single,0,Salaried,33776.69,598.0,117749.14,60,10.01,Auto,1,Pune,0,2015,4,4,2502.3967825357977,0.07408650115022512,0.29050887855895097,32394.66695214786,33776.69,Fair
LN101503,25/08/2017,48.0,Male,Divorced,1,Self-Employed,83610.83,546.0,68074.0,24,8.82,Education,0,Hyderabad,0,2017,8,4,3104.307956673704,0.037128060523663076,0.06784806864533378,6429.390960168908,41805.415,Very_Poor
LN101082,2022-09-04,41.0,Male,Married,1,Salaried,,745.0,303631.02,60,13.06,Business,1,Mumbai,0,2022,9,6,6917.860695691613,0.1441220978269086,0.5271371875,111440.62174149673,24000.0,Very_Good
LN100473,02-May-2020,68.0,Female,Married,0,Retired,42074.4,715.0,126063.13,12,4.73,Auto,0,Pune,0,2020,5,5,10776.13255430834,0.2561208847733619,0.24968296240310814,3250.4606517000793,42074.4,Good
LN101199,02-04-2020,48.0,Female,Single,1,Self-Employed,103861.89,668.0,171711.96,36,13.53,Education,0,Chennai,0,2020,2,1,5829.574889142341,0.056128141796209764,0.13777267099606988,38152.73600912429,51930.945,Fair
LN100512,05-12-2022,25.0,Female,Divorced,2,Unemployed,49245.36,476.0,123995.03,12,18.65,Business,0,Pune,1,2022,5,3,11406.199655166924,0.23161978418204118,0.20982523361930272,12879.365862003091,16415.12,Very_Poor
LN100478,06-04-2020,44.0,Female,Married,1,Retired,66827.46,477.0,212157.77,84,9.59,Business,1,Delhi,1,2020,6,3,3477.2852765206812,0.052033778876537894,0.26455912235279727,79934.19322773724,33413.73,Very_Poor
LN100976,05-17-2021,32.0,Female,Single,0,Unemployed,25489.51,703.0,296132.39,12,9.15,Business,0,Delhi,0,2021,5,0,25917.54659026928,1.0167926566759926,0.9681511793152033,14878.169083231362,25489.51,Good
LN101470,2023-04-01,53.0,Female,Single,1,Unemployed,81454.3,450.0,181474.49,84,10.93,Auto,2,Pune,1,2023,4,5,3100.6074766684674,0.03806560828180301,0.18566084499733795,78976.53804015127,40727.15,Very_Poor
LN100319,16/10/2017,45.0,Male,Divorced,2,Salaried,34128.11,702.0,150649.58,12,9.64,Personal,2,Hyderabad,0,2017,10,0,13219.149913132966,0.38733905607819963,0.3678531177573755,7980.2189575956145,11376.036666666667,Good
LN101028,13-Feb-2019,40.0,Male,Single,2,Salaried,25306.02,678.0,757929.97,84,4.99,Personal,1,Hyderabad,1,2019,2,2,10708.926572607535,0.42317703742459445,2.4958816452896717,141619.86209903297,8435.34,Good
LN101808,06/12/2015,,Male,Single,3,Self-Employed,54544.0,708.0,192313.14,120,14.18,Business,0,Pune,0,2015,6,4,3006.825232076643,0.055126599297386385,0.29381957685538285,168505.88784919714,13636.0,Good
LN101065,2018-05-04,42.0,Female,Single,2,Unemployed,31205.62,734.0,269255.69,36,10.04,Personal,0,Chennai,1,2018,5,4,8693.15633757775,0.27857662618392937,0.7190363199534785,43697.938152798975,10401.873333333333,Good
LN100582,2020-04-05,51.0,Male,Single,1,Salaried,90582.39,619.0,56627.79,84,9.3,Auto,0,Delhi,0,2020,4,6,919.733048100893,0.010153552452092433,0.05209602550782774,20629.786040475017,45291.195,Fair
LN100133,16-Sep-2019,38.0,Male,Single,0,Retired,46655.92,732.0,162236.08,36,11.8,Education,1,Delhi,0,2019,9,0,5373.06241309343,0.11516357223463669,0.28977401653066387,31194.1668713635,46655.92,Good
LN101814,09-27-2022,21.0,Female,Single,2,Self-Employed,59413.9,626.0,207475.46,120,8.64,Auto,1,Delhi,0,2022,9,1,2587.9577846743127,0.04355811997990895,0.2910029751735985,103079.47416091754,19804.633333333335,Fair
LN101412,09-06-2015,32.0,Female,Divorced,2,Unemployed,30902.54,803.0,136103.81,60,13.03,Business,3,Hyderabad,1,2015,9,6,3098.867119270219,0.10027871881308847,0.36702433413779795,49828.217156213155,10300.846666666666,Exceptional
LN101344,17-Mar-2016,31.0,Male,Married,0,Self-Employed,31808.75,478.0,290191.64,24,10.18,Home,2,Delhi,0,2016,3,3,13414.933759782873,0.42173721884018933,0.7602510839522668,31766.770234788943,31808.75,Very_Poor
LN101427,05-24-2019,62.0,Female,Single,0,Unemployed,75510.65,,180195.82,36,11.09,Home,4,Delhi,0,2019,5,4,5907.047969556309,0.07822801114222046,0.19886358193623463,32457.906904027128,75510.65,Fair
LN100605,08-29-2020,45.0,Female,Single,1,Salaried,46112.45,798.0,1177770.61,60,13.12,Education,0,Hyderabad,1,2020,8,5,26870.27655504005,0.5827119694364549,2.1284393007383766,434445.983302403,23056.225,Very_Good
LN100369,07-Feb-2019,47.0,Female,Divorced,0,Self-Employed,32399.62,468.0,220035.6,120,13.38,Business,0,Hyderabad,1,2019,2,3,3334.8674826409724,0.10292921591799449,0.5659418227744647,180148.4979169167,32399.62,Very_Poor
LN100733,08-12-2017,43.0,Male,Married,2,Retired,131422.45,691.0,304490.41,84,12.72,Home,2,Bengaluru,0,2017,8,5,5493.028973621019,0.0417967323970982,0.19307356416908472,156924.02378416562,43807.48333333334,Good
LN101430,01-31-2018,,Male,Divorced,1,Self-Employed,67426.28,663.0,607228.01,24,8.77,Auto,1,Mumbai,1,2018,1,2,27676.87442560848,0.4104760699479265,0.7504838494229056,57016.97621460352,33713.14,Fair
LN100126,10/01/2017,34.0,Male,Divorced,2,Salaried,61498.55,760.0,619320.13,120,6.39,Business,1,Mumbai,1,2017,10,6,6997.633996515869,0.11378534935402328,0.8392069542019012,220395.94958190422,20499.516666666666,Very_Good
LN100928,06-Sep-2021,41.0,Female,Married,2,Unemployed,53790.83,654.0,176508.8,84,6.04,Education,4,Pune,0,2021,9,0,2581.9195475207152,0.047999250941484176,0.27344933451792186,40372.44199174008,17930.27666666667,Fair
LN100833,01-30-2023,31.0,Male,Married,2,Self-Employed,36448.25,708.0,237969.6,24,7.03,Business,3,Pune,0,2023,1,0,10657.678659389307,0.29240577145375446,0.5440809915428039,17814.687825343368,12149.416666666666,Good
LN101547,04-Aug-2018,33.0,Female,Married,2,Salaried,78943.74,687.0,158931.54,60,10.16,Education,0,Chennai,0,2018,8,5,3389.346119944829,0.042933690751728114,0.1677687806531588,44429.227196689724,26314.58,Good
LN100257,25-Jul-2020,41.0,Female,Single,0,Salaried,42243.02,641.0,406919.2,24,10.45,Business,2,Bengaluru,0,2020,7,5,18861.8032220477,0.4465069784794672,0.8027345898407201,45764.077329144755,42243.02,Fair
LN100551,2022-11-23,49.0,Female,Single,1,Salaried,48145.81,719.0,205707.07,24,5.48,Personal,0,Bengaluru,0,2022,11,2,9068.861701587219,0.18836242866382805,0.3560487575831279,11945.610838093242,24072.905,Good
LN101310,2019-10-04,44.0,Male,Single,1,Unemployed,56401.44,758.0,55977.68,84,11.11,Personal,1,Hyderabad,0,2019,10,4,961.7140948372381,0.017051232997548255,0.0827072263876005,24806.303966328,28200.72,Very_Good
LN100290,2019-01-17,46.0,Female,Married,3,Self-Employed,28025.3,716.0,215282.97,84,9.08,Business,0,Mumbai,0,2019,1,3,3472.44747778731,0.1239040252124798,0.6401447085312201,76402.61813413407,7006.325,Good
LN101345,19-Nov-2019,56.0,Male,Divorced,1,Unemployed,51722.23,623.0,150302.12,24,6.46,Business,1,Hyderabad,0,2019,11,1,6692.630417052113,0.1293956277030614,0.24216234811736978,10321.01000925072,25861.115,Fair
LN100778,2016-11-29,40.0,Female,Single,1,Retired,27588.28,632.0,334773.84,36,12.93,Business,0,Mumbai,0,2016,11,1,11268.545716918234,0.4084540869136544,1.0112199818183665,70893.80580905639,13794.14,Fair
LN100082,19/08/2016,42.0,Male,Single,1,Salaried,54385.01,674.0,81330.47,48,7.76,Education,4,Bengaluru,0,2016,8,4,1976.3593397123682,0.03634014850254451,0.12462145665996323,13534.778306193679,27192.505,Good
LN100054,01-04-2018,30.0,Male,Divorced,1,Unemployed,65205.52,581.0,56194.97,48,6.12,Personal,0,Hyderabad,0,2018,1,3,1322.8296386277748,0.020287080581947278,0.07181775663573678,7300.8526541331885,32602.76,Fair
LN101226,12-28-2015,23.0,Male,Divorced,2,Retired,33686.61,580.0,464682.8,36,5.26,Personal,3,Hyderabad,1,2015,12,0,13981.187600973946,0.41503694200674823,1.1495239997929938,38639.95363506209,11228.87,Fair
LN101134,2023-05-03,31.0,Female,Married,0,Self-Employed,21589.3,683.0,43437.97,48,14.99,Auto,1,Hyderabad,0,2023,5,2,1208.689545730846,0.055985582938346594,0.16766781847180473,14579.128195080608,21589.3,Good
LN100558,17-Sep-2019,41.0,Male,Single,1,Salaried,38753.03,668.0,183926.33,48,13.86,Business,0,Chennai,0,2019,9,1,5013.14441203403,0.1293613534744001,0.39550956832708734,56704.60177763345,19376.515,Fair
LN100449,26-Dec-2017,39.0,Male,Divorced,2,Retired,78297.98177062735,,107480.89,48,13.23,Business,0,Mumbai,0,2017,12,1,2895.7235332390082,0.03698337387190877,0.11439299750499264,31513.839595472396,26099.327256875782,Fair
LN100041,21-Dec-2016,41.0,Male,Married,2,Retired,56351.35,429.0,105777.63,84,10.67,Home,5,Chennai,0,2016,12,2,1792.8676570889518,0.03181587765135976,0.15642575554977833,44823.253195471945,18783.783333333333,Very_Poor
LN101103,2020-06-20,21.0,Male,Divorced,2,Unemployed,18473.85,816.0,161490.5,36,7.69,Education,0,Delhi,0,2020,6,5,5037.4430431115925,0.2726796549236674,0.7284643789284133,19857.449552017322,6157.95,Exceptional
LN101184,03-Sep-2022,40.0,Male,Married,2,Salaried,23741.78,563.0,112586.98,60,9.01,Personal,2,Bengaluru,0,2022,9,5,2337.662855936405,0.0984619879358837,0.39517880855324805,27672.7913561843,7913.926666666666,Very_Poor
LN100262,31/08/2023,27.0,Female,Divorced,0,Unemployed,78168.05,593.0,98160.7,24,8.73,Personal,2,Pune,0,2023,8,3,4472.272285824854,0.057213558299392835,0.10464708193863519,9173.834859796509,78168.05,Fair
LN100669,09-15-2017,45.0,Male,Single,0,Unemployed,83696.86,715.0,235319.67,24,11.12,Auto,2,Delhi,0,2017,9,4,10980.811734719715,0.13119741570615331,0.23429758894180738,28219.811633273173,83696.86,Good
LN100985,03-09-2017,31.0,Female,Divorced,2,Salaried,120663.89,831.0,716278.26,60,10.42,Business,1,Bengaluru,0,2017,3,3,15367.219847012228,0.12735558125145996,0.4946786897057604,205754.93082073366,40221.29666666667,Exceptional
LN100084,07/08/2022,53.0,Male,Single,0,Retired,54083.12,742.0,70270.53,60,11.8,Education,0,Chennai,0,2022,7,4,1556.0344610578845,0.028771166697814113,0.10827551184177243,23091.53766347308,54083.12,Very_Good
LN101514,2015-08-08,23.0,Male,Married,1,Salaried,106261.2,665.0,218289.01,12,5.91,Personal,3,Chennai,0,2015,8,5,18778.017782465766,0.1767156571021762,0.17118902132983005,7047.20338958918,53130.6,Fair
LN101272,02-13-2015,38.0,Male,Single,2,Salaried,65602.25,487.0,400582.58,24,9.77,Personal,0,Hyderabad,1,2015,2,4,18442.27236785133,0.2811225585685145,0.5088526943308601,42031.95682843187,21867.416666666668,Very_Poor
LN101634,2022-03-23,37.0,Female,Married,2,Salaried,38074.12,677.0,158266.52,12,9.6,Personal,1,Pune,0,2022,3,2,13884.577034364791,0.3646723032433787,0.3464000393618202,8348.40441237751,12691.373333333335,Good
LN101230,2017-06-07,28.0,Male,Single,0,Unemployed,130748.93,578.0,86218.05,48,11.96,Auto,1,Pune,0,2017,6,2,2268.755295774534,0.01735199894771249,0.05495140572087283,22682.20419717762,130748.93,Very_Poor
LN100893,2018-01-31,54.0,Male,Divorced,3,Unemployed,39242.94,794.0,371122.85,24,10.54,Personal,0,Hyderabad,1,2018,1,2,17218.007714719242,0.4387542756663808,0.7880883584835047,42109.33515326184,9810.735,Very_Good
LN100031,25/09/2016,31.0,Male,Single,0,Self-Employed,41038.08,735.0,549511.61,120,12.09,Education,1,Pune,1,2016,9,6,7912.507995385201,0.19280892272214492,1.115857129930705,399989.34944622417,41038.08,Good
LN100514,11/10/2023,40.0,Male,Divorced,1,Self-Employed,39215.99,631.0,257109.49,12,14.12,Personal,3,Mumbai,0,2023,11,4,23099.486224199267,0.5890323366616339,0.5463534347426479,20084.34469039121,19607.995,Fair
LN101052,15/05/2021,29.0,Female,Married,0,Retired,27027.96,608.0,194934.99,120,11.82,Personal,2,Bengaluru,0,2021,5,5,2776.5031419596403,0.10272707011404636,0.6010288049856518,138245.38703515683,27027.96,Fair
LN101359,2020-09-23,47.0,Male,Single,3,Self-Employed,54465.23,577.0,273578.07,24,9.79,Home,1,Pune,0,2020,9,2,12597.681210998695,0.23129767763761752,0.4185821394676934,28766.279063968686,13616.3075,Very_Poor
LN101762,2022-05-27,31.0,Male,Married,3,Self-Employed,95714.47,466.0,367225.72,36,9.14,Education,0,Chennai,1,2022,5,4,11701.584793858683,0.1222551281311873,0.3197232699855448,54031.33257891261,23928.6175,Very_Poor
LN101485,02-Sep-2017,32.0,Male,Married,1,Unemployed,17585.22,567.0,77719.91,12,11.04,Personal,1,Pune,1,2017,9,5,6870.405586325641,0.39069204629374216,0.368301287482708,4724.95703590769,8792.61,Very_Poor
LN101280,18/01/2017,40.0,Female,Divorced,1,Salaried,,633.0,355997.99,48,10.31,Auto,0,Delhi,0,2017,1,2,9082.102572923128,0.18921047026923182,0.6180520659722222,79942.93350031017,24000.0,Fair
LN101480,11-07-2018,56.0,Female,Married,0,Self-Employed,280638.83,621.0,151681.05,24,6.09,Business,0,Hyderabad,0,2018,11,2,6728.697511875298,0.023976359621636457,0.0450404083426374,9807.690285007178,280638.83,Fair
LN101676,11-29-2017,30.0,Female,Single,2,Self-Employed,64380.78,563.0,174093.94,12,11.97,Education,1,Chennai,1,2017,11,2,15465.470244572942,0.24021874610051233,0.22534409078817208,11491.702934875299,21460.26,Very_Poor
LN101610,05-Aug-2015,27.0,Male,Married,2,Salaried,103725.79,733.0,83080.84,48,11.11,Auto,1,Chennai,0,2015,8,2,2151.7046841897086,0.020744162895165306,0.06674717380637288,20200.984841106023,34575.26333333333,Good
LN101576,11-21-2023,41.0,Male,Married,2,Unemployed,44736.2,538.0,310477.52,24,12.39,Personal,1,Hyderabad,1,2023,11,1,14671.813000215774,0.32796288017792696,0.5783487794373834,41645.99200517859,14912.066666666666,Very_Poor
LN101934,30/12/2021,40.0,Female,Single,0,Salaried,39055.9,866.0,182659.53,36,12.05,Business,2,Hyderabad,0,2021,12,3,6071.259209066175,0.15545050066868704,0.389739514388351,35905.8015263823,39055.9,Exceptional
LN101975,16-Jul-2019,28.0,Male,Single,1,Salaried,113194.16,504.0,255868.58,48,13.07,Personal,0,Mumbai,0,2019,7,1,6873.196118163997,0.060720412768326536,0.188369980100269,74044.8336718719,56597.08,Very_Poor
LN100049,08-02-2015,64.0,Female,Single,0,Salaried,41966.96,593.0,42852.06,36,13.55,Personal,2,Hyderabad,0,2015,8,6,1455.23059395476,0.03467562563394537,0.08509086671991489,9536.241382371365,41966.96,Fair
LN100872,2022-07-03,24.0,Male,Divorced,1,Retired,65111.08930027533,647.0,144549.86,24,14.05,Home,3,Chennai,0,2022,7,6,6943.648866027586,0.10664310704441285,0.18500414900316722,22097.712784662086,32555.544650137665,Fair
LN101956,04-Mar-2020,23.0,Female,Single,3,Salaried,104869.01,593.0,228251.14,36,11.89,Home,1,Delhi,0,2020,3,2,7569.200011255703,0.07217766250730986,0.18137797175098092,44240.060405205295,26217.2525,Fair
LN100468,25/09/2023,42.0,Male,Divorced,1,Self-Employed,30304.68,662.0,182963.85,36,7.75,Home,2,Delhi,0,2023,9,0,5712.322399226722,0.18849637743169445,0.5031231974731295,22679.756372161995,15152.34,Fair
LN100894,09/12/2017,50.0,Male,Single,1,Salaried,108469.42,588.0,348302.71,24,13.3,Home,0,Mumbai,1,2017,9,1,16608.013292299413,0.15311240064065443,0.26758902032787985,50289.60901518591,54234.71,Fair
LN100154,03-14-2022,28.0,Female,Divorced,1,Retired,45815.54,693.0,76433.52,12,11.57,Personal,1,Pune,0,2022,3,0,6775.604533901656,0.14788878476389575,0.13902400801125558,4873.734406819873,22907.77,Good
LN101651,15-Feb-2018,26.0,Female,Married,1,Self-Employed,45654.49,677.0,113858.07,60,8.36,Home,3,Delhi,0,2018,2,3,2328.2931406720163,0.05099811958631049,0.20782561583756604,25839.51844032097,22827.245,Good
LN101976,2023-09-14,54.0,Male,Divorced,2,Self-Employed,58925.96,606.0,261819.37,84,14.45,Personal,0,Chennai,0,2023,9,3,4971.81019143887,0.08437385137957651,0.37026602253630375,155812.6860808651,19641.986666666668,Fair
LN100395,04-21-2016,41.0,Female,Single,1,Retired,53948.69,695.0,547497.95,84,12.7,Personal,2,Delhi,1,2016,4,3,9870.977531960323,0.18296973535335748,0.8457078228714481,281664.16268466716,26974.345,Good
LN100124,10-01-2019,39.0,Male,Single,2,Retired,64321.49,654.0,204518.6,24,8.89,Business,1,Hyderabad,0,2019,10,1,9333.01270039296,0.14509944810658085,0.26496924537455,19473.704809431016,21440.496666666666,Fair
LN100356,2015-01-31,63.0,Male,Divorced,0,Self-Employed,23395.01,763.0,443524.63,48,8.08,Home,1,Pune,1,2015,1,5,10844.366855674496,0.4635333285035782,1.5798405657160794,77004.9790723758,23395.01,Very_Good
LN100135,28-Jun-2015,38.0,Male,Divorced,0,Unemployed,25440.1,554.0,160547.11,24,9.17,Business,0,Chennai,0,2015,6,6,7347.045565497031,0.2887978256963232,0.5258991054804554,15781.983571928751,25440.1,Very_Poor
LN100269,08-05-2022,45.0,Male,Married,1,Unemployed,53081.27,631.0,294294.72,120,6.59,Education,4,Pune,1,2022,8,4,3355.145634060691,0.0632077121376465,0.4620190888424485,108322.75608728296,26540.635,Fair
LN100386,01-02-2017,46.0,Female,Single,2,Unemployed,32326.65,637.0,344869.58,60,11.89,Personal,1,Hyderabad,1,2017,1,0,7652.267491968186,0.23671699640909855,0.8890228856583241,114266.46951809112,10775.550000000001,Fair
LN100610,2019-09-25,38.0,Male,Married,1,Self-Employed,40705.17,517.0,238070.14,48,16.68,Education,1,Chennai,1,2019,9,2,6830.165938549905,0.16779603029664059,0.4873871877536277,89777.82505039545,20352.585,Very_Poor
LN100221,28-Dec-2020,44.0,Female,Married,1,Retired,44190.33,706.0,81750.19,24,8.91,Business,2,Pune,0,2020,12,0,3731.3422965003256,0.08443798216714665,0.15416304502214248,7802.025116007804,22095.165,Good
LN100042,22-Feb-2021,22.0,Male,Single,3,Retired,64070.92,745.0,584761.7,12,8.52,Business,1,Chennai,1,2021,2,0,51007.62821553305,0.7961119992585255,0.7605656617177755,27329.838586396654,16017.73,Very_Good
LN100220,07-24-2016,57.0,Male,Single,0,Self-Employed,,714.0,80395.13,84,8.13,Home,2,Hyderabad,1,2016,7,6,1258.2674280163023,0.026213904750339634,0.13957487847222222,25299.333953369394,48000.0,Good
LN100598,12-15-2018,34.0,Male,Single,0,Salaried,51963.11,746.0,69246.38,48,5.1,Business,1,Hyderabad,0,2018,12,5,1597.826829757153,0.030749253263654793,0.11105054463958501,7449.307828343342,51963.11,Very_Good
LN101317,09/03/2020,,Male,Married,0,Salaried,34116.63,599.0,175825.85,48,11.4,Auto,1,Bengaluru,0,2020,9,3,4578.533087975847,0.13420238423243583,0.4294724938150887,43943.73822284062,34116.63,Fair
LN101476,09-24-2023,51.0,Female,Divorced,0,Salaried,51322.22,589.0,72669.59,48,9.61,Auto,0,Pune,1,2023,9,6,1829.5038036771962,0.03564740191825677,0.11799565893031647,15146.592576505413,51322.22,Fair
LN101696,2017-10-26,19.0,Female,Single,2,Salaried,23832.27,411.0,154117.86,84,10.59,Personal,0,Bengaluru,1,2017,10,3,2605.764300249989,0.10933764598378538,0.5388976794908752,64766.34122099908,7944.09,Very_Poor
LN100681,05-31-2021,25.0,Female,Divorced,0,Salaried,51768.73,684.0,87233.92,24,13.78,Home,0,Hyderabad,0,2021,5,0,4179.278159339601,0.08072977952790422,0.14042247768746371,13068.75582415043,51768.73,Good
LN100929,27-Sep-2017,31.0,Female,Single,0,Salaried,57844.84,577.0,96954.17,12,4.81,Auto,1,Chennai,0,2017,9,2,8291.394332096002,0.14333852997252655,0.13967562476906611,2542.5619851520314,57844.84,Very_Poor
LN100542,18/10/2015,,Female,Divorced,2,Salaried,42853.47,648.0,603879.14,36,13.87,Auto,2,Chennai,1,2015,10,6,20601.009179022934,0.48073141285928384,1.1743100772625104,137757.19044482557,14284.49,Fair
LN101496,2017-02-18,35.0,Male,Married,0,Unemployed,30046.12,718.0,471113.0,120,10.9,Auto,1,Delhi,1,2017,2,5,6462.939853019151,0.2151006470392567,1.3066384833271871,304439.7823622981,30046.12,Good
LN101227,26-Feb-2019,37.0,Female,Divorced,0,Salaried,37354.51,602.0,380547.18,60,13.32,Personal,2,Hyderabad,1,2019,2,1,8721.073940730734,0.23346776442070136,0.8489541155806889,142717.256443844,37354.51,Fair
LN101434,11-06-2017,52.0,Male,Married,1,Self-Employed,21873.9,784.0,166450.24,120,7.55,Auto,1,Mumbai,0,2017,11,0,1980.1384261229434,0.09052516588824779,0.6341280399623903,71166.37113475322,10936.95,Very_Good
LN101984,09-Jan-2019,,Male,Single,1,Self-Employed,49535.3,464.0,108384.34,24,12.97,Business,1,Delhi,1,2019,1,2,5151.2444303906295,0.10399138453568726,0.18233518992179984,15245.526329375105,24767.65,Very_Poor
LN101569,10-02-2019,39.0,Female,Single,2,Salaried,37226.42,774.0,456636.67,48,14.55,Auto,1,Bengaluru,1,2019,10,2,12604.60495453888,0.33859299267936266,1.0222056226017258,148384.3678178662,12408.806666666665,Very_Good
LN101892,2020-07-01,50.0,Female,Divorced,0,Self-Employed,56187.92,607.0,182097.42,120,12.09,Business,2,Bengaluru,0,2020,7,2,2622.050681857326,0.046665736725212924,0.2700720190389678,132548.66182287908,56187.92,Fair
LN101354,12-31-2023,29.0,Male,Married,1,Self-Employed,26338.58,607.0,130922.84,60,3.87,Home,1,Delhi,1,2023,12,6,2403.4590154013486,0.09125241434433247,0.4142302533647093,13284.700924080913,13169.29,Fair
LN101472,18-Apr-2015,43.0,Male,Single,1,Retired,56249.18,644.0,139912.09,24,9.09,Auto,2,Hyderabad,0,2015,4,5,6397.594581798471,0.11373667281546987,0.20728019205494785,13630.179963163304,28124.59,Fair
LN101319,21-Jan-2023,43.0,Female,Single,3,Retired,90999.64,568.0,140465.65,48,6.19,Business,0,Pune,0,2023,1,5,3311.0780319078285,0.03638561682120752,0.12863205649311726,18466.09553157576,22749.91,Very_Poor
LN101661,02-04-2015,,Female,Divorced,2,Self-Employed,105281.12,477.0,314627.1,48,7.12,Auto,1,Chennai,0,2015,2,2,7551.643430574958,0.07172837286091711,0.24903729177653125,47851.784667598025,35093.706666666665,Very_Poor
LN101922,2017-06-03,30.0,Female,Divorced,1,Salaried,26932.07,592.0,64267.48,36,13.05,Home,0,Chennai,0,2017,6,5,2166.9689201998976,0.0804605409164575,0.19885672855199524,13743.401127196317,13466.035,Fair
LN101880,09-Jul-2022,27.0,Male,Divorced,2,Retired,74628.96,666.0,387307.08,36,7.56,Education,4,Delhi,1,2022,7,5,12058.286543417546,0.1615765051987532,0.4324807688597027,46791.23556303163,24876.320000000003,Fair
LN101289,02-27-2017,40.0,Female,Married,2,Unemployed,49230.1,648.0,123542.43,120,7.8,Home,2,Chennai,0,2017,2,0,1485.8852593955658,0.03018245462421498,0.20912414356257655,54763.80112746789,16410.033333333333,Fair
LN101921,25-Jan-2017,47.0,Male,Divorced,2,Salaried,107456.66,679.0,213462.41,24,5.96,Business,1,Delhi,0,2017,1,2,9456.862440550229,0.08800629426366154,0.16554147659778992,13502.2885732055,35818.886666666665,Good
LN101375,2020-07-31,42.0,Female,Married,0,Unemployed,51050.57,666.0,176015.9,48,13.99,Personal,0,Hyderabad,0,2020,7,4,4809.004989152978,0.09420080890679532,0.28732277948447327,54816.33947934295,51050.57,Fair
LN101935,2015-01-30,38.0,Male,Married,1,Self-Employed,40051.57,653.0,50343.42,120,6.36,Auto,2,Chennai,0,2015,1,4,568.0591306494954,0.01418319258519692,0.10474707982733261,17823.67567793945,20025.785,Fair
LN100337,02-12-2020,37.0,Male,Divorced,1,Salaried,47200.85,827.0,75343.16,48,12.52,Education,1,Hyderabad,0,2020,2,2,2003.3619678826017,0.04244334514913612,0.13301872035496537,20818.214458364877,23600.425,Exceptional
LN100233,30-Aug-2019,37.0,Male,Divorced,3,Retired,61537.23,719.0,98616.52,48,11.58,Personal,1,Hyderabad,0,2019,8,4,2576.6570256962423,0.04187151462125029,0.1335458767535252,25063.017233419625,15384.3075,Good
LN101981,2023-08-07,24.0,Male,Divorced,1,Retired,64908.64,506.0,545519.58,120,11.55,Home,2,Mumbai,1,2023,8,0,7685.366125987712,0.11840282165806758,0.7003684717473667,376724.35511852545,32454.32,Very_Poor
LN100159,13-Sep-2021,54.0,Female,Married,1,Retired,42806.2,648.0,117824.54,12,3.73,Home,0,Bengaluru,0,2021,9,0,10017.955240960897,0.23403047317820544,0.22937592373690416,2390.922891530776,21403.1,Fair
LN100469,10-21-2017,,Female,Married,3,Retired,52277.77,600.0,259754.27,48,17.0,Business,0,Chennai,1,2017,10,5,7495.212679143144,0.14337284622399052,0.41406106585393115,100015.93859887091,13069.4425,Fair
LN100954,27/03/2019,19.0,Male,Divorced,1,Unemployed,72973.91,772.0,169849.62,120,9.49,Auto,1,Delhi,0,2019,3,2,2196.881370631137,0.030105024804497074,0.19396158161183907,93776.14447573648,36486.955,Very_Good
LN100873,07-03-2019,46.0,Female,Married,1,Retired,63401.2,549.0,43700.04,36,12.25,Home,0,Chennai,0,2019,7,2,1456.6868962139893,0.022975699138407305,0.057438502741273045,8740.68826370361,31700.6,Very_Poor
LN101703,05-07-2015,29.0,Male,Married,2,Unemployed,47252.62,562.0,408486.53,36,5.57,Personal,2,Bengaluru,1,2015,5,3,12347.45229780601,0.2613072523344951,0.7203948514741969,36021.75272101635,15750.873333333335,Very_Poor
LN101084,30-Sep-2017,40.0,Male,Married,1,Self-Employed,65772.96,748.0,337470.52,84,9.51,Auto,2,Chennai,0,2017,9,5,5517.334506607781,0.08388454019110254,0.4275699821527469,125985.57855505357,32886.48,Very_Good
LN101583,2017-10-08,38.0,Male,Divorced,2,Retired,70971.89,631.0,103162.39,84,10.1,Business,1,Delhi,0,2017,10,6,1717.9512117264412,0.024206079501707525,0.12113057484214292,41145.511785021066,23657.296666666665,Fair
  LN101181  ,25/07/2023,38.0,Male,Divorced,1,Retired,23384.06,548.0,348761.07,120,6.55,Education,0,Mumbai,1,2023,7,1,3968.985431870352,0.16973038180154992,1.242873243568482,127517.18182444223,11692.03,Very_Poor
LN100586,2019-07-28,38.0,Male,Single,0,Salaried,84618.03,643.0,34009.85,36,10.54,Personal,0,Pune,0,2019,7,6,1106.0418169256438,0.013070994644115963,0.03349350211375361,5807.6554093231825,84618.03,Fair
LN100206,2015-08-18,49.0,Male,Married,2,Salaried,35176.72,635.0,385185.44,84,10.32,Personal,1,Pune,1,2015,8,1,6458.3959871023735,0.18359858415174504,0.9125008433607984,157319.8229165994,11725.573333333334,Fair
LN100004,03-11-2021,31.0,Female,Divorced,1,Unemployed,78725.3,676.0,127402.7,36,7.94,Business,1,Chennai,0,2021,3,3,3988.797219924996,0.05066728510307355,0.13485997089457474,16193.99991729985,39362.65,Good
LN101806,2021-10-31,36.0,Male,Single,2,Self-Employed,29879.58,701.0,118515.58,120,10.05,Business,0,Hyderabad,0,2021,10,6,1569.4744792797862,0.05252665798112913,0.3305367188338435,69821.35751357434,9959.86,Good
LN100987,11/01/2021,39.0,Male,Married,2,Retired,73636.28,643.0,662540.36,36,16.33,Personal,0,Pune,1,2021,11,0,23401.002084335134,0.31779174727912834,0.7497893248635953,179895.71503606485,24545.426666666666,Fair
LN101654,09-08-2019,40.0,Female,Single,0,Salaried,38409.71,653.0,273847.54,48,6.89,Auto,2,Mumbai,1,2019,9,6,6543.6328885298435,0.1703640274433169,0.5941369599857258,40246.838649432524,38409.71,Fair
LN101945,2023-04-03,39.0,Male,Divorced,3,Salaried,18331.43,793.0,143697.16,120,12.35,Education,0,Pune,0,2023,4,0,2090.8144244473115,0.11405626426565256,0.6532367269401969,107200.57093367737,4582.8575,Very_Good
LN101279,11/11/2015,,Female,Single,1,Self-Employed,82659.93,565.0,608683.26,24,6.63,Education,0,Delhi,1,2015,11,2,27150.143403850117,0.32845592058752193,0.6136420028422478,42920.18169240281,41329.965,Very_Poor
LN101629,24/11/2022,32.0,Female,Single,0,Unemployed,46681.47,756.0,709359.39,36,15.19,Home,0,Delhi,1,2022,11,3,24656.18600792236,0.5281792970084781,1.266311504329234,178263.30628520495,46681.47,Very_Good
LN100694,25-Jun-2020,45.0,Male,Married,2,Retired,49463.23,650.0,131398.42,12,13.31,Personal,0,Hyderabad,0,2020,6,3,11755.185130055506,0.23765502434951186,0.22137390407648944,9663.801560666063,16487.743333333336,Fair
LN101815,06-Jan-2023,46.0,Male,Single,3,Salaried,51274.02,649.0,247555.09,120,13.3,Home,0,Bengaluru,0,2023,1,4,3740.195025563491,0.0729452269504808,0.40234003172236804,201268.31306761896,12818.505,Fair
LN101739,2018-12-14,20.0,Male,Single,2,Retired,54852.79,556.0,112563.31,120,13.15,Home,0,Pune,0,2018,12,4,1690.6640356349046,0.030821842163997575,0.1710081808661571,90316.37427618855,18284.263333333332,Very_Poor
LN100715,09/12/2017,41.0,Male,Married,1,Unemployed,40966.95,715.0,103600.64,48,11.13,Auto,1,Mumbai,0,2017,9,1,2684.153081338069,0.06551996380833988,0.21074028373278136,25238.707904227325,20483.475,Good
LN101190,20-Aug-2022,28.0,Male,Married,1,Self-Employed,36814.81,528.0,300694.58,12,6.17,Business,1,Mumbai,1,2022,8,5,25902.80232867968,0.7035973383722388,0.6806467741288539,10139.047944156162,18407.405,Very_Poor
LN100884,2015-12-25,43.0,Male,Single,0,Retired,57082.11,554.0,307533.59,24,10.65,Personal,0,Bengaluru,1,2015,12,4,14283.49368872133,0.25022714977987554,0.4489637675738803,35270.25852931192,57082.11,Very_Poor
LN101641,08-10-2022,36.0,Male,Single,1,Retired,84332.36,760.0,459921.13,24,9.34,Auto,2,Delhi,0,2022,8,2,21083.094730738536,0.2500000560963613,0.45447276506116197,46073.143537724856,42166.18,Very_Good
LN101567,08-30-2021,39.0,Female,Married,1,Unemployed,59512.63,597.0,473455.55,60,9.97,Personal,2,Delhi,1,2021,8,0,10052.528244571644,0.16891419929805898,0.6629622849245054,129696.14467429864,29756.315,Fair
LN101847,05/08/2022,,Male,Single,2,Self-Employed,55505.16,556.0,121178.78,36,12.06,Personal,2,Bengaluru,0,2022,5,6,4028.333770908564,0.07257584287494287,0.18193320524914558,23841.235752708308,18501.72,Very_Poor
LN101261,07-Nov-2019,40.0,Female,Married,0,Self-Employed,66814.45,651.0,227100.44,12,10.27,Personal,3,Delhi,0,2019,11,3,19994.080299110276,0.299247846822211,0.2832476607480368,12828.523589323304,66814.45,Fair
LN101114,21-Jul-2017,24.0,Male,Single,3,Salaried,42425.18,547.0,137716.11,84,9.32,Auto,2,Bengaluru,0,2017,7,4,2238.153025515402,0.052755298280771044,0.2705078092774149,50288.74414329379,10606.295,Very_Poor
LN100158,2020-07-30,41.0,Male,Married,0,Unemployed,52091.26,562.0,106434.06,24,12.07,Business,0,Chennai,0,2020,7,3,5013.682287063194,0.09624805172812471,0.17026858248389462,13894.314889516652,52091.26,Very_Poor
LN100232,2019-01-10,43.0,Male,Single,0,Self-Employed,113237.9,649.0,317463.83,48,7.72,Auto,2,Chennai,0,2019,1,3,7708.541086525891,0.06807386119422817,0.23362601361087296,52546.14215324278,113237.9,Fair
LN100524,04-Nov-2021,44.0,Female,Single,1,Salaried,17329.81,710.0,93369.0,48,11.83,Personal,2,Chennai,0,2021,11,3,2450.9736530200767,0.14143107472153915,0.448980687035807,24277.735344963672,8664.905,Good
LN100463,24/04/2020,54.0,Male,Divorced,0,Salaried,34553.09,556.0,316715.21,36,8.61,Education,1,Chennai,0,2020,4,4,10014.036085664977,0.2898159350050886,0.7638371609215463,43790.08908393915,34553.09,Very_Poor
LN100653,2020-12-03,36.0,Female,Divorced,2,Retired,85481.08,711.0,530410.51,12,10.09,Business,1,Mumbai,1,2020,12,3,46653.27416296577,0.5457731016379972,0.5170837316670933,29428.779955589212,28493.693333333333,Good
LN100161,2016-06-11,20.0,Male,Single,2,Unemployed,87760.75,583.0,112738.17,60,11.6,Personal,1,Bengaluru,0,2016,6,5,2485.0666154252585,0.02831637851118249,0.10705067470366877,36365.8269255155,29253.583333333332,Fair
LN100306,05/04/2022,51.0,Female,Single,1,Unemployed,,472.0,90941.3,120,10.44,Auto,2,Mumbai,1,2022,5,2,1224.0624551653286,0.02550130114927768,0.1578842013888889,55946.19461983944,24000.0,Very_Poor
LN100657,19/08/2017,43.0,Female,Married,1,Self-Employed,29805.78,609.0,313739.64,84,12.34,Home,0,Chennai,1,2017,8,5,5595.565734432461,0.18773424934467278,0.8771778493969963,156287.8816923267,14902.89,Fair
LN100548,2019-09-08,50.0,Female,Single,1,Self-Employed,49341.54,633.0,184056.15,12,14.88,Auto,3,Mumbai,1,2019,9,6,16602.073019630097,0.33647253449385844,0.31085394780949277,15168.72623556116,24670.77,Fair
LN100714,08-06-2016,32.0,Female,Married,1,Salaried,43331.62,634.0,303322.54,24,15.12,Education,0,Pune,1,2016,8,5,14724.350688951077,0.3398061436187033,0.5833356411168872,50061.87653482589,21665.81,Fair
LN100396,10-13-2017,44.0,Female,Single,3,Self-Employed,37268.35,,115585.93,12,5.93,Business,1,Hyderabad,0,2017,10,4,9944.186630012306,0.2668265869031579,0.25845417984250263,3744.309560147667,9317.0875,Fair
LN100784,2023-05-18,,Male,Divorced,3,Self-Employed,67159.04,631.0,501280.62,36,10.0,Auto,1,Bengaluru,1,2023,5,3,16174.869146948437,0.2408442578534243,0.6220068809798354,81014.66929014376,16789.76,Fair
LN100400,08-20-2020,56.0,Female,Married,5,Salaried,123247.44,538.0,90625.67,120,10.17,Business,0,Chennai,0,2020,8,3,1206.1718259376737,0.009786587258426412,0.06127623556859815,54114.94911252086,20541.24,Very_Poor
LN100799,08-20-2021,51.0,Male,Married,2,Self-Employed,11988.4,653.0,89250.98,84,8.9,Education,0,Mumbai,0,2021,8,4,1431.4389761525288,0.11940200328255053,0.6203981904730128,30989.893996812418,3996.133333333333,Fair
LN101948,05-Nov-2022,33.0,Female,Divorced,1,Unemployed,51216.27,692.0,219137.88,12,11.45,Auto,1,Mumbai,0,2022,11,5,19413.63627910222,0.37905213087759454,0.35655642240249047,13825.755349226616,25608.135,Good
LN100619,10-02-2021,43.0,Female,Married,0,Retired,72766.26,496.0,189684.86,48,11.58,Business,0,Bengaluru,0,2021,10,5,4956.094852943585,0.06810979227108258,0.21723078342444244,48207.69294129207,72766.26,Very_Poor
LN101624,24-Jun-2015,38.0,Male,Divorced,2,Self-Employed,84440.59,718.0,762887.76,24,11.46,Business,0,Bengaluru,1,2015,6,2,35719.55640206032,0.42301405523173535,0.7528841283558062,94381.59364944766,28146.86333333333,Good
LN100509,2020-10-18,39.0,Female,Divorced,3,Salaried,51478.19,689.0,358860.01,60,12.18,Auto,1,Bengaluru,1,2020,10,6,8015.313326940256,0.15570309148282516,0.5809256470232022,122058.78961641534,12869.5475,Good
LN101797,03/09/2020,55.0,Male,Divorced,0,Self-Employed,14330.8,806.0,129961.42,120,11.07,Personal,1,Pune,0,2020,3,0,1795.371268077321,0.1252806031817708,0.7557232208483361,85483.13216927853,14330.8,Exceptional
LN100737,11-21-2018,44.0,Female,Single,1,Retired,,625.0,60241.33,60,12.9,Home,1,Bengaluru,1,2018,11,2,1367.5920223915684,0.02849150046649101,0.10458564236111112,21814.19134349411,24000.0,Fair
LN101201,01-Mar-2020,45.0,Female,Married,3,Self-Employed,30482.98,659.0,326261.38,48,9.02,Auto,1,Chennai,1,2020,3,6,8122.108243859496,0.26644731728523574,0.8919222573820976,63599.81570525578,7620.745,Fair
LN101955,04/07/2016,44.0,Male,Single,1,Salaried,65163.24,349.0,126443.36,60,6.76,Auto,1,Pune,0,2016,4,3,2489.4311463609856,0.03820299829107616,0.16170077894633028,22922.50878165914,32581.62,Very_Poor
LN101632,2022-01-11,63.0,Male,Married,1,Self-Employed,41929.89,696.0,199469.55,36,7.76,Home,1,Pune,0,2022,1,1,6228.565803638084,0.14854715344204536,0.3964346794136593,24758.81893097103,20964.945,Good
LN100868,06-19-2021,34.0,Male,Single,0,Salaried,53960.21,674.0,248732.05,60,10.58,Education,1,Delhi,0,2021,6,5,5356.076838058148,0.09925974784119905,0.38412880219208434,72632.56028348889,53960.21,Good
LN100460,2018-07-24,20.0,Male,Divorced,0,Unemployed,43708.98,627.0,308238.63,60,11.14,Auto,1,Mumbai,1,2018,7,1,6723.386683723653,0.15382163307685634,0.5876722014560852,95164.57102341915,43708.98,Fair
LN101402,22/09/2018,18.0,Male,Married,2,Salaried,,711.0,252167.32,120,15.56,Education,2,Bengaluru,0,2018,9,5,4155.248010619005,0.08656766688789594,0.4377904861111111,246462.4412742806,16000.0,Good
LN100063,13/11/2023,18.0,Male,Married,0,Unemployed,103571.98,708.0,191202.95,24,11.84,Business,1,Pune,0,2023,11,0,8986.273109848764,0.08676355429189211,0.15384063495422862,24467.60463637032,103571.98,Good
LN101931,2017-09-02,34.0,Male,Married,1,Self-Employed,45648.52,660.0,194451.77,84,11.44,Auto,0,Bengaluru,0,2017,9,5,3374.641382122765,0.0739266329362434,0.35498005557828965,89018.10609831227,22824.26,Fair
LN101163,2016-08-18,41.0,Male,Married,2,Salaried,21422.14,708.0,558018.93,24,8.22,Auto,1,Chennai,1,2016,8,3,25293.570262369976,1.1807209859691878,2.1707251236337735,49026.75629687938,7140.713333333333,Good
LN101668,27-Feb-2019,41.0,Female,Divorced,1,Unemployed,30761.05,759.0,347650.67,36,13.75,Auto,2,Mumbai,1,2019,2,2,11839.683555575302,0.3848920487296533,0.9418043001349651,78577.93800071091,15380.525,Very_Good
LN100458,09-Mar-2023,23.0,Male,Married,2,Unemployed,60312.65,707.0,79132.58,48,10.08,Personal,0,Mumbai,0,2023,3,3,2010.0441974458142,0.03332707479186894,0.10933662617488481,17349.541477399078,20104.216666666667,Good
LN101026,01-23-2015,29.0,Male,Single,0,Retired,23469.62,657.0,204977.22,84,15.54,Auto,1,Chennai,1,2015,1,4,4017.749506229046,0.17118937188710537,0.7278104630582003,132513.73852323988,23469.62,Fair
LN100479,31-Jul-2020,35.0,Female,Divorced,0,Unemployed,31541.26,666.0,300253.6,48,10.53,Personal,0,Hyderabad,1,2020,7,4,7691.843042530578,0.24386606757404677,0.7932826188089294,68954.86604146776,31541.26,Fair
LN101740,19/12/2016,44.0,Female,Single,0,Self-Employed,51591.1,731.0,771655.82,60,9.69,Home,2,Delhi,1,2016,12,0,16277.92493822167,0.3155180823479567,1.246429164461829,205019.67629330023,51591.1,Good
LN101559,10-23-2019,30.0,Male,Single,1,Unemployed,126618.52,791.0,275711.94,120,5.86,Auto,1,Delhi,0,2019,10,2,3041.6160543082865,0.02402188916999098,0.18145840750626369,89281.98651699437,63309.26,Very_Good
LN100871,2022-11-06,47.0,Female,Divorced,2,Retired,64234.44,,152839.51,84,9.03,Business,1,Hyderabad,0,2022,11,6,2461.3716488017926,0.03831856631429795,0.1982834416137719,53915.708499350585,21411.48,Fair
LN100791,07-Dec-2016,28.0,Female,Married,1,Salaried,35353.81,590.0,187080.53,24,11.18,Personal,1,Hyderabad,0,2016,12,2,8735.026468824517,0.24707454355908226,0.4409721092766711,22560.105251788424,17676.905,Fair
LN100618,28-Sep-2023,48.0,Male,Single,2,Retired,52205.51,607.0,79760.8,36,8.32,Personal,0,Bengaluru,0,2023,9,3,2511.1958928346876,0.048102123565782376,0.12731861700677444,10642.252142048746,17401.836666666666,Fair
LN101960,21/04/2016,,Male,Married,1,Unemployed,55466.96,697.0,66012.06,36,7.3,Personal,0,Bengaluru,0,2016,4,3,2047.3191093395742,0.03691060604979206,0.09917624834676354,7691.427936224674,27733.48,Good
LN101449,27-Jan-2015,27.0,Female,Married,3,Unemployed,135665.06,702.0,196454.77,24,9.39,Auto,0,Mumbai,0,2015,1,1,9010.136011619465,0.06641456548664383,0.12067389225592302,19788.494278867176,33916.265,Good
LN101491,2015-06-11,44.0,Male,Divorced,2,Salaried,64935.16,532.0,247133.37,60,14.55,Education,2,Mumbai,1,2015,6,3,5821.066151737593,0.08964428749752203,0.31715402718650415,102130.59910425555,21645.053333333333,Very_Poor
LN101842,04-13-2015,32.0,Male,Divorced,1,Retired,40143.58,753.0,244101.69,60,8.72,Personal,0,Mumbai,0,2015,4,0,5034.03308819182,0.12540070138716625,0.5067262934695909,57940.29529150919,20071.79,Very_Good
LN101710,27/03/2016,53.0,Female,Divorced,1,Salaried,57040.98,698.0,188928.15,24,13.78,Home,1,Bengaluru,0,2016,3,6,9051.33336871066,0.1586812387990294,0.2760123072920556,28303.85084905586,28520.49,Good
LN100348,29-Apr-2023,56.0,Female,Single,1,Salaried,20459.07,689.0,277285.09,36,8.61,Education,1,Delhi,0,2023,4,5,8767.317797199765,0.42852963488564066,1.1294301663435011,38338.350699191506,10229.535,Good
LN101546,28-May-2021,36.0,Female,Married,1,Unemployed,32279.88,755.0,97477.19,60,11.95,Home,1,Bengaluru,1,2021,5,4,2165.861470089736,0.06709632966695464,0.25164589108344476,32474.498205384152,16139.94,Very_Good
LN101258,2022-05-01,21.0,Male,Single,1,Self-Employed,135967.79,613.0,174658.41,12,8.69,Education,1,Bengaluru,0,2022,5,6,15248.870513094149,0.11215060944282575,0.1070464372481159,8328.036157129769,67983.895,Fair
  LN101151  ,08-Sep-2018,29.0,Female,Single,1,Salaried,35828.04,875.0,704188.4,120,15.48,Education,1,Hyderabad,1,2018,9,5,11568.896261124584,0.3229006180947823,1.6378893924051294,684079.1513349501,17914.02,Exceptional
LN100761,02-22-2015,45.0,Female,Single,1,Unemployed,30196.29,629.0,558501.66,48,8.38,Auto,0,Mumbai,1,2015,2,6,13734.463919445305,0.45483944946366933,1.5413087170642488,100752.6081333746,15098.145,Fair
LN100955,13/11/2019,40.0,Male,Single,2,Salaried,76568.33,539.0,123508.58,84,11.55,Education,3,Mumbai,1,2019,11,2,2150.6515704630447,0.02808800414561797,0.13442087174510228,57146.15191889576,25522.77666666667,Very_Poor
LN100447,05-Dec-2015,31.0,Female,Single,1,Salaried,,633.0,104928.28,12,9.75,Personal,0,Mumbai,0,2015,12,5,9212.576649922516,0.19192868020671908,0.18216715277777779,5622.639799070195,24000.0,Fair
LN100651,04-04-2017,32.0,Male,Single,1,Self-Employed,29388.93,675.0,30570.87,12,5.75,Home,0,Pune,0,2017,4,1,2627.5695953245695,0.08940677987679611,0.08668476531809766,959.9651438948349,14694.465,Good
LN101297,24-May-2019,44.0,Female,Divorced,0,Self-Employed,45604.24,653.0,426158.19,12,10.66,Auto,0,Bengaluru,1,2019,5,4,37596.679455680314,0.8244119287083902,0.7787254540367299,25001.963468163798,45604.24,Fair
LN101891,2020-09-28,32.0,Male,Single,1,Retired,60024.9,562.0,358897.63,60,13.7,Personal,3,Pune,1,2020,9,0,8295.196904549839,0.1381959304313683,0.49826215176257405,138814.18427299033,30012.45,Very_Poor
LN100380,11-Nov-2020,25.0,Female,Single,1,Salaried,62553.67,756.0,278350.3,24,10.39,Auto,0,Delhi,0,2020,11,2,12894.559907371939,0.2061359454588666,0.3708153068130668,31119.137776926567,31276.835,Very_Good
LN100565,2018-06-15,38.0,Male,Divorced,2,Retired,36245.5,619.0,46163.53,36,13.92,Personal,1,Mumbai,0,2018,6,4,1575.963872732569,0.04348026300458178,0.10613623300363723,10571.169418372483,12081.833333333334,Fair
LN101346,2015-09-28,46.0,Female,Married,4,Retired,30625.52,461.0,726596.33,12,9.21,Auto,2,Mumbai,1,2015,9,0,63612.0401497199,2.0770925734394026,1.9770993004091577,36748.15179663885,6125.104,Very_Poor
LN100957,2016-07-18,43.0,Female,Single,1,Self-Employed,48319.56,678.0,231072.77,24,14.37,Education,2,Pune,0,2016,7,0,11134.868944259279,0.2304422669465384,0.3985148905881317,36164.08466222268,24159.78,Good
LN101954,18/03/2015,50.0,Female,Married,0,Unemployed,,735.0,52172.73,120,9.01,Home,1,Bengaluru,0,2015,3,2,661.1840295547669,0.013774667282390976,0.09057765625,27169.353546572027,48000.0,Good
LN101749,13/06/2022,45.0,Female,Single,1,Retired,52213.7,787.0,575283.59,36,8.44,Auto,2,Mumbai,1,2022,6,0,18144.233205863668,0.3474994724730036,0.9181555638973424,77908.80541109212,26106.85,Very_Good
LN100383,08-Nov-2017,22.0,Female,Divorced,1,Unemployed,65885.56,,173377.53,120,9.64,Business,0,Chennai,0,2017,11,2,2256.77235892682,0.0342529130651211,0.21929126048257008,97435.15307121837,32942.78,Fair
LN101447,07/02/2016,45.0,Female,Married,2,Retired,73941.6,566.0,83926.69,60,8.19,Home,1,Chennai,0,2016,7,5,1709.3690489884484,0.02311782608150822,0.09458668507759276,18635.45293930691,24647.2,Very_Poor
LN100073,2016-05-12,41.0,Female,Single,1,Salaried,26224.34,733.0,174655.11,60,9.43,Auto,0,Chennai,1,2016,5,3,3662.1044911394424,0.13964524907545595,0.5550031955046342,45071.15946836656,13112.17,Good
LN101400,07/12/2023,38.0,Male,Single,1,Retired,40916.26,718.0,542038.22,84,13.4,Personal,2,Pune,1,2023,7,2,9978.988309071407,0.24388808530084144,1.1039584670413831,296196.79796199815,20458.13,Good
LN101139,06-29-2022,,Female,Single,1,Self-Employed,41116.71,756.0,417924.64,84,14.03,Business,0,Hyderabad,1,2022,6,2,7838.835558335557,0.19064841419305087,0.847029184322708,240537.5469001868,20558.355,Very_Good
LN100172,31/07/2021,39.0,Male,Divorced,0,Unemployed,129244.92,559.0,123695.54,24,12.54,Auto,3,Pune,0,2021,7,5,5853.999964286433,0.045293849570926525,0.07975525588678198,16800.459142874388,129244.92,Very_Poor
LN101091,10/06/2018,35.0,Male,Married,0,Unemployed,44807.1,,321349.67,120,9.1,Business,0,Hyderabad,1,2018,10,5,4088.130740677647,0.09123845865225928,0.5976539246384316,169226.01888131764,44807.1,Fair
LN100169,02-16-2018,52.0,Female,Divorced,0,Unemployed,46210.66,459.0,129900.57,60,14.89,Education,0,Mumbai,0,2018,2,4,3082.8272295467445,0.0667124691477409,0.23425433655351383,55069.06377280466,46210.66,Very_Poor
LN101551,2018-12-21,40.0,Male,Single,1,Self-Employed,40680.09,720.0,73260.18,48,7.78,Business,3,Bengaluru,0,2018,12,4,1780.934370908852,0.04377901747289281,0.15007378302260393,12224.669803624914,20340.045,Good
LN100273,01-31-2018,42.0,Female,Divorced,1,Salaried,44256.8,807.0,597861.15,120,9.6,Auto,0,Mumbai,1,2018,1,2,7768.94321738479,0.17554236224455427,1.1257425412591961,334412.0360861748,22128.4,Exceptional
LN100421,05/01/2016,19.0,Male,Single,2,Salaried,49819.67,388.0,300736.83,12,11.22,Personal,1,Delhi,1,2016,5,6,26610.265867302045,0.5341317167958368,0.5030423224401125,18586.36040762451,16606.556666666667,Very_Poor
LN101781,03-12-2015,61.0,Male,Single,0,Retired,63207.77,531.0,,24,6.54,Business,0,Hyderabad,0,2015,3,3,8912.802511794169,0.14100802024488712,0.2636806624670775,13907.260283060052,63207.77,Very_Poor
LN101678,10/02/2017,53.0,Female,Divorced,8,Retired,92592.1,,250921.07,24,9.21,Personal,1,Bengaluru,1,2017,10,0,11487.399210364149,0.12406457149545315,0.22583016441647466,24776.511048739543,10288.011111111111,Fair
LN100057,20/04/2018,43.0,Male,Married,0,Retired,108019.5,639.0,215261.88,12,9.22,Personal,0,Delhi,0,2018,4,4,18846.74159752111,0.1744753641474096,0.16606714528395336,10899.019170253334,108019.5,Fair
LN101165,12/11/2015,,Female,Single,0,Unemployed,70513.63,,275671.07,84,14.91,Education,1,Bengaluru,0,2015,12,4,5305.643855314406,0.07524281270605988,0.32578934266561893,170003.0138464101,70513.63,Fair
LN101232,2016-03-10,33.0,Male,Single,0,Retired,42464.98,662.0,133881.23,24,8.46,Personal,3,Delhi,1,2016,3,3,6083.179069292191,0.14325166453139013,0.26272870413848465,12115.067663012567,42464.98,Fair
LN101351,03-Apr-2018,25.0,Female,Divorced,2,Self-Employed,67140.5,593.0,95231.85,60,13.4,Personal,0,Pune,0,2018,4,1,2186.364850805079,0.03256402396176792,0.11819970807485795,35950.04104830473,22380.166666666668,Fair
LN100039,18/01/2016,62.0,Female,Single,4,Self-Employed,32723.57,574.0,130669.32,48,4.63,Auto,1,Bengaluru,0,2016,1,0,2987.355606720787,0.09129063872678889,0.3327604537035538,12723.749122597772,6544.714,Very_Poor
LN100307,2021-09-28,36.0,Male,Married,0,Salaried,60464.09,572.0,486808.18,84,14.13,Personal,2,Hyderabad,1,2021,9,1,9157.780940545681,0.15145817857418645,0.6709329179242313,282445.41900583723,60464.09,Very_Poor
LN100007,05-12-2015,30.0,Female,Divorced,0,Unemployed,66558.61,742.0,381511.43,24,8.48,Personal,2,Delhi,1,2015,5,1,17338.275112235173,0.26049635219598444,0.4776635083975862,34607.17269364413,66558.61,Very_Good
LN100409,08/11/2018,,Male,Divorced,2,Retired,19053.29,609.0,96003.07,120,9.18,Personal,2,Delhi,0,2018,8,5,1225.4973757922019,0.06431946271705316,0.4198884199701644,51056.61509506422,6351.096666666667,Fair
LN101424,2015-05-23,35.0,Male,Single,2,Self-Employed,82008.68,655.0,905385.25,84,10.52,Education,0,Delhi,1,2015,5,5,15274.831062388424,0.1862587114240642,0.9200095750027112,377700.55924062757,27336.226666666666,Fair
LN100782,13/08/2021,52.0,Male,Single,1,Unemployed,32977.08,718.0,452223.46,84,12.44,Business,1,Bengaluru,1,2021,8,4,8089.774512507409,0.24531506466028552,1.1427721415399221,227317.59905062238,16488.54,Good
LN100535,2015-09-16,34.0,Female,Single,2,Salaried,25595.74,845.0,90467.1,120,14.28,Home,0,Mumbai,0,2015,9,2,1419.9203366675426,0.05547486951608129,0.2945382708216289,79923.34040010511,8531.913333333334,Exceptional
LN100584,2017-09-17,39.0,Male,Single,0,Unemployed,29501.19,501.0,145358.8,12,13.94,Auto,2,Hyderabad,1,2017,9,6,13047.156619038095,0.44225865529621333,0.4106015158484567,11207.079428457131,29501.19,Very_Poor
LN101992,05-Apr-2016,,Female,Single,0,Salaried,9900.77,605.0,204097.18,84,10.59,Home,2,Pune,1,2016,4,1,3450.7950306713064,0.3485380460985667,1.7178561196082054,85769.60257638973,9900.77,Fair
LN101296,10/07/2021,41.0,Male,Divorced,3,Self-Employed,14252.23,744.0,140624.91,120,7.0,Business,2,Mumbai,1,2021,10,3,1632.7728268866417,0.11456262120991885,0.8222392215113004,55307.82922639701,3563.0575,Very_Good
LN101168,09-19-2015,38.0,Male,Single,2,Retired,37009.09,522.0,231080.72,12,14.22,Education,0,Hyderabad,1,2015,9,5,20771.8626651501,0.5612638047882318,0.5203242410625787,18181.631981801213,12336.363333333333,Very_Poor
LN101129,28/04/2023,34.0,Male,Single,1,Unemployed,49893.01,584.0,178952.74,12,9.53,Personal,1,Mumbai,0,2023,4,4,15693.540415083895,0.3145438692731486,0.2988941403481837,9369.744981006748,24946.505,Fair
LN100814,08/07/2020,29.0,Male,Married,2,Unemployed,43285.64,728.0,246681.92,36,14.48,Education,0,Delhi,0,2020,8,4,8488.611150638408,0.19610686478560577,0.47491100204748427,58908.08142298265,14428.546666666667,Good
LN100317,07/05/2017,33.0,Male,Married,1,Unemployed,44216.03,704.0,434001.52,120,14.16,Home,0,Chennai,1,2017,7,2,6780.399129595693,0.15334708090246213,0.8179565947764496,379646.3755514831,22108.015,Good
LN101818,12-19-2015,38.0,Female,Married,1,Unemployed,35376.42,637.0,175242.88,84,10.98,Education,1,Hyderabad,1,2015,12,5,2998.7399546804722,0.08476663140816601,0.41280529045430076,76651.27619315966,17688.21,Fair
LN100517,04-27-2020,36.0,Female,Divorced,1,Retired,59853.72,682.0,282943.21,48,11.87,Personal,0,Hyderabad,0,2020,4,0,7432.92047228954,0.12418477034158512,0.3939370992034135,73836.97266989789,29926.86,Good
LN101128,2023-07-20,47.0,Male,Married,2,Self-Employed,71585.81,704.0,163374.78,12,6.86,Business,2,Mumbai,0,2023,7,3,14125.546570171471,0.1973232763612156,0.19018524760703273,6131.778842057654,23861.936666666665,Good
LN101761,2022-01-31,36.0,Male,Divorced,3,Unemployed,77555.99,608.0,149588.43,84,15.77,Auto,5,Delhi,0,2022,1,0,2951.571397458154,0.038057297669182664,0.16073165335134007,98343.56738648494,19388.9975,Fair
LN100534,10-12-2019,31.0,Male,Married,1,Salaried,35958.25,568.0,646395.86,48,13.53,Business,1,Delhi,1,2019,10,5,17511.676232805243,0.48700023590706565,1.498024004690625,194164.59917465167,17979.125,Very_Poor
LN101706,02-Jun-2021,54.0,Female,Divorced,0,Unemployed,43283.91192645531,671.0,293898.78,48,12.77,Personal,4,Chennai,0,2021,6,2,7851.047873017822,0.18138489622559342,0.5658352932982162,82951.51790485543,43283.91192645531,Good
LN100272,19-Nov-2016,55.0,Male,Married,0,Retired,75130.96,687.0,274938.3,12,11.13,Home,1,Chennai,0,2016,11,5,24315.970435239964,0.32364780691262246,0.30495450876709146,16853.34522287961,75130.96,Good
LN100549,21/07/2020,37.0,Female,Divorced,1,Salaried,52017.71,689.0,104476.94,12,12.94,Personal,1,Delhi,0,2020,7,1,9328.58698130136,0.17933482618326257,0.1673739898712701,7466.103775616313,26008.855,Good
LN100965,19-Jul-2017,33.0,Female,Single,1,Self-Employed,,613.0,256590.95,12,12.67,Auto,1,Delhi,0,2017,7,2,22878.126700683042,0.4766276395975634,0.4454703993055556,17946.57040819648,24000.0,Fair
LN101792,06-26-2020,57.0,Female,Single,2,Unemployed,51574.42,647.0,152504.08,60,10.45,Home,0,Delhi,0,2020,6,4,3274.1266016974596,0.06348353702663956,0.24641427539724792,43943.51610184758,17191.47333333333,Fair
LN101721,2015-12-13,35.0,Female,Single,1,Unemployed,104210.49,777.0,360647.34,12,12.61,Education,1,Chennai,1,2015,12,6,32145.845360460808,0.3084703407541871,0.2883965424210173,25102.804325529665,52105.245,Very_Good
  LN100599  ,2019-04-08,22.0,Male,Single,1,Salaried,50750.09,727.0,60689.05,36,13.46,Business,2,Hyderabad,0,2019,4,0,2058.322220529693,0.040558001385410214,0.09965343575416978,13410.549939068937,25375.045,Good
LN101693,2018-02-03,38.0,Female,Divorced,0,Salaried,77283.1,586.0,639580.92,120,6.85,Education,2,Hyderabad,1,2018,2,5,7376.718918391214,0.09545060845632762,0.6896515538325972,245625.35020694567,77283.1,Fair
LN100571,04-13-2019,32.0,Female,Single,1,Self-Employed,75101.87,652.0,285401.18,48,8.06,Business,0,Mumbai,0,2019,4,5,6975.499309585042,0.09288050097267941,0.316682283232983,49422.78686008201,37550.935,Fair
LN100075,21/04/2019,41.0,Female,Single,0,Unemployed,20845.97,528.0,334464.11,48,11.51,Auto,2,Pune,1,2019,4,6,8727.455453512222,0.4186639169831014,1.337045441716872,84453.75176858669,20845.97,Very_Poor
LN100062,2021-06-21,33.0,Female,Single,1,Salaried,59198.43,718.0,104243.45,48,13.61,Home,2,Chennai,0,2021,6,0,2828.2504405995774,0.04777576771207576,0.14674298231670443,31512.571148779723,29599.215,Good
LN101690,2015-03-11,55.0,Female,Married,1,Self-Employed,58232.9292700764,604.0,87324.52,120,12.3,Auto,1,Hyderabad,0,2015,3,2,1268.0435230076966,0.021775369003449636,0.12496440458255839,64840.70276092358,29116.4646350382,Fair
LN100810,23-Oct-2021,39.0,Male,Divorced,1,Self-Employed,44047.43,486.0,1253475.32,48,13.18,Business,0,Mumbai,1,2021,10,5,33739.646712975715,0.7659844561413848,2.371449972601504,366027.7222228341,22023.715,Very_Poor
LN100245,27/06/2016,53.0,Female,Married,0,Retired,68917.8,,658919.1,84,10.44,Home,2,Chennai,1,2016,6,0,11089.212047088082,0.16090490478639888,0.7967451804903811,272574.7119553989,68917.8,Fair
LN101050,09-24-2017,52.0,Male,Divorced,2,Retired,19056.21,612.0,271998.41,120,12.37,Personal,1,Chennai,1,2017,9,6,3960.784076441683,0.2078474196307494,1.1894565691009211,203295.67917300196,6352.07,Fair
LN101158,2016-02-19,42.0,Female,Single,2,Retired,23670.31,704.0,308554.91,120,6.02,Business,3,Bengaluru,1,2016,2,4,3428.6877378790327,0.14485183074826788,1.0862937226705802,102887.61854548397,7890.1033333333335,Good
LN101812,08-16-2023,39.0,Female,Divorced,0,Unemployed,35727.5,665.0,236235.97,24,9.43,Home,0,Hyderabad,1,2023,8,2,10838.994076681269,0.3033795837011061,0.5510133883796329,23899.88784035045,35727.5,Fair
LN100106,26/01/2015,37.0,Male,Married,1,Salaried,143076.56,805.0,269797.4,60,11.11,Education,0,Bengaluru,0,2015,1,0,5880.852634373604,0.04110283777002749,0.15714046148905642,83053.75806241622,71538.28,Exceptional
LN100674,17-Mar-2023,47.0,Female,Divorced,1,Retired,44456.38,676.0,638629.52,84,4.63,Personal,1,Hyderabad,1,2023,3,4,8915.69550287705,0.20054929130255433,1.1971088664139247,110288.90224167216,22228.19,Good
LN100643,06-07-2016,50.0,Male,Single,0,Salaried,27179.8,705.0,61247.83,84,12.97,Home,1,Bengaluru,0,2016,6,1,1113.2188241399558,0.04095757967828887,0.1877859967083398,32262.55122775628,27179.8,Good
LN101333,07-30-2015,35.0,Male,Single,2,Salaried,38694.25,493.0,251936.2,120,11.45,Education,0,Chennai,1,2015,7,3,3534.903612567476,0.09135475199977972,0.5425788930741218,172252.23350809712,12898.083333333334,Very_Poor
LN100666,07-08-2018,38.0,Male,Single,1,Salaried,52662.2,603.0,104008.24,84,5.73,Business,0,Hyderabad,0,2018,7,6,1505.9804220831202,0.028596990290628198,0.16458395838634418,22494.115454982093,26331.1,Fair
LN100510,2021-11-16,44.0,Male,Divorced,0,Retired,35904.8,611.0,416905.84,60,11.57,Home,2,Pune,1,2021,11,1,9183.492263619839,0.2557733858319734,0.9676186285213491,134103.69581719028,35904.8,Fair
LN100132,2015-11-21,29.0,Male,Single,4,Salaried,25194.56,484.0,283677.68,120,7.69,Auto,1,Chennai,0,2015,11,5,3395.4987223379176,0.13477110623634297,0.938290117655028,123782.16668055014,5038.912,Very_Poor
LN100445,09-Feb-2022,54.0,Female,Single,0,Salaried,64192.41,604.0,54090.33,84,11.69,Personal,0,Mumbai,0,2022,2,2,945.8974111164448,0.01473534661054858,0.07021901031601711,25365.05253378136,64192.41,Fair
LN100867,08-05-2023,36.0,Male,Divorced,2,Salaried,39091.29,544.0,157966.35,24,14.32,Personal,1,Delhi,0,2023,8,5,7608.298842197753,0.194629004113135,0.3367466896078385,24632.822212746076,13030.43,Very_Poor
LN101704,09-08-2023,40.0,Male,Married,3,Self-Employed,,699.0,312582.08,24,14.96,Business,0,Bengaluru,0,2023,9,4,15150.073729555776,0.315626536032412,0.5426772222222223,51019.68950933858,12000.0,Good
LN101871,01-Apr-2023,32.0,Female,Married,2,Unemployed,52309.61,506.0,518587.05,60,13.27,Education,1,Delhi,1,2023,4,5,11871.236955141429,0.22694179817325016,0.8261500611455523,193687.16730848578,17436.536666666667,Very_Poor
LN100058,09-16-2018,41.0,Male,Divorced,1,Unemployed,138371.92,728.0,158226.61,48,14.6,Education,1,Hyderabad,0,2018,9,6,4371.543549712945,0.0315927071743526,0.09529065458752999,51607.480386221374,69185.96,Good
LN101745,10-17-2016,27.0,Female,Single,0,Retired,65089.0,564.0,613572.24,60,14.57,Auto,4,Chennai,1,2016,10,0,14458.7025038326,0.2221374195921369,0.7855554702023383,253949.91022995592,65089.0,Very_Poor
LN101123,04-May-2017,40.0,Female,Married,2,Self-Employed,34126.11,,285216.48,24,10.77,Home,0,Hyderabad,0,2017,5,3,13262.832365473394,0.38864178675721883,0.6964766860330697,33091.496771361446,11375.37,Fair
LN101189,11/06/2016,22.0,Female,Divorced,1,Retired,50997.67,713.0,486449.14,48,12.49,Personal,2,Hyderabad,1,2016,11,6,12927.396239739805,0.2534899386528797,0.7948878514122966,134065.87950751057,25498.835,Good
LN100087,08/08/2022,48.0,Male,Married,3,Retired,44046.69,645.0,318817.35,60,7.63,Auto,1,Pune,1,2022,8,0,6408.145232406765,0.14548528464696814,0.6031806816811887,65671.36394440592,11011.6725,Fair
LN101953,01-02-2015,56.0,Male,Married,1,Retired,25391.7,637.0,521282.22,120,13.24,Home,1,Chennai,1,2015,1,4,7857.265801926898,0.30944229027307735,1.7108025457137566,421589.6762312278,12695.85,Fair
LN100772,03-19-2019,52.0,Male,Married,2,Salaried,24324.4,722.0,439679.07,84,10.91,Home,2,Pune,0,2019,3,1,7507.580266259717,0.30864400627599103,1.506303238723257,190957.67236581625,8108.133333333334,Good
LN101859,11/05/2019,43.0,Male,Divorced,2,Unemployed,28729.95,847.0,114087.65,48,9.84,Business,0,Chennai,0,2019,11,1,2884.7930294079624,0.10041065262584732,0.3309196210458656,24382.415411582188,9576.65,Exceptional
LN100709,06-17-2023,50.0,Male,Married,0,Salaried,17916.9,481.0,104606.2,24,8.29,Business,2,Pune,1,2023,6,5,4744.876354298492,0.26482685923895827,0.4865341288578567,9270.832503163794,17916.9,Very_Poor
LN101644,2016-04-14,,Male,Single,2,Unemployed,67237.98,646.0,162997.31,36,15.03,Business,0,Delhi,1,2016,4,3,5652.740205477498,0.08407064289375586,0.20201542590462512,40501.33739718996,22412.66,Fair
LN101734,09/03/2016,33.0,Female,Married,0,Retired,59887.08,778.0,144162.57,120,6.86,Personal,1,Bengaluru,0,2016,9,5,1663.4645849297228,0.02777668547088492,0.20060332712832218,55453.18019156673,59887.08,Very_Good
LN101645,10/02/2016,40.0,Female,Married,4,Self-Employed,28418.74,795.0,371565.17,120,15.08,Auto,1,Hyderabad,1,2016,10,6,6012.859742616256,0.21158079994455264,1.0895544336823753,349977.9991139507,5683.7480000000005,Very_Good
LN100539,2016-04-26,23.0,Female,Single,0,Salaried,72887.66,687.0,255678.27,84,3.19,Home,1,Mumbai,0,2016,4,1,3400.278702750877,0.04665095165287069,0.29232002371869253,29945.14103107367,72887.66,Good
LN101508,2023-03-06,,Female,Married,1,Self-Employed,39198.27,647.0,173267.94,84,15.37,Home,1,Bengaluru,0,2023,3,0,3379.5768929329283,0.08621750125535971,0.36835796579798036,110616.51900636597,19599.135,Fair
LN101237,30-Nov-2015,39.0,Male,Single,1,Retired,42523.5,445.0,776794.69,120,5.03,Personal,0,Mumbai,1,2015,11,0,8250.495711288848,0.1940220280853845,1.5222851090181506,213264.79535466176,21261.75,Very_Poor
LN101635,23/09/2023,45.0,Female,Divorced,0,Salaried,50876.15,687.0,98093.33,48,14.55,Personal,0,Bengaluru,0,2023,9,5,2707.683711264839,0.053221081219094586,0.160673403287526,31875.488140712274,50876.15,Good
LN101370,01-Jul-2018,44.0,Female,Divorced,3,Salaried,52355.4,649.0,242582.37,36,17.46,Education,1,Chennai,0,2018,7,6,8704.34780712469,0.1662550149005583,0.3861148515721396,70774.15105648886,13088.85,Fair
LN100419,08/10/2015,37.0,Male,Divorced,1,Unemployed,88367.22,526.0,286052.75,84,16.61,Business,2,Chennai,1,2015,8,0,5781.424273622724,0.06542498760991604,0.26975759978266445,199586.8889843088,44183.61,Very_Poor
LN101947,11-10-2019,48.0,Female,Divorced,1,Salaried,52932.56,544.0,132370.22,60,6.69,Auto,2,Chennai,0,2019,11,6,2601.7654273712938,0.049152457908162646,0.20839444883577646,23735.705642277637,26466.28,Very_Poor
LN101074,12/05/2017,27.0,Male,Single,1,Unemployed,32243.71,587.0,130928.41,48,5.55,Auto,1,Hyderabad,1,2017,12,1,3047.905369206957,0.09452713007302686,0.3383823025741558,15371.047721933923,16121.855,Fair
LN101793,2021-09-20,25.0,Male,Single,0,Salaried,73740.86,592.0,274490.26,60,15.94,Business,3,Bengaluru,0,2021,9,0,6666.316723109926,0.09040193894009273,0.3101969292646347,125488.74338659557,73740.86,Fair
LN101343,06-21-2022,,Female,Single,1,Unemployed,32548.08,779.0,251197.01,84,12.8,Personal,1,Mumbai,0,2022,6,1,4542.494861907067,0.1395626059020092,0.6431434409239091,130372.55840019364,16274.04,Very_Good
LN100852,12/01/2015,53.0,Male,Divorced,3,Salaried,23922.91,589.0,371368.11,60,16.3,Auto,0,Mumbai,1,2015,12,1,9090.24631427896,0.3799807930673551,1.293627844605861,174046.66885673767,5980.7275,Fair
LN101839,19-Mar-2020,41.0,Male,Single,3,Unemployed,45496.09,682.0,174554.28,84,10.13,Business,2,Delhi,0,2020,3,3,2909.5432607761013,0.06395150134387596,0.3197239586962308,69847.35390519252,11374.0225,Good
LN101816,2019-12-07,35.0,Female,Divorced,2,Unemployed,13161.68,633.0,82969.77,24,20.34,Auto,2,Chennai,1,2019,12,5,4236.5982394126195,0.3218888652066164,0.5253240847672942,18708.58774590287,4387.2266666666665,Fair
LN101779,07-Apr-2023,37.0,Male,Single,1,Unemployed,25776.47,646.0,874178.24,12,9.47,Business,4,Pune,1,2023,4,4,76638.06446320593,2.9731792003794904,2.82615061979653,45478.53355847113,12888.235,Fair
LN101854,2016-11-19,55.0,Male,Single,0,Retired,85276.64,669.0,203568.23,12,12.32,Auto,0,Hyderabad,0,2016,11,5,18117.139785623007,0.2124513792478574,0.1989292632386392,13837.447427476087,85276.64,Fair
LN101361,05-03-2015,41.0,Male,Single,2,Self-Employed,42890.44,624.0,95863.36,60,11.25,Business,3,Chennai,0,2015,5,6,2096.2708131306576,0.04887501301293849,0.18625626907379203,29912.88878783946,14296.813333333334,Fair
LN101819,19-Feb-2016,32.0,Female,Single,2,Salaried,,667.0,207852.22,120,11.4,Auto,1,Bengaluru,1,2016,2,4,2910.427308777229,0.06063390226619227,0.3608545486111111,141399.05705326746,16000.0,Fair
LN101888,2017-11-24,52.0,Male,Divorced,2,Self-Employed,25129.66,702.0,814179.41,12,7.55,Business,1,Hyderabad,1,2017,11,4,70653.99465360356,2.811577818943971,2.699928457713581,33668.52584324265,8376.553333333333,Good
LN100305,11/11/2018,53.0,Male,Single,1,Salaried,100180.51,781.0,134173.42,84,16.97,Personal,1,Chennai,0,2018,11,6,2739.6149067693555,0.02734678538539438,0.11160971663383762,95954.23216862584,50090.255,Very_Good
LN101589,28-Jan-2018,27.0,Male,Single,4,Salaried,30023.23,550.0,317190.0,60,9.13,Personal,0,Chennai,1,2018,1,6,6604.361756922264,0.21997505787759225,0.8804016090207483,79071.70541533583,6004.646,Very_Poor
LN101099,2020-03-16,28.0,Male,Single,3,Self-Employed,79464.26,652.0,152063.75,12,10.65,Auto,2,Mumbai,0,2020,3,0,13414.71355174433,0.16881442741358607,0.159467654599271,8912.812620931945,19866.065,Fair
LN100336,25-Feb-2016,61.0,Female,Single,2,Retired,88900.61,669.0,407946.12,48,14.32,Personal,1,Hyderabad,1,2016,2,3,11213.31020797285,0.12613310761279198,0.38239906340350194,130292.76998269686,29633.536666666667,Fair
LN100996,08-06-2017,22.0,Female,Married,1,Retired,47751.37,625.0,269311.72,12,11.65,Education,0,Pune,1,2017,8,6,23883.752942276104,0.5001689572943374,0.4699895172292089,17293.315307313285,23875.685,Fair
LN100570,2015-12-29,37.0,Male,Single,1,Self-Employed,26461.59,775.0,76943.05,24,10.41,Education,0,Pune,0,2015,12,1,3565.0938551579507,0.13472712165663328,0.24231048978286387,8619.20252379081,13230.795,Very_Good
LN100089,05-16-2023,41.0,Male,Divorced,1,Unemployed,40608.13,586.0,121475.27,24,18.07,Auto,1,Chennai,1,2023,5,1,6068.639088398506,0.14944394357480895,0.24928355889982298,24172.068121564123,20304.065,Fair
LN101923,04/05/2017,24.0,Male,Divorced,2,Salaried,50350.16,655.0,179317.12,48,10.13,Home,1,Pune,1,2017,4,2,4559.139500804284,0.09054865964287469,0.296783432929177,39521.57603860562,16783.38666666667,Fair
LN101601,21-Oct-2021,35.0,Male,Divorced,2,Self-Employed,23169.4,621.0,348247.08,60,13.95,Business,1,Mumbai,1,2021,10,3,8094.0679440409085,0.34934301035162363,1.252539556483983,137396.99664245447,7723.133333333334,Fair
LN100713,20-Apr-2023,29.0,Male,Single,2,Self-Employed,87623.49,624.0,96636.9,48,7.43,Auto,0,Chennai,0,2023,4,3,2333.411767849549,0.026629979790231465,0.09190543540322348,15366.864856778353,29207.83,Fair
LN101910,01-31-2017,74.0,Male,Single,2,Self-Employed,23778.11,472.0,46522.2,48,19.22,Business,2,Mumbai,1,2017,1,1,1396.4246463303016,0.058727318795745394,0.1630428154298218,20506.18302385448,7926.036666666667,Very_Poor
LN101950,2023-06-20,45.0,Female,Married,1,Salaried,48257.28,821.0,323087.28,24,12.89,Auto,0,Bengaluru,0,2023,6,1,15343.417769953785,0.3179503231419961,0.5579249389936607,45154.746478890826,24128.64,Exceptional
LN101448,26/01/2021,46.0,Male,Single,2,Unemployed,50482.28,691.0,80007.24,120,15.17,Education,1,Bengaluru,0,2021,1,1,1299.1379823543898,0.025734534619957533,0.1320714912242474,75889.31788252677,16827.426666666666,Good
LN100222,06-10-2023,29.0,Male,Married,1,Salaried,58075.37,581.0,66406.83,60,6.97,Auto,4,Delhi,0,2023,6,5,1313.9919404335394,0.02262563183727524,0.09528828658345181,12432.68642601237,29037.685,Fair
LN100320,07-07-2015,29.0,Female,Single,0,Self-Employed,70314.95,555.0,337812.61,84,15.11,Business,0,Mumbai,1,2015,7,1,6539.549269398899,0.09300368228092176,0.40035655053915753,211509.52862950752,70314.95,Very_Poor
LN101845,2023-03-20,27.0,Female,Married,1,Self-Employed,72277.29,541.0,176841.87,84,7.25,Business,1,Delhi,0,2023,3,0,2690.6775878353933,0.037227150988026717,0.20389284794712143,49175.04737817304,36138.645,Very_Poor
LN100879,27-Aug-2016,30.0,Male,Divorced,1,Self-Employed,70248.89,643.0,162595.91,60,12.31,Education,1,Mumbai,0,2016,8,5,3642.3746005223506,0.05184956802196235,0.19288075821079406,55946.56603134103,35124.445,Fair
LN101894,07-03-2022,25.0,Male,Single,1,Unemployed,44459.3,642.0,179778.15,60,12.48,Home,4,Mumbai,0,2022,7,6,4042.8044488247897,0.0909327058416302,0.3369713985600312,62790.11692948738,22229.65,Fair
LN100826,07-05-2020,31.0,Female,Single,2,Unemployed,18899.33,642.0,934234.55,84,13.41,Home,2,Mumbai,1,2020,7,6,17204.48187900026,0.9103223171932687,4.119345985633705,510941.9278360219,6299.776666666668,Fair
LN101031,2018-05-24,47.0,Male,Married,0,Salaried,49251.63,745.0,262569.06,48,11.04,Personal,1,Chennai,0,2018,5,3,6791.323862824507,0.13789033708781837,0.444264585760918,63414.48541557632,49251.63,Very_Good
LN101539,06-Jun-2019,35.0,Male,Divorced,1,Unemployed,66097.44,649.0,530912.66,120,12.89,Home,1,Bengaluru,1,2019,6,3,7892.684460168815,0.11940983584491041,0.669356054737773,416209.47522025777,33048.72,Fair
LN100139,05-03-2019,51.0,Female,Married,0,Unemployed,41842.8,729.0,338926.61,36,10.91,Personal,1,Hyderabad,1,2019,5,4,11081.553921397224,0.26483777188422436,0.6749998605893167,60009.33117030008,41842.8,Good
LN100164,2020-04-29,47.0,Female,Divorced,2,Unemployed,47149.63,633.0,1858304.92,60,11.9,Personal,1,Pune,1,2020,4,2,41243.0706185399,0.8747273439587947,3.2844105740243,616279.3171123941,15716.543333333333,Fair
LN101874,06/08/2019,59.0,Female,Married,0,Self-Employed,,699.0,502683.64,84,13.4,Business,1,Delhi,1,2019,6,5,9254.465795274475,0.19280137073488487,0.8727146527777778,274691.48680305586,48000.0,Good
LN100961,2015-10-26,39.0,Female,Divorced,2,Self-Employed,48289.98,499.0,171906.65,24,10.93,Education,1,Mumbai,1,2015,10,0,8006.578715774319,0.16580207148096393,0.29665686684207915,20251.239178583666,16096.660000000002,Very_Poor
LN101512,01/05/2022,33.0,Male,Single,0,Salaried,31430.61,603.0,170472.86,84,13.16,Education,0,Chennai,0,2022,1,2,3116.0818377648143,0.09914162778784166,0.45198205401252683,91278.01437224442,31430.61,Fair
LN101766,2020-03-03,49.0,Male,Married,1,Self-Employed,74141.63,771.0,338130.55,84,10.37,Business,0,Bengaluru,0,2020,3,1,5678.216467854908,0.0765860754323166,0.38005026101170597,138839.63329981227,37070.815,Very_Good
LN101804,24-Nov-2021,37.0,Female,Single,2,Self-Employed,24747.94,756.0,139500.73,84,9.64,Business,1,Pune,0,2021,11,2,2290.009107263328,0.09253332225887602,0.46973852503817837,52860.03501011955,8249.313333333334,Very_Good
LN101362,2023-09-04,50.0,Female,Married,1,Salaried,42051.73,670.0,79000.27,120,12.5,Auto,2,Hyderabad,0,2023,9,0,1156.3752160971035,0.027498873794184052,0.15655374543052886,59764.7559316524,21025.865,Good
LN101897,07-24-2019,64.0,Male,Divorced,0,Unemployed,31498.83,639.0,136423.62,60,12.5,Home,1,Delhi,0,2019,7,2,3069.246615529012,0.09744001969371599,0.36092245331017053,47731.176931740745,31498.83,Fair
LN100634,05-21-2016,44.0,Male,Divorced,0,Unemployed,24038.48,487.0,454892.34,48,5.06,Personal,0,Delhi,1,2016,5,5,10488.170576215323,0.4363075608863507,1.5769589008955642,48539.84765833552,24038.48,Very_Poor
LN101454,2018-11-12,,Male,Divorced,1,Retired,32609.03,613.0,362523.97,48,13.63,Personal,0,Mumbai,1,2018,11,0,9839.33474057075,0.3017365049058727,0.9264406464507939,109764.09754739603,16304.515,Fair
LN100656,2018-03-02,,Female,Divorced,1,Retired,26340.83,696.0,588564.27,24,7.58,Education,0,Mumbai,1,2018,3,4,26506.40529043946,1.0062858797706624,1.8620150731772689,47589.45697054698,13170.415,Good
LN100017,2016-01-22,40.0,Female,Divorced,0,Self-Employed,58292.23,588.0,233883.31,36,11.88,Auto,0,Chennai,0,2016,1,4,7754.856447455961,0.13303413589522928,0.3343546100969775,45291.52210841462,58292.23,Fair
LN101715,13/02/2016,28.0,Female,Divorced,1,Retired,20453.43,755.0,,12,13.24,Personal,1,Mumbai,0,2016,2,5,17885.855769320904,0.8744673030059459,0.8148592518060133,14630.269231850863,10226.715,Very_Good
LN101222,2020-09-10,35.0,Male,Single,2,Self-Employed,65634.43,716.0,317717.89,120,11.88,Business,0,Chennai,0,2020,9,3,4536.31377822646,0.06911484990768504,0.40339332318926724,226639.76338717516,21878.14333333333,Good
LN100138,30/05/2015,38.0,Male,Single,2,Salaried,34051.66,,376511.8,24,12.5,Personal,1,Chennai,1,2015,5,5,17811.696696750456,0.5230786603869079,0.9214230182414992,50968.92072201095,11350.553333333335,Fair
LN101284,2020-05-11,34.0,Male,Single,0,Self-Employed,27752.11,592.0,162375.44,24,5.33,Business,0,Pune,0,2020,5,0,7147.594126627266,0.25755137633236774,0.48757686052219695,9166.81903905439,27752.11,Fair
LN100698,26/05/2022,44.0,Male,Married,3,Salaried,79314.21,735.0,421483.27,84,9.11,Business,0,Mumbai,1,2022,5,3,6804.822515367179,0.08579575482586511,0.4428412743861829,150121.82129084307,19828.5525,Good
LN101098,03-10-2021,51.0,Female,Divorced,0,Self-Employed,116938.0,618.0,115713.58,24,7.06,Personal,2,Delhi,0,2021,3,2,5183.909160841101,0.04433040723153381,0.08246077693592616,8700.239860186426,116938.0,Fair
LN101699,19-Oct-2015,34.0,Female,Single,2,Self-Employed,127497.17,643.0,104164.93,12,11.72,Personal,2,Hyderabad,0,2015,10,0,9241.21449135418,0.07248172246767658,0.06808316477403642,6729.643896250171,42499.056666666664,Fair
LN101997,20-Oct-2017,38.0,Female,Divorced,1,Salaried,52176.69,611.0,124154.04,48,10.94,Business,1,Chennai,0,2017,10,4,3205.2038008036393,0.06142980324745857,0.198291037626189,29695.742438574685,26088.345,Fair
LN100328,01-15-2019,56.0,Male,Single,2,Unemployed,30553.87,546.0,440700.23,36,12.02,Home,0,Delhi,1,2019,1,1,14641.730150249987,0.4792103308107938,1.2019760235500991,86402.05540899956,10184.623333333333,Very_Poor
LN100318,2019-04-20,,Male,Divorced,1,Salaried,33115.43,753.0,230221.99,60,13.78,Personal,2,Chennai,0,2019,4,5,5330.635597110944,0.16097135374992697,0.5793421928488723,89616.14582665666,16557.715,Very_Good
LN101607,28/10/2016,30.0,Male,Married,1,Self-Employed,37858.7,674.0,655143.13,120,8.94,Auto,3,Bengaluru,1,2016,10,4,8277.811806899548,0.21865018626893024,1.4420796496798183,338194.28682794573,18929.35,Good
LN101170,2018-07-12,25.0,Female,Divorced,0,Self-Employed,73936.41,801.0,198476.83,36,8.55,Auto,0,Hyderabad,0,2018,7,3,6270.002631630959,0.08480263826213577,0.2237021764152916,27243.264738714526,73936.41,Exceptional
LN100527,14-Jan-2015,58.0,Female,Single,2,Salaried,23907.66,626.0,125554.98,84,10.46,Personal,0,Delhi,0,2015,1,2,2114.3225685465054,0.08843703518230163,0.4376386062040367,52048.115757906446,7969.22,Fair
LN100088,20-May-2023,32.0,Male,Married,1,Unemployed,36335.04,699.0,128539.39,84,9.51,Auto,4,Bengaluru,0,2023,5,5,2101.501523467339,0.057836774735003434,0.2948012671331402,47986.7379712565,18167.52,Good
LN101517,2016-12-22,48.0,Male,Single,0,Salaried,,699.0,550269.13,36,13.22,Education,1,Mumbai,1,2016,12,3,18599.066579840175,0.38748055374667034,0.9553283506944444,119297.2668742463,48000.0,Good
LN100149,14-May-2020,46.0,Female,Married,0,Self-Employed,59312.73,766.0,318451.97,60,10.58,Education,0,Hyderabad,0,2020,5,3,6857.392203984119,0.1156141726065234,0.44741936792770565,92991.5622390472,59312.73,Very_Good
LN101720,20/11/2015,45.0,Female,Single,0,Retired,54786.22,478.0,210724.37,120,11.95,Education,1,Delhi,0,2015,11,4,3017.1935084100933,0.055072124129207915,0.3205252008017101,151338.8510092112,54786.22,Very_Poor
LN101534,12-06-2019,37.0,Male,Single,1,Salaried,56207.04,659.0,70654.67,48,6.97,Auto,3,Chennai,0,2019,12,4,1690.9255051777266,0.030083873927140205,0.10475358899288535,10509.75424853088,28103.52,Fair
LN100366,06/07/2018,38.0,Female,Divorced,0,Self-Employed,53833.31,525.0,346382.79,60,13.99,Education,1,Mumbai,1,2018,6,3,8057.917961971516,0.14968275147806287,0.5361965017569976,137092.287718291,53833.31,Very_Poor
LN100590,25/04/2023,34.0,Female,Married,1,Salaried,44297.86,623.0,149847.18,48,14.72,Personal,2,Pune,0,2023,4,1,4149.116430085522,0.09366403772294014,0.28189318851971623,49310.408644105046,22148.93,Fair
LN101585,2020-10-07,27.0,Male,Divorced,2,Salaried,45114.15,754.0,162729.86,36,15.22,Personal,0,Pune,0,2020,10,2,5658.621659812976,0.12542897649214216,0.3005890982467067,40980.519753267145,15038.050000000001,Very_Good
LN100199,03-08-2015,45.0,Female,Single,0,Unemployed,,592.0,268967.49,120,13.4,Business,3,Hyderabad,1,2015,3,6,4079.6780404551155,0.08499329250948157,0.46695744791666666,220593.87485461385,48000.0,Fair
LN101998,06-22-2015,27.0,Female,Married,0,Self-Employed,60341.12,743.0,253024.44,84,10.32,Education,1,Hyderabad,0,2015,6,0,4242.455342898799,0.07030786539757299,0.3494361722155638,103341.80880349915,60341.12,Very_Good
LN100193,31/07/2019,35.0,Female,Divorced,1,Unemployed,157484.42,676.0,373108.85,60,16.88,Business,0,Hyderabad,0,2019,7,2,9248.651677591402,0.05872740730537917,0.19743162000829456,181810.25065548415,78742.21,Good
LN100405,2021-04-21,25.0,Female,Divorced,0,Self-Employed,,,154331.36,24,9.78,Education,1,Bengaluru,1,2021,4,2,7105.915466573659,0.1480399055536179,0.2679363888888889,16210.611197767837,48000.0,Fair
LN100655,02-Oct-2021,40.0,Male,Single,2,Self-Employed,19999.48,624.0,235985.84,12,10.19,Auto,2,Mumbai,1,2021,10,5,20767.569272209887,1.0384054621525103,0.9832998991307107,13224.991266518628,6666.493333333333,Fair
LN100251,20/07/2018,27.0,Female,Divorced,0,Self-Employed,,556.0,334593.28,48,11.34,Home,0,Delhi,1,2018,7,4,8703.072927462175,0.18131401932212865,0.5808911111111111,83154.22051818436,48000.0,Very_Poor
LN100484,2021-03-24,29.0,Female,Single,1,Unemployed,109618.38,670.0,310263.57,84,8.53,Home,1,Bengaluru,0,2021,3,2,4918.160399235641,0.044866202175544295,0.23586644411274824,102861.90353579388,54809.19,Good
LN101183,01-01-2016,27.0,Female,Divorced,1,Retired,89343.63,668.0,54752.49,60,12.57,Personal,10,Delhi,0,2016,1,4,1233.767002617906,0.013809232987487815,0.05106919765852361,19273.530157074354,44671.815,Fair
LN101533,09-07-2021,45.0,Female,Divorced,0,Unemployed,16151.58,737.0,183150.09,60,12.85,Education,4,Chennai,1,2021,9,1,4153.172789994893,0.25713724539610944,0.944954456468036,66040.27739969359,16151.58,Good
LN100792,2016-04-22,31.0,Male,Divorced,2,Retired,111139.47,579.0,332597.56,120,9.32,Personal,1,Delhi,0,2016,4,4,4271.018261181882,0.03842935602609839,0.24938451958906527,179924.63134182582,37046.49,Very_Poor
LN100800,27-Jun-2019,34.0,Male,Divorced,0,Retired,132281.86,510.0,74422.16,36,10.75,Education,2,Hyderabad,0,2019,6,3,2427.6781784704476,0.018352313601203128,0.04688357622629941,12974.254424936109,132281.86,Very_Poor
LN100385,06-Dec-2017,25.0,Male,Single,0,Self-Employed,23424.49,,,60,13.85,Home,0,Chennai,1,2017,12,2,4638.107005919501,0.19800247543999894,0.7115060633835215,78286.42035517003,23424.49,Fair
LN100751,28-Oct-2021,37.0,Female,Married,2,Self-Employed,37847.44,775.0,499379.24,60,16.79,Personal,2,Bengaluru,1,2021,10,3,12354.532796874419,0.3264298139286149,1.0995442932643968,241892.72781246516,12615.813333333334,Very_Good
LN101202,23/04/2017,38.0,Female,Single,1,Unemployed,26524.54,560.0,982287.82,48,9.74,Personal,0,Hyderabad,1,2017,4,6,24790.831941174038,0.9346375824490843,3.0860975660024015,207672.11317635386,13262.27,Very_Poor
LN100423,2015-02-21,59.0,Male,Married,1,Unemployed,56137.17,734.0,105869.45,120,6.28,Auto,0,Bengaluru,0,2015,2,5,1190.3079751341847,0.02120356218765899,0.15715886936706402,36967.50701610216,28068.585,Good
LN100315,12-10-2020,,Male,Single,0,Salaried,39815.7,564.0,304300.91,48,7.05,Business,2,Hyderabad,1,2020,12,3,7293.90267215824,0.18319162220325752,0.6368947215964221,45806.41826359555,39815.7,Very_Poor
LN101022,2016-10-25,40.0,Female,Single,0,Salaried,47405.57,576.0,619377.64,84,9.42,Home,0,Mumbai,1,2016,10,1,10097.729014145709,0.2130072270863046,1.0887919570070212,228831.59718823957,47405.57,Very_Poor
LN100544,16/08/2016,22.0,Female,Married,1,Retired,79509.87,776.0,85304.85,84,6.77,Business,1,Delhi,0,2016,8,1,1277.9067838667645,0.016072303776459004,0.08940698179986964,22039.31984480821,39754.935,Very_Good
LN100914,16/12/2018,49.0,Female,Single,1,Unemployed,19507.06,672.0,369758.6,84,6.65,Home,4,Bengaluru,1,2018,12,6,5517.588379931515,0.282850843742292,1.5795930635711717,93718.82391424727,9753.53,Good
LN100663,17/01/2019,45.0,Female,Married,2,Unemployed,46966.79,683.0,102516.51,24,12.4,Education,0,Hyderabad,0,2019,1,3,4844.962847724918,0.10315720635208235,0.1818953882094135,13762.598345398044,15655.596666666666,Good
LN100903,04/03/2019,49.0,Male,Single,3,Salaried,56818.57,777.0,121825.23,12,6.75,Home,0,Hyderabad,0,2019,4,2,10526.954401315123,0.18527313167711054,0.17867578328704858,4498.222815781468,14204.6425,Very_Good
LN101467,2023-03-20,32.0,Female,Divorced,2,Salaried,43386.02,518.0,439357.77,12,12.53,Home,0,Chennai,1,2023,3,0,39145.128304050835,0.9022521149451099,0.8438927447136197,30383.769648610032,14462.006666666666,Very_Poor
LN101764,29-Jan-2022,29.0,Male,Divorced,1,Retired,39730.24,541.0,183440.9,84,6.49,Business,1,Hyderabad,1,2022,1,5,2723.101236748838,0.0685397630809388,0.3847633859414558,45299.60388690239,19865.12,Very_Poor
LN100160,2019-06-29,38.0,Male,Single,1,Retired,63447.6,509.0,137264.24,36,13.38,Education,0,Bengaluru,0,2019,6,5,4650.128918947491,0.07329085605992175,0.18028556898395948,30140.40108210969,31723.8,Very_Poor
LN101000,2018-07-13,43.0,Male,Single,0,Unemployed,37303.29,640.0,290263.46,36,17.11,Business,1,Hyderabad,1,2018,7,4,10364.565979620525,0.2778458945476532,0.6484313224561874,82860.91526633891,37303.29,Fair
LN101863,2016-08-30,59.0,Female,Divorced,2,Unemployed,26984.26,477.0,136589.31,36,10.75,Education,1,Chennai,1,2016,8,1,4455.593432108599,0.1651182367835397,0.42181784862731087,23812.053555909544,8994.753333333332,Very_Poor
LN101870,01/04/2017,34.0,Male,Married,0,Self-Employed,21166.65,717.0,339949.6,12,13.35,Home,0,Delhi,1,2017,1,2,30419.008443066603,1.437119640711525,1.3383853058152013,25078.50131679926,21166.65,Good
LN100203,2015-02-18,,Male,Married,3,Retired,53740.64,812.0,473194.81,12,11.63,Personal,0,Delhi,1,2015,2,2,41960.58270888704,0.7807979716818975,0.7337631415132633,30332.182506644516,13435.16,Exceptional
LN101024,28/04/2021,28.0,Male,Single,1,Salaried,50410.56,828.0,67659.19,48,4.83,Education,2,Pune,0,2021,4,2,1552.9311046289981,0.03080567057039236,0.11184691924337548,6881.5030221919005,25205.28,Exceptional
LN101612,2019-09-16,35.0,Female,Divorced,0,Self-Employed,31141.9,636.0,526704.05,12,9.66,Personal,1,Delhi,1,2019,9,0,46221.94938500525,1.4842366517458874,1.4094195976053698,27959.34262006299,31141.9,Fair
LN101247,16/10/2022,48.0,Female,Divorced,1,Retired,75468.44,636.0,68645.5,48,11.11,Business,1,Hyderabad,0,2022,10,6,1777.8448544639732,0.023557461297251846,0.07579934517439785,16691.053014270714,37734.22,Fair
LN100113,16-Dec-2022,38.0,Male,Married,0,Salaried,34760.2,638.0,96329.66,48,10.43,Business,1,Pune,0,2022,12,4,2463.1048521438843,0.07085991600001969,0.23093859260495245,21899.37290290644,34760.2,Fair
LN101918,03-18-2020,39.0,Male,Married,1,Salaried,29456.6,586.0,72374.54,48,10.88,Personal,2,Delhi,0,2020,3,2,1866.3394974355429,0.06335895851644599,0.2047490771734235,17209.755876906056,14728.3,Fair
LN101680,02-02-2017,27.0,Male,Single,4,Salaried,47760.89,687.0,153470.73,36,16.79,Auto,0,Delhi,0,2017,2,3,5455.615379395135,0.11422767413662382,0.2677761553438389,42931.42365822487,9552.178,Good
LN100981,04-15-2017,40.0,Male,Divorced,0,Salaried,32108.73,748.0,522596.33,60,10.87,Home,0,Delhi,1,2017,4,5,11328.64303706609,0.35282127437198824,1.3563194236167755,157122.2522239653,32108.73,Very_Good
LN100923,22/01/2016,42.0,Female,Married,1,Self-Employed,,698.0,57647.91,84,13.99,Education,3,Hyderabad,0,2016,1,4,1080.0034153114257,0.022500071152321367,0.10008317708333334,33072.37688615975,24000.0,Good
LN101596,08-01-2019,35.0,Male,Divorced,1,Unemployed,53122.0,649.0,332666.85,60,12.46,Auto,1,Bengaluru,1,2019,8,3,7477.543143221738,0.14076170218029702,0.5218598226723391,115985.7385933043,26561.0,Fair
LN101672,2019-04-26,43.0,Male,Married,1,Retired,41499.34,747.0,475114.84,12,9.36,Education,1,Bengaluru,1,2019,4,4,41628.427251115965,1.0031105856410238,0.9540610364727087,24426.287013391557,20749.67,Very_Good
LN101488,01-Sep-2023,38.0,Female,Single,0,Self-Employed,73640.2,596.0,250301.06,120,8.28,Personal,0,Delhi,0,2023,9,4,3073.9992179357114,0.04174349360723778,0.2832477596023187,118578.84615228535,73640.2,Fair
LN101302,12/09/2017,37.0,Male,Married,1,Salaried,17450.94,636.0,239199.53,24,8.71,Business,1,Bengaluru,0,2017,12,5,10895.911646556406,0.6243739103198113,1.142247590483187,22302.349517353723,8725.47,Fair
LN100816,19-May-2023,37.0,Female,Single,2,Unemployed,51305.97,659.0,399813.06,36,12.93,Personal,0,Mumbai,1,2023,5,4,13457.77718124861,0.26230431236849455,0.649393335707326,84666.91852494999,17101.99,Fair
LN101432,2020-10-28,33.0,Female,Single,0,Unemployed,80031.0,631.0,1059571.18,120,10.77,Personal,3,Hyderabad,1,2020,10,2,14457.979618797082,0.1806547415226235,1.103292453340997,675386.37425565,80031.0,Fair
LN101353,2017-12-22,54.0,Male,Divorced,1,Unemployed,25429.62,741.0,353500.3,36,13.1,Auto,0,Bengaluru,1,2017,12,4,11927.831112228803,0.4690526681967251,1.1584269970740158,75901.62004023691,12714.81,Very_Good
LN100680,05-Aug-2019,28.0,Female,Divorced,1,Retired,,717.0,130844.49,60,6.51,Home,0,Hyderabad,0,2019,8,0,2560.7289256939566,0.05334851928529076,0.22716057291666666,22799.2455416374,24000.0,Good
LN101094,09/04/2022,31.0,Male,Divorced,0,Self-Employed,73692.93,543.0,128562.48,48,5.63,Business,1,Chennai,1,2022,9,6,2997.52096839962,0.040675828310797524,0.14538083911170313,15318.526483181762,73692.93,Very_Poor
LN100081,2023-07-12,37.0,Female,Married,1,Salaried,66858.66,665.0,78062.02,84,12.14,Personal,2,Chennai,0,2023,7,2,1383.8582370288063,0.020698264623143902,0.09729731845258839,38182.071910419734,33429.33,Fair
LN101409,11/12/2020,19.0,Male,Single,1,Unemployed,52300.49,635.0,108397.94,60,11.69,Education,4,Bengaluru,0,2020,11,3,2394.3027965638544,0.04577973928282229,0.1727165781174644,35260.22779383126,26150.245,Fair
LN101611,2015-01-21,34.0,Male,Married,0,Unemployed,103723.01,733.0,209117.65,24,6.11,Business,1,Hyderabad,0,2015,1,2,9278.518783737107,0.08945477752465057,0.1680096907458946,13566.800809690583,103723.01,Good
LN100753,2022-03-14,51.0,Male,Single,2,Self-Employed,30733.95,584.0,106204.09,60,7.57,Auto,0,Chennai,0,2022,3,0,2131.641961726179,0.06935789124815323,0.2879662664035483,21694.42770357075,10244.65,Fair
LN101987,2022-08-08,41.0,Male,Married,0,Retired,30343.56,518.0,314270.13,48,13.69,Personal,3,Bengaluru,1,2022,8,0,8539.09268886798,0.28141367357251357,0.863088493901177,95606.31906566303,30343.56,Very_Poor
LN101382,23/03/2022,32.0,Male,Divorced,0,Salaried,84400.65,543.0,252466.47,36,9.45,Business,3,Bengaluru,0,2022,3,2,8081.321429874634,0.09574951650105343,0.24927382075848944,38461.10147548685,84400.65,Very_Poor
LN101055,30-Jun-2022,38.0,Female,Single,1,Unemployed,71419.0,595.0,423411.97,12,10.58,Personal,3,Mumbai,1,2022,6,3,37338.61637173652,0.5228106858362134,0.49404683394241494,24651.426460838295,35709.5,Fair
LN100243,19/10/2019,57.0,Male,Married,2,Salaried,97804.61,533.0,322157.38,84,9.49,Auto,0,Chennai,1,2019,10,5,5263.6790547870305,0.0538183123963894,0.27449062302209815,119991.66060211055,32601.536666666667,Very_Poor
LN101406,06-10-2023,25.0,Female,Single,1,Salaried,89630.39,826.0,155745.98,48,4.49,Personal,0,Delhi,0,2023,6,5,3550.8320140764436,0.0396163847337543,0.14480391825436292,14693.956675669266,44815.195,Exceptional
LN100642,13/03/2020,29.0,Female,Divorced,0,Self-Employed,38924.01,447.0,251494.83,12,10.18,Home,0,Hyderabad,1,2020,3,4,22131.24346156324,0.5685756288101673,0.5384312279233305,14080.09153875892,38924.01,Very_Poor
LN100697,23-Feb-2018,23.0,Female,Divorced,0,Salaried,94345.8,625.0,124218.26,84,7.24,Auto,1,Bengaluru,0,2018,2,4,1889.3907735469468,0.020026230881999483,0.10971894527013036,34490.56497794353,94345.8,Fair
LN100210,09-04-2023,28.0,Male,Married,1,Unemployed,86052.89,542.0,627733.55,120,8.3,Auto,1,Bengaluru,1,2023,9,0,7716.0066864256105,0.08966586347565562,0.6078950883191334,298187.25237107323,43026.445,Very_Poor
LN100503,2019-01-11,29.0,Female,Single,0,Unemployed,76478.93,792.0,313605.95,60,15.63,Home,1,Hyderabad,1,2019,1,4,7564.7655877817015,0.09891306779241946,0.34171279810879507,140279.98526690208,76478.93,Very_Good
LN100771,11-May-2020,45.0,Female,Single,4,Retired,125743.65,711.0,354433.81,12,8.0,Education,1,Pune,0,2020,5,0,30831.268883382785,0.2451914580448618,0.23489178843888608,15541.416600593424,25148.73,Good
LN101915,2023-09-16,65.0,Male,Married,2,Retired,55637.97,601.0,62562.55,48,16.92,Business,2,Chennai,0,2023,9,5,1802.6547722995394,0.03239972220948283,0.09370481765120714,23964.879070377894,18545.99,Fair
LN100436,12-01-2021,49.0,Male,Divorced,1,Salaried,39019.11,616.0,724940.92,12,10.69,Education,2,Bengaluru,1,2021,12,2,63966.132230492505,1.6393539532422063,1.5482604122270687,42652.66676590999,19509.555,Fair
LN101064,30-Oct-2017,46.0,Female,Single,2,Salaried,38609.52,559.0,946709.53,48,10.77,Home,0,Hyderabad,1,2017,10,0,24362.54901097832,0.6309984949561228,2.0433421817555186,222692.82252695947,12869.839999999998,Very_Poor
LN100975,14-Oct-2018,31.0,Male,Divorced,0,Salaried,26221.16,611.0,168211.29,48,11.81,Home,0,Pune,0,2018,10,6,4413.965169014677,0.16833599920883274,0.5345914330258463,43659.03811270447,26221.16,Fair
LN100552,30/01/2021,60.0,Male,Married,0,Unemployed,55009.91,609.0,251740.52,120,9.71,Personal,1,Hyderabad,1,2021,1,5,3286.4726578829686,0.05974328367166877,0.381356316828489,142636.19894595622,55009.91,Fair
LN101939,19/11/2022,39.0,Male,Married,2,Unemployed,206466.81,896.0,158689.3,60,13.88,Auto,1,Chennai,0,2022,11,5,3682.553711508773,0.01783605661127216,0.0640495599914259,62263.92269052641,68822.27,Exceptional
LN101837,19/02/2015,54.0,Male,Single,3,Retired,48123.67,403.0,260862.96,12,10.4,Personal,1,Delhi,1,2015,2,3,22982.34634726778,0.4775684470296588,0.4517232372344004,14925.196167213348,12030.9175,Very_Poor
LN101014,20-Jul-2023,,Female,Married,2,Self-Employed,52879.42,577.0,299048.36,120,8.28,Home,1,Hyderabad,1,2023,7,3,3672.6749170177586,0.0694537670234991,0.471274016747284,141672.63004213106,17626.47333333333,Very_Poor
LN101988,07/01/2015,33.0,Male,Single,1,Retired,48596.56,628.0,53440.1,36,16.17,Auto,2,Delhi,0,2015,7,2,1883.280593683545,0.03875337253672986,0.09163903096570347,14358.001372607621,24298.28,Fair
LN100467,12-Nov-2016,38.0,Female,Single,2,Salaried,42755.35,667.0,285576.17,60,4.9,Personal,1,Bengaluru,1,2016,11,5,5376.081508725833,0.12574055664907044,0.5566090364519684,36988.72052355,14251.783333333333,Fair
LN101548,08-Oct-2016,47.0,Male,Divorced,0,Self-Employed,32464.06,721.0,107930.43,84,9.07,Personal,2,Delhi,1,2016,10,5,1740.3358348716063,0.05360807720511871,0.2770510681658424,38257.78012921492,32464.06,Good
LN101369,2017-08-06,,Male,Married,1,Unemployed,17202.01,638.0,147016.37,12,8.97,Business,1,Pune,0,2017,8,6,12854.615971535475,0.7472740668988959,0.7122053856884554,7239.021658425714,8601.005,Fair
LN100278,11/12/2018,37.0,Male,Divorced,0,Unemployed,32073.51,701.0,56947.98,24,9.92,Business,1,Hyderabad,0,2018,11,0,2625.7460776133285,0.08186650221984836,0.1479621344841896,6069.92586271988,32073.51,Good
LN101070,23/09/2023,27.0,Male,Single,1,Unemployed,33835.04,739.0,367169.31,36,0.64,Personal,0,Hyderabad,0,2023,9,5,10299.560634159756,0.3044051561387176,0.9043122898628168,3614.872829751228,16917.52,Good
LN101018,2021-04-25,35.0,Male,Married,2,Self-Employed,90823.3,,218416.92,36,10.23,Auto,1,Bengaluru,0,2021,4,6,7071.2888631414735,0.07785765176052262,0.20040463185107785,36149.47907309304,30274.433333333334,Fair
LN101386,05-15-2021,45.0,Male,Divorced,1,Self-Employed,23251.63,642.0,94996.53,120,14.08,Personal,0,Bengaluru,0,2021,5,5,1479.5496311555205,0.06363208218759375,0.3404654856455225,82549.42573866245,11625.815,Fair
LN100723,03-20-2020,47.0,Male,Single,2,Salaried,50981.58,666.0,110858.52,60,5.85,Education,2,Pune,0,2020,3,4,2135.4758117644624,0.041887203412771086,0.18120682018878193,17270.028705867735,16993.86,Fair
LN100941,05-Apr-2018,56.0,Male,Married,3,Retired,41052.62,630.0,111821.12,84,9.5,Education,0,Bengaluru,0,2018,4,3,1827.600391376281,0.044518483628481716,0.2269873802613978,41697.312875607604,10263.155,Fair
LN100787,02/03/2018,41.0,Female,Single,1,Retired,71954.92,676.0,334272.22,12,13.28,Personal,0,Delhi,0,2018,2,5,29900.00206728215,0.4155379794360434,0.3871315308714585,24527.80480738578,35977.46,Good
LN101626,07-22-2019,50.0,Female,Single,1,Salaried,41257.04,561.0,286328.25,24,,Auto,0,Hyderabad,1,2019,7,0,13345.086239203541,0.32346203797469575,0.5783422053545286,33953.819740884996,20628.52,Very_Poor
LN101372,2022-04-10,28.0,Female,Married,1,Salaried,93897.54,685.0,68607.87,120,9.75,Home,1,Mumbai,0,2022,4,6,897.186230869618,0.009554949265652946,0.06088894874136212,39054.47770435417,46948.77,Good
LN101436,26-Nov-2023,33.0,Male,Divorced,2,Unemployed,138076.93,552.0,198543.14,60,12.4,Home,0,Bengaluru,1,2023,11,6,4456.7141574893285,0.03227703684814928,0.1198264016057329,68859.70944935968,46025.64333333333,Very_Poor
LN101492,12-18-2023,24.0,Female,Divorced,2,Self-Employed,53129.51,785.0,149332.31,24,12.77,Home,0,Mumbai,0,2023,12,0,7083.3836625795975,0.13332296237212798,0.234226876300321,20668.897901910357,17709.836666666666,Very_Good
LN100907,2018-03-13,21.0,Male,Single,1,Self-Employed,37582.52,632.0,414663.94,12,9.17,Personal,0,Pune,1,2018,3,1,36295.292253303385,0.9657492965693463,0.9194521371460278,20879.56703964062,18791.26,Fair
LN100564,25-Apr-2018,41.0,Female,Married,2,Retired,29039.76,,286866.54,48,9.8,Business,3,Hyderabad,0,2018,4,2,7248.139168396709,0.24959363191695486,0.8232005016570384,61044.14008304203,9679.92,Fair
LN101250,05/05/2017,34.0,Female,Divorced,4,Salaried,78188.75,708.0,231043.26,12,11.66,Home,2,Pune,0,2017,5,4,20491.01676981582,0.26207116458334245,0.24624520791034518,14848.941237789812,15637.75,Good
LN100389,2015-11-24,21.0,Male,Single,1,Retired,46820.56,642.0,291799.95,120,13.85,Home,2,Mumbai,1,2015,11,1,4504.392089766081,0.09620542961822928,0.5193586428697137,248727.10077192966,23410.28,Fair
LN100023,28/07/2022,39.0,Female,Divorced,0,Self-Employed,31953.45,646.0,136726.26,60,5.63,Auto,1,Pune,0,2022,7,3,2619.8344093478486,0.08198909380201037,0.35657667638392726,20463.804560870893,31953.45,Fair
LN101281,30-Nov-2019,50.0,Female,Married,0,Retired,72790.67,720.0,88927.28,36,12.57,Auto,0,Mumbai,0,2019,11,5,2977.9200001745653,0.04091073760104922,0.10180709514923639,18277.840006284358,72790.67,Good
LN100125,11-13-2015,30.0,Female,Single,1,Self-Employed,76685.06,623.0,476117.26,12,8.98,Auto,1,Mumbai,1,2015,11,4,41632.29700299794,0.5428997121864146,0.517394631148927,23470.30403597525,38342.53,Fair
LN101305,02/01/2020,24.0,Male,Married,0,Self-Employed,61318.45,828.0,162273.61,60,7.88,Auto,2,Chennai,0,2020,2,5,3281.005393624761,0.05350763748308643,0.22053396381241427,34586.71361748566,61318.45,Exceptional
LN100774,2021-10-01,62.0,Male,Married,0,Unemployed,50446.85,746.0,231660.46,48,8.53,Personal,1,Mumbai,0,2021,10,4,5713.30490397889,0.11325394755032059,0.3826807488145114,42578.175390986755,50446.85,Very_Good
  LN100881  ,09/05/2017,43.0,Male,Divorced,0,Retired,92591.24,675.0,109838.71,12,11.13,Business,2,Mumbai,0,2017,9,1,9714.306173439263,0.10491603928664593,0.09885628309258342,6732.964081271159,92591.24,Good
LN101145,2021-08-29,44.0,Female,Divorced,1,Salaried,34960.45,739.0,166514.76,84,9.74,Education,1,Hyderabad,0,2021,8,6,2742.0211484524575,0.07843208964565553,0.39691222510007745,63815.016470006434,17480.225,Good
LN101167,29-Jul-2020,55.0,Female,Single,2,Self-Employed,49483.53,769.0,135107.68,84,5.4,Home,1,Pune,0,2020,7,2,1935.0924688407374,0.039105788710723295,0.22752971207456973,27440.087382621947,16494.51,Very_Good
LN100051,01-Jul-2018,38.0,Male,Married,1,Unemployed,31868.01,787.0,289884.26,60,7.89,Auto,0,Delhi,1,2018,7,6,5862.546508668722,0.18396336980780167,0.7580335787100189,61868.53052012331,15934.005,Very_Good
LN101464,08-Feb-2021,47.0,Male,Single,3,Self-Employed,51315.08,640.0,142437.79,48,11.5,Home,3,Hyderabad,1,2021,2,0,3716.054371563667,0.07241641972620264,0.231312429666549,35932.819835056,12828.77,Fair
LN101530,2020-03-13,40.0,Female,Divorced,0,Salaried,50502.95,477.0,80174.69,120,8.59,Home,1,Hyderabad,0,2020,3,4,997.9139989098126,0.019759518976808537,0.13229374059667143,39574.9898691775,50502.95,Very_Poor
LN101106,26-Aug-2018,34.0,Male,Single,1,Self-Employed,53601.64,346.0,145109.64,60,13.29,Auto,0,Hyderabad,1,2018,8,6,3323.268729702567,0.06199938527445367,0.22559888092976263,54286.483782153984,26800.82,Very_Poor
LN100704,2021-06-29,35.0,Female,Married,0,Unemployed,48354.17,825.0,321537.56,24,15.61,Business,1,Delhi,1,2021,6,1,15683.584690538251,0.3243481315166459,0.5541362134158577,54868.47257291805,48354.17,Exceptional
LN100483,26/05/2020,23.0,Male,Single,0,Self-Employed,60846.42,588.0,391397.21,84,13.98,Personal,3,Delhi,1,2020,5,1,7330.4601973425015,0.12047479863798892,0.5360452458282126,224361.4465767701,60846.42,Fair
LN101146,21/05/2019,50.0,Female,Married,0,Self-Employed,39576.63,697.0,137582.43,12,7.75,Personal,0,Hyderabad,0,2019,5,1,11952.033157862104,0.3019972432686185,0.28969628035535117,5841.96789434526,39576.63,Good
LN100067,09-03-2021,35.0,Male,Single,0,Self-Employed,42771.97,407.0,191375.66,48,10.31,Home,1,Mumbai,1,2021,9,4,4882.312324518634,0.11414747378992911,0.3728603491180478,42975.331576894445,42771.97,Very_Poor
LN101809,25/06/2021,32.0,Male,Divorced,2,Self-Employed,42921.34,564.0,87731.69,84,11.12,Personal,2,Delhi,0,2021,6,4,1507.7201429255713,0.03512751798815161,0.17033424787452273,38916.80200574799,14307.113333333333,Very_Poor
LN100734,2016-10-05,43.0,Male,Divorced,0,Salaried,61592.78,669.0,172418.24,84,11.63,Auto,1,Chennai,1,2016,10,2,3009.640017181434,0.04886351967197185,0.23327712544662974,80391.52144324046,61592.78,Fair
LN101877,03-21-2016,,Female,Married,2,Self-Employed,68753.64,455.0,239504.87,48,8.62,Education,0,Delhi,1,2016,3,0,5916.952655862865,0.08606020940655455,0.2902935636086565,44508.85748141754,22917.88,Very_Poor
LN100802,02-Sep-2022,28.0,Male,Married,0,Retired,38629.05,705.0,128187.0,48,11.68,Home,0,Delhi,0,2022,9,4,3355.5444341713396,0.08686582854539109,0.27653411098642083,32879.13284022431,38629.05,Good
LN101627,10-21-2023,52.0,Female,Married,0,Salaried,49373.04,664.0,88476.46,24,13.19,Auto,3,Chennai,0,2023,10,5,4214.218459447667,0.0853546481935823,0.1493332866141792,12664.783026743986,49373.04,Fair
LN101829,2020-01-16,55.0,Female,Married,1,Unemployed,30210.19,556.0,105223.78,24,12.04,Auto,3,Bengaluru,1,2020,1,3,4955.196162866817,0.1640239986198967,0.2902546568999842,13700.927908803598,15105.095,Very_Poor
  LN100908  ,12-Oct-2015,33.0,Male,Single,0,Unemployed,20902.14,627.0,142062.49,84,9.45,Business,3,Bengaluru,1,2015,10,0,2318.228302649041,0.11090865828326865,0.566379367535254,52668.68742251943,20902.14,Fair
LN100032,28/12/2017,18.0,Male,Married,3,Retired,,589.0,448361.96,120,15.66,Personal,1,Hyderabad,1,2017,12,3,7415.924799886856,0.15449843333097615,0.7784061805555555,441549.0159864227,12000.0,Fair
LN100418,21-Nov-2015,38.0,Female,Divorced,0,Salaried,64806.96,817.0,141883.82,60,11.97,Personal,1,Hyderabad,0,2015,11,5,3153.9728016898416,0.048667192562185324,0.18244416443336745,47354.54810139048,64806.96,Exceptional
LN100882,11-Apr-2022,37.0,Male,Single,2,Unemployed,51220.27,533.0,160406.38,84,10.57,Business,0,Hyderabad,1,2022,4,0,2710.4135320795203,0.052916814614204895,0.2609747729430816,67268.35669467971,17073.423333333332,Very_Poor
LN100633,2019-11-23,,Male,Married,2,Salaried,73947.9,648.0,156389.57,12,9.2,Personal,1,Mumbai,0,2019,11,5,13690.864955519954,0.1851420385909533,0.17623846203430615,7900.809466239443,24649.3,Fair
LN101937,05-Nov-2015,31.0,Female,Married,1,Self-Employed,30280.24,435.0,175119.4,120,15.56,Auto,0,Chennai,0,2015,11,3,2885.6417178514403,0.09529784829484311,0.4819408080429129,171157.60614217285,15140.12,Very_Poor
LN101510,02-13-2018,38.0,Male,Married,1,Unemployed,72528.44,594.0,112965.07,36,15.55,Home,1,Mumbai,0,2018,2,1,3946.458672377004,0.05441256798542756,0.12979399299548333,29107.442205572122,36264.22,Fair
LN100065,01-Aug-2019,27.0,Male,Married,1,Salaried,46032.67,655.0,427595.98,84,5.92,Business,0,Mumbai,1,2019,8,3,6230.160930764576,0.13534215874865776,0.7740806330228798,95737.5381842244,23016.335,Fair
LN101705,05/01/2015,41.0,Female,Divorced,1,Unemployed,82192.85,665.0,358102.03,48,14.48,Education,1,Delhi,1,2015,5,4,9872.096971298784,0.1201089507335344,0.3630709463576617,115758.6246223416,41096.425,Fair
LN101869,2015-04-07,,Male,Married,1,Retired,63048.8,641.0,147282.06,12,11.78,Home,0,Chennai,0,2015,4,1,13070.574400283867,0.2073088528296156,0.19466675019984517,9564.832803406403,31524.4,Fair
LN100078,11/06/2022,40.0,Female,Single,1,Retired,33600.91,594.0,74260.71,60,8.23,Personal,1,Chennai,0,2022,11,6,1513.9239336529001,0.04505603966240498,0.18417336018578068,16574.726019174006,16800.455,Fair
LN100492,23-Jan-2021,49.0,Female,Divorced,1,Self-Employed,34739.48,584.0,27429.81,60,9.34,Auto,1,Bengaluru,0,2021,1,5,573.9337000005013,0.01652107918715252,0.06579884039715045,7006.212000030075,17369.74,Fair
LN101479,07-Feb-2023,39.0,Female,Divorced,1,Unemployed,70980.94,630.0,292373.87,36,8.12,Education,3,Pune,1,2023,2,1,9178.095007884624,0.12930365543038205,0.3432539660177319,38037.550283846445,35490.47,Fair
LN101603,06/04/2015,43.0,Male,Single,0,Retired,82738.43,651.0,40203.27,36,11.74,Home,1,Chennai,0,2015,6,3,1330.3337131227822,0.016078788455652134,0.04049233832452465,7688.743672420162,82738.43,Fair
LN100533,2018-06-12,49.0,Male,Divorced,3,Salaried,34234.21,639.0,545393.99,48,9.92,Auto,3,Mumbai,1,2018,6,1,13811.627721303405,0.4034452006137546,1.3276047312517703,117564.14062256343,8558.5525,Fair
LN100066,19/12/2017,26.0,Female,Single,0,Salaried,21430.53,724.0,209257.87,84,7.13,Education,1,Delhi,0,2017,12,1,3171.5720184376783,0.14799316761823803,0.8137062328058772,57154.17954876495,21430.53,Good
LN101778,21/08/2023,56.0,Female,Divorced,1,Salaried,32451.73,679.0,208706.34,48,10.66,Education,3,Bengaluru,1,2023,8,0,5359.718759385257,0.16515972366913126,0.5359404567953696,48560.160450492316,16225.865,Good
LN101929,2023-02-08,48.0,Male,Married,0,Unemployed,40443.22,690.0,168120.83,120,11.13,Education,1,Delhi,0,2023,2,2,2328.252300569862,0.057568420629461804,0.3464132966333211,111269.44606838349,40443.22,Good
LN100297,20-Feb-2015,43.0,Male,Single,0,Retired,63144.66,665.0,104983.88,36,7.92,Education,1,Pune,0,2015,2,4,3285.9278204871407,0.05203809507386912,0.13854943025533223,13309.52153753706,63144.66,Fair
LN100592,12-Aug-2023,38.0,Female,Divorced,3,Retired,24642.91,773.0,217103.82,120,13.55,Personal,0,Bengaluru,1,2023,8,5,3312.4000850774396,0.13441594702400972,0.734165932513652,180384.19020929275,6160.7275,Very_Good
LN100768,05-04-2022,,Female,Married,1,Self-Employed,25170.45,627.0,251013.34,84,14.9,Home,1,Pune,1,2022,5,2,4829.667904003493,0.19187848862469656,0.8310450680593049,154678.76393629346,12585.225,Fair
LN101286,01/08/2018,36.0,Female,Divorced,0,Salaried,81346.37,633.0,1025650.54,12,11.4,Education,2,Bengaluru,1,2018,1,0,90839.41751997905,1.116699092042817,1.0507030410002725,64422.47023974848,81346.37,Fair
LN100725,2016-02-08,,Female,Single,1,Unemployed,35565.68,593.0,100229.87,24,11.37,Business,0,Bengaluru,0,2016,2,0,4688.715396014895,0.13183258118542637,0.2348468851619501,12299.299504357492,17782.84,Fair
LN101511,04/04/2015,35.0,Female,Single,2,Unemployed,35173.75,717.0,384572.25,24,14.15,Education,0,Mumbai,1,2015,4,5,18491.628916850746,0.5257224184754468,0.9111251288247628,59226.844004417886,11724.583333333334,Good
LN101306,04-05-2015,,Male,Single,3,Retired,25441.36,597.0,307993.27,24,6.19,Auto,2,Pune,1,2015,4,6,13676.729166764559,0.5375785400923755,1.0088338765432876,20248.23000234936,6360.34,Fair
LN100627,14/09/2022,,Female,Married,0,Retired,60968.82,542.0,319690.83,24,8.21,Auto,0,Hyderabad,1,2022,9,2,14489.307278392911,0.23765110229118608,0.4369594573094904,28052.544681429863,60968.82,Very_Poor
LN101477,07-28-2016,34.0,Female,Divorced,0,Unemployed,106668.52,733.0,443859.98,120,13.46,Personal,1,Chennai,1,2016,7,3,6748.273750260237,0.06326396719725967,0.34675958442722055,365932.8700312284,106668.52,Good
LN100746,12/10/2018,38.0,Male,Married,2,Unemployed,15696.9,638.0,153135.81,120,12.48,Home,1,Delhi,0,2018,12,0,2239.754164876656,0.14268767494706955,0.8129832960648281,115634.68978519872,5232.3,Fair
LN101213,02-25-2017,60.0,Male,Divorced,1,Retired,38737.95,709.0,340595.45,36,10.58,Personal,0,Bengaluru,1,2017,2,5,11083.007074625659,0.28610205430658203,0.7326911766540736,58392.80468652368,19368.975,Good
LN101919,12-01-2021,45.0,Female,Married,1,Salaried,45460.71,657.0,172726.47,84,11.38,Auto,0,Bengaluru,0,2021,12,2,2992.119075039055,0.06581769345527282,0.31662225468981897,78611.53230328063,22730.355,Fair
LN100252,2017-06-02,30.0,Female,Married,0,Self-Employed,,630.0,160181.38,48,18.28,Business,0,Delhi,0,2017,6,4,4728.792428615869,0.09851650892949726,0.2780926736111111,66800.65657356169,48000.0,Fair
LN101917,07/07/2019,42.0,Female,Divorced,3,Salaried,31546.13,749.0,287487.94,24,12.09,Auto,4,Chennai,0,2019,7,6,13545.09186415704,0.42937412177522377,0.7594379511316708,37594.26473976899,7886.5325,Very_Good
  LN101377  ,2016-04-06,44.0,Male,Divorced,0,Self-Employed,60096.0,486.0,247451.36,24,7.01,Personal,0,Mumbai,0,2016,4,2,11080.083573086906,0.1843730626512065,0.34313343095491655,18470.645754085737,60096.0,Very_Poor
LN100983,2021-08-18,35.0,Female,Married,1,Unemployed,51417.35,557.0,233013.66,84,5.84,Education,0,Bengaluru,1,2021,8,2,3386.141357051121,0.06585600691305797,0.3776508318690092,51422.21399229413,25708.675,Very_Poor
LN101865,12-14-2020,34.0,Male,Single,2,Retired,42753.79,596.0,184915.67,24,9.17,Auto,0,Mumbai,0,2020,12,0,8462.213074183725,0.19792895727334872,0.3604274420271669,18177.443780409376,14251.263333333334,Fair
LN100707,04/08/2021,38.0,Female,Divorced,1,Retired,75557.17,607.0,643052.15,48,6.62,Education,0,Chennai,1,2021,4,3,15285.516561530694,0.20230398467188085,0.7092335402009718,90652.64495347335,37778.585,Fair
LN100488,2023-08-18,37.0,Female,Single,0,Self-Employed,43328.13,843.0,371860.48,120,13.91,Business,0,Bengaluru,0,2023,8,4,5753.637449230252,0.13279219410646736,0.715202186970297,318576.01390763023,43328.13,Exceptional
LN100274,19-Feb-2018,25.0,Male,Single,3,Self-Employed,66926.86,706.0,113207.64,48,13.69,Business,1,Delhi,0,2018,2,0,3075.986034842059,0.04596041163207207,0.14095939955945938,34439.68967241883,16731.715,Good
LN101578,03-19-2021,39.0,Male,Divorced,0,Unemployed,38937.12,573.0,533198.29,36,11.59,Personal,1,Delhi,1,2021,3,4,17605.539112819653,0.45215308972054563,1.1411524743826285,100601.11806150747,38937.12,Very_Poor
LN101755,2023-09-10,42.0,Female,Single,1,Unemployed,50592.24,530.0,262698.68,24,16.57,Personal,1,Chennai,1,2023,9,6,12934.172409189927,0.25565526272783984,0.4327058194431926,47721.45782055828,25296.12,Very_Poor
LN100964,18-Apr-2016,42.0,Female,Divorced,1,Retired,26522.66,639.0,254395.77,60,15.38,Personal,0,Chennai,1,2016,4,0,6102.914043692655,0.23010188433937828,0.7993032184554641,111779.07262155929,13261.33,Fair
LN100878,2019-05-13,33.0,Female,Divorced,1,Retired,36205.2,606.0,384815.18,36,13.12,Personal,0,Hyderabad,1,2019,5,0,12988.170395823063,0.35873770607048333,0.8857272343935862,82758.95424963027,18102.6,Fair
LN101471,01-11-2016,52.0,Male,Divorced,0,Unemployed,32986.91,606.0,197964.8,84,6.99,Business,2,Delhi,1,2016,1,0,2986.8469815363314,0.09054643134310947,0.5001094878746346,52930.34644905187,32986.91,Fair
LN101907,21-Jan-2019,34.0,Male,Single,1,Salaried,59748.69,638.0,167246.44,36,7.4,Home,2,Chennai,0,2019,1,0,5194.705600286669,0.08694258569161381,0.23326374742832576,19762.961610320082,29874.345,Fair
LN100412,12-Dec-2015,,Female,Single,0,Salaried,51852.61,753.0,185611.21,12,8.15,Home,0,Bengaluru,0,2015,12,5,16158.712496354929,0.31162775598672715,0.2982993687942291,8293.339956259151,51852.61,Very_Good
LN100668,11-01-2020,37.0,Female,Married,0,Self-Employed,73116.24,635.0,455923.56,84,7.52,Business,1,Chennai,1,2020,11,6,6997.572354572159,0.09570476209624783,0.5196332579465245,131872.51778406143,73116.24,Fair
LN101263,24/06/2020,33.0,Male,Divorced,3,Retired,78666.33,667.0,47855.96,120,8.07,Business,2,Pune,0,2020,6,2,582.3959913527135,0.007403370557044081,0.05069508983915567,22031.558962325616,19666.5825,Fair
LN100150,09/06/2016,52.0,Female,Single,1,Salaried,39679.66,673.0,74581.25,120,13.16,Home,0,Chennai,0,2016,9,1,1120.6271752237394,0.028241854270518934,0.156631991470357,59894.01102684872,19839.83,Good
LN100645,22-Apr-2023,35.0,Male,Single,0,Unemployed,56803.86,712.0,48080.21,48,8.34,Home,1,Delhi,0,2023,4,5,1181.4640018717716,0.02079900911437659,0.07053542077363521,8630.062089845036,56803.86,Good
LN101688,02/02/2022,39.0,Male,Divorced,1,Salaried,13825.71,713.0,236761.32,12,10.86,Auto,4,Hyderabad,0,2022,2,2,20909.716886850147,1.5123792475648736,1.4270594421552312,14155.282642201753,6912.855,Good
LN100219,22/08/2021,38.0,Female,Single,6,Self-Employed,57868.12,611.0,64077.33,84,8.85,Personal,2,Delhi,0,2021,8,6,1026.0727539514346,0.01773122669185442,0.0922749434403606,22112.7813319205,8266.874285714286,Fair
LN100240,10-16-2022,56.0,Female,Divorced,0,Retired,95820.37,533.0,355333.72,84,13.43,Personal,2,Hyderabad,0,2022,10,6,6547.570511557305,0.06833171810500528,0.30902764551350964,194662.2029708136,95820.37,Very_Poor
LN101132,28-Aug-2019,53.0,Male,Married,2,Unemployed,41559.5,648.0,71058.71,24,7.69,Home,0,Chennai,0,2019,8,2,3203.7363280999416,0.07708794206138046,0.1424838885613799,5830.961874398592,13853.166666666666,Fair
LN101217,06-21-2022,,Female,Single,3,Self-Employed,20799.39,685.0,269832.42,24,10.18,Home,0,Hyderabad,1,2022,6,1,12473.770920974534,0.5997181129338185,1.0810910800749445,29538.08210338879,5199.8475,Good
LN100793,28/11/2023,30.0,Female,Divorced,1,Self-Employed,37975.47,657.0,248861.31,12,8.04,Business,0,Bengaluru,1,2023,11,1,21652.39775764689,0.5701679994387664,0.5461010094147617,10967.463091762678,18987.735,Fair
LN100192,18-Dec-2016,35.0,Female,Single,1,Self-Employed,90568.38,554.0,107862.58,24,7.22,Personal,2,Pune,0,2016,12,6,4840.019485426894,0.053440499713331445,0.09924598776453032,8297.887650245451,45284.19,Very_Poor
LN100334,03-Nov-2015,25.0,Female,Divorced,4,Salaried,21085.22,,76971.21,84,8.87,Business,1,Chennai,1,2015,11,1,1233.322219121049,0.058492262310805815,0.3042068093195139,26627.856406168125,4217.044,Fair
LN101385,03-04-2018,20.0,Male,Single,1,Unemployed,79374.72,520.0,172305.7,84,7.9,Home,0,Delhi,1,2018,3,6,2677.013487789639,0.03372627314829758,0.1808990108353558,52563.432974329655,39687.36,Very_Poor
LN101443,14-Mar-2022,50.0,Male,Single,3,Retired,,651.0,455359.79,60,4.22,Home,1,Chennai,1,2022,3,0,8431.391824195704,0.1756539963374105,0.7905551909722222,50523.71945174225,12000.0,Fair
LN100963,2022-08-25,23.0,Female,Married,2,Retired,41543.15,690.0,189791.97,84,11.78,Home,0,Mumbai,0,2022,8,3,3328.0559657277036,0.0801108237032508,0.3807125242067585,89764.73112112712,13847.716666666667,Good
LN101852,27/07/2023,42.0,Male,Married,2,Retired,61630.49,802.0,146790.9,60,5.33,Personal,2,Hyderabad,0,2023,7,3,2792.3639360469056,0.045308157310560176,0.1984825205835618,20750.936162814352,20543.496666666666,Exceptional
  LN101908  ,07-26-2018,30.0,Female,Divorced,0,Salaried,49181.56,726.0,169055.69,120,13.41,Home,0,Delhi,0,2018,7,3,2565.2286295098734,0.052158342059704356,0.2864482982375237,138771.7455411848,49181.56,Good
LN101509,25-Oct-2020,34.0,Male,Single,0,Salaried,103204.99,653.0,406353.94,60,7.47,Personal,0,Hyderabad,1,2020,10,6,8136.68961843834,0.07884007951978232,0.32811231640382243,81847.43710630044,103204.99,Fair
LN101700,15-Dec-2021,35.0,Male,Married,4,Self-Employed,27896.26,767.0,402839.72,12,10.28,Business,1,Hyderabad,1,2021,12,2,35468.163835205414,1.2714307880413152,1.20338628427849,22778.246022465,5579.2519999999995,Very_Good
LN100583,01-26-2017,30.0,Male,Married,2,Salaried,40405.82,592.0,229997.97,36,12.08,Home,0,Mumbai,0,2017,1,3,7647.997322085239,0.18927959690176413,0.47434992038275675,45329.93359506861,13468.606666666667,Fair
LN101469,08/03/2023,37.0,Female,Married,1,Salaried,73901.14,646.0,162934.3,60,12.58,Education,1,Pune,0,2023,8,3,3672.3148494063053,0.04969226251998691,0.18373002545472686,57404.59096437832,36950.57,Fair
LN101505,12-05-2017,23.0,Female,Single,1,Self-Employed,16420.89,665.0,235235.25,84,11.85,Auto,3,Pune,0,2017,12,1,4133.695502278331,0.2517339500038263,1.1937804528256386,111995.17219137982,8210.445,Fair
LN100840,2017-02-08,40.0,Female,Single,3,Unemployed,32029.41,709.0,933525.82,24,8.64,Auto,1,Hyderabad,1,2017,2,2,42493.63096565208,1.326706641354058,2.4288245813248928,86321.32317564997,8007.3525,Good
LN100628,2018-12-22,47.0,Female,Married,1,Unemployed,46715.28,677.0,135198.35,84,9.15,Home,2,Mumbai,0,2018,12,5,2185.520412201827,0.04678384486193441,0.24117439019238818,48385.36462495348,23357.64,Good
LN100324,2022-06-03,42.0,Male,Divorced,1,Unemployed,52788.29,570.0,120746.12,48,14.56,Auto,1,Bengaluru,1,2022,6,4,3333.581040097312,0.06315000997564633,0.1906138021645836,39265.76992467098,26394.145,Very_Poor
LN101727,25/03/2017,25.0,Male,Single,3,Unemployed,38409.54,724.0,243053.12,12,12.31,Auto,0,Bengaluru,0,2017,3,5,21630.07287394765,0.5631432418599038,0.5273280197228779,16507.75448737183,9602.385,Good
LN101161,01-11-2023,41.0,Male,Married,3,Salaried,25124.83,430.0,97555.63,120,10.54,Business,0,Bengaluru,1,2023,1,2,1318.5521174033393,0.05248004135364654,0.32356978468444697,60670.62408840071,6281.2075,Very_Poor
LN100779,2022-07-09,34.0,Female,Single,0,Self-Employed,,644.0,145289.8,12,12.97,Auto,2,Hyderabad,0,2022,7,5,12974.750039135832,0.2703072924819965,0.2522392361111111,10407.200469629985,48000.0,Fair
LN101077,2019-03-31,52.0,Female,Divorced,1,Salaried,67735.92,657.0,276878.95,60,10.91,Personal,1,Chennai,1,2019,3,6,6007.591017634348,0.08869136224376,0.3406353059548513,83576.51105806086,33867.96,Fair
LN100940,30-May-2016,49.0,Female,Divorced,1,Unemployed,52092.89,508.0,238681.0,60,11.56,Business,0,Delhi,1,2016,5,0,5256.403057428754,0.10090442395169004,0.3818195406961168,76703.18344572524,26046.445,Very_Poor
LN100438,25-Jul-2022,39.0,Male,Divorced,3,Self-Employed,38506.65,489.0,41717.35,60,11.68,Personal,1,Delhi,0,2022,7,0,921.246384035525,0.02392434512053178,0.0902817002604312,13557.433042131503,9626.6625,Very_Poor
LN100120,02-28-2016,48.0,Male,Divorced,3,Self-Employed,41671.98,425.0,988219.19,48,6.83,Business,1,Delhi,1,2016,2,6,23586.198902207132,0.5659965977668239,1.9761863767132415,143918.35730594234,10417.995,Very_Poor
LN101751,25/11/2022,21.0,Male,Divorced,0,Salaried,15840.21,667.0,498213.73,12,12.03,Home,2,Bengaluru,1,2022,11,4,44272.33061954277,2.794933313355238,2.621039167620463,33054.237434513285,15840.21,Fair
LN101643,02-18-2020,31.0,Male,Married,3,Salaried,54363.12,769.0,156759.01,36,13.48,Auto,1,Hyderabad,0,2020,2,1,5318.135010465926,0.09782615512991023,0.24029619406195474,34693.850376773335,13590.78,Very_Good
LN101875,10-Sep-2019,21.0,Female,Divorced,4,Self-Employed,62715.23,679.0,87800.47,24,8.76,Personal,1,Delhi,1,2019,9,1,4001.459504770255,0.06380363278218472,0.11666553456526163,8234.55811448612,12543.046,Good
LN101027,10-01-2015,24.0,Male,Single,1,Salaried,34228.83,660.0,90010.31,84,14.19,Home,0,Chennai,1,2015,10,3,1696.2547685415466,0.04955631754113554,0.21913863741958653,52475.09055748992,17114.415,Fair
LN101254,18-Jan-2019,42.0,Male,Divorced,0,Self-Employed,79275.41,654.0,130988.5,48,10.01,Education,1,Pune,0,2019,1,4,3322.829078054194,0.041915003379411016,0.13769349579312593,28507.295746601303,79275.41,Fair
LN101445,03-Nov-2021,43.0,Male,Single,1,Salaried,32321.76,613.0,746826.59,84,9.78,Home,0,Hyderabad,1,2021,11,2,12313.464468689179,0.3809651599631078,1.9255000088691538,287504.4253698911,16160.88,Fair
LN101381,07-30-2016,28.0,Male,Divorced,0,Salaried,81956.34,485.0,616708.1,48,9.97,Auto,2,Delhi,1,2016,7,5,15632.394966090744,0.19074052069785868,0.627069750389862,133646.8583723557,81956.34,Very_Poor
LN100077,11/02/2017,40.0,Male,Single,0,Retired,80125.18,799.0,404359.27,120,5.48,Business,1,Chennai,0,2017,11,3,4384.34846604684,0.054718734685486395,0.420549518058285,121762.54592562083,80125.18,Very_Good
LN101054,09-23-2016,28.0,Male,Married,0,Unemployed,101444.71,779.0,106868.31,24,13.02,Auto,0,Delhi,0,2016,9,4,5081.7010377991655,0.05009330735727043,0.08778863382822032,15092.514907179982,101444.71,Very_Good
LN100901,05-12-2021,24.0,Female,Divorced,2,Unemployed,56231.81,497.0,95033.66,48,15.28,Business,2,Chennai,0,2021,5,2,2658.3627870714176,0.04727507058854086,0.14083615068884794,32567.75377942805,18743.936666666665,Very_Poor
LN100372,10-22-2020,41.0,Male,Single,1,Self-Employed,48477.76,,197251.65,12,8.56,Personal,3,Hyderabad,1,2020,10,3,17209.533423506553,0.3549985276445643,0.3390758463262329,9262.751082078641,24238.88,Fair
LN101964,06-16-2017,42.0,Male,Single,3,Self-Employed,28491.65,639.0,422094.88,12,13.44,Personal,0,Chennai,1,2017,6,4,37787.28997255486,1.3262583940401789,1.234557259173594,31352.599670658354,7122.9125,Fair
LN101438,2021-10-16,,Female,Married,3,Salaried,96051.60253777848,667.0,624613.24,84,6.98,Personal,0,Hyderabad,1,2021,10,5,9420.967161191578,0.09808235273832289,0.541907703339576,166748.00154009263,24012.90063444462,Fair
LN100950,27-Mar-2022,33.0,Male,Divorced,0,Unemployed,22421.44,547.0,193383.99,24,13.8,Education,0,Chennai,1,2022,3,6,9266.63259995372,0.4132933745537183,0.7187465434869482,29015.19239888928,22421.44,Very_Poor
LN100942,21/07/2020,26.0,Female,Divorced,2,Salaried,44986.65,703.0,210936.19,84,12.1,Business,2,Pune,1,2020,7,1,3734.8872896547928,0.0830221252228115,0.3907384931603783,102794.34233100258,14995.550000000001,Good
LN100820,01-Mar-2018,33.0,Male,Divorced,4,Unemployed,146219.66,627.0,332565.62,120,11.02,Home,1,Chennai,0,2018,3,3,4584.855318124929,0.031355942956815305,0.18953539945768352,217617.01817499148,29243.932,Fair
LN101540,23-Feb-2016,40.0,Male,Divorced,0,Self-Employed,62297.53,600.0,342860.15,84,12.4,Home,0,Chennai,1,2016,2,1,6126.0010203445945,0.09833457314189815,0.4586326161994973,171723.9357089459,62297.53,Fair
LN101562,21-Dec-2017,25.0,Female,Single,2,Salaried,29676.36,565.0,249301.09,36,9.3,Auto,3,Hyderabad,1,2017,12,3,7962.537378010737,0.26831246749974513,0.7000552235292109,37350.255608386506,9892.12,Very_Poor
LN101446,18-Jan-2016,30.0,Male,Divorced,0,Self-Employed,,734.0,467116.27,36,8.76,Business,0,Chennai,1,2016,1,0,14802.001601896474,0.3083750333728432,0.8109657465277779,65755.78766827309,48000.0,Good
LN100887,13-Jun-2018,42.0,Female,Single,0,Retired,32092.11,619.0,73566.27,120,11.67,Business,0,Bengaluru,0,2018,6,2,1041.4754373881444,0.03245269436594055,0.19102896319375698,51410.78248657733,32092.11,Fair
LN100969,15/07/2016,39.0,Male,Divorced,1,Unemployed,26780.41,718.0,110574.69,36,3.58,Personal,0,Delhi,1,2016,7,4,3243.957973611279,0.12113175166516417,0.3440782833421893,6207.797050006047,13390.205,Good
LN100786,10/05/2018,38.0,Female,Divorced,1,Self-Employed,17224.15,616.0,168011.79,12,8.75,Home,0,Chennai,0,2018,10,4,14673.247229911578,0.8518996426477694,0.812869285276777,8067.176758938935,8612.075,Fair
LN101621,03-10-2017,64.0,Female,Divorced,1,Self-Employed,54925.53,708.0,64550.26,12,11.77,Education,1,Pune,0,2017,3,4,5728.223275505607,0.10429072374004596,0.09793602962653858,4188.419306067277,27462.765,Good
  LN101767  ,09-27-2019,46.0,Female,Single,1,Salaried,44780.99,736.0,152408.97,60,11.0,Personal,1,Hyderabad,1,2019,9,4,3313.73575968937,0.07399871596606886,0.2836191763513938,46415.175581362186,22390.495,Good
  LN101692  ,15/05/2019,60.0,Female,Married,0,Salaried,95675.08,814.0,252929.51,24,16.36,Auto,0,Hyderabad,0,2019,5,2,12427.73401332863,0.12989520378063577,0.22030249848410546,45336.1063198871,95675.08,Exceptional
LN100302,23-Apr-2023,27.0,Female,Divorced,1,Retired,44209.47,704.0,221877.58,120,9.24,Auto,0,Mumbai,0,2023,4,6,2839.5495001586514,0.06422943998556534,0.41823162171664424,118868.36001903817,22104.735,Good
LN100690,28/04/2022,49.0,Male,Single,2,Retired,25770.87,552.0,1193441.93,36,16.25,Home,0,Pune,1,2022,4,3,42105.25975105057,1.6338315218326185,3.859143838243205,322347.42103782063,8590.289999999999,Very_Poor
LN100813,09-07-2018,38.0,Female,Single,0,Salaried,72694.76,,147697.77,24,9.0,Home,1,Delhi,0,2018,9,4,6747.50020411769,0.09281962281899948,0.16931271937619713,14242.234898824565,72694.76,Fair
LN101062,02/04/2016,36.0,Female,Divorced,1,Salaried,24218.39,615.0,197854.01,36,9.94,Personal,1,Bengaluru,0,2016,2,3,6378.601902577915,0.26337844516410525,0.680798111132353,31775.65849280494,12109.195,Fair
LN101378,2023-02-14,34.0,Male,Married,0,Salaried,66779.05,687.0,151768.06,84,11.57,Auto,0,Mumbai,0,2023,2,1,2644.3444287798006,0.03959841340629734,0.18939080944298148,70356.87201750325,66779.05,Good
LN100237,12-20-2020,54.0,Female,Divorced,1,Retired,38277.19,623.0,137361.87,24,9.48,Auto,1,Delhi,0,2020,12,6,6305.6061216126545,0.1647353455573059,0.29905075320314783,13972.676918703713,19138.595,Fair
LN101116,03-03-2018,45.0,Female,Married,0,Salaried,,820.0,200377.61,120,12.28,Home,0,Bengaluru,0,2018,3,5,2907.3623671721,0.06057004931608542,0.3478777951388889,148505.87406065204,48000.0,Exceptional
LN101421,04/06/2017,38.0,Male,Divorced,1,Salaried,69471.74,706.0,440184.35,48,8.34,Home,1,Mumbai,1,2017,4,3,10816.549339371117,0.15569711280257434,0.5280136810545794,79010.01828981366,34735.87,Good
LN100500,08-Sep-2022,36.0,Female,Married,1,Salaried,32649.61,724.0,420734.11,12,4.78,Personal,2,Pune,1,2022,9,3,35974.84782951331,1.1018461730327962,1.0738620103986949,10964.063954159734,16324.805,Good
LN101741,30/03/2018,55.0,Female,Divorced,0,Self-Employed,103061.34,474.0,198322.48,48,15.45,Auto,0,Delhi,1,2018,3,4,5564.801003005049,0.05399503832382782,0.16035958132635703,68787.96814424233,103061.34,Very_Poor
LN101080,12-21-2020,56.0,Female,Single,2,Retired,43050.94,653.0,92902.18,24,8.69,Auto,1,Bengaluru,0,2020,12,0,4230.988157298058,0.09827864751148424,0.17982994873824665,8641.535775153388,14350.313333333334,Fair
LN101327,2023-07-25,37.0,Female,Divorced,2,Unemployed,89328.05,676.0,1241823.39,36,6.53,Home,1,Chennai,1,2023,7,1,38077.431313871806,0.4262651128494555,1.1584858563463547,128964.13729938515,29776.016666666666,Good
LN100795,10/01/2017,34.0,Male,Divorced,1,Retired,53784.76,647.0,504393.27,120,11.95,Business,2,Mumbai,1,2017,10,6,7222.003320877123,0.13427601649383808,0.781499675744579,362247.12850525475,26892.38,Fair
LN100991,10-30-2015,46.0,Female,Married,3,Self-Employed,74553.39,724.0,104691.83,24,9.19,Education,0,Hyderabad,0,2015,10,4,4791.927149211299,0.0642751073990237,0.11702109275871517,10314.421581071176,18638.3475,Good
LN101437,18/05/2017,23.0,Male,Single,0,Unemployed,35235.5,760.0,207632.6,120,5.36,Business,2,Chennai,0,2017,5,3,2238.979779823342,0.06354329525119105,0.49105920638749745,61044.97357880106,35235.5,Very_Good
LN100935,2017-06-15,49.0,Male,Divorced,1,Salaried,45960.96,625.0,145820.66,36,9.89,Personal,0,Delhi,1,2017,6,3,4697.681647673225,0.10221025948268324,0.26439225087262463,23295.879316236096,22980.48,Fair
LN100388,2022-02-17,31.0,Male,Single,0,Self-Employed,129313.4,583.0,490973.12,48,7.59,Business,2,Mumbai,1,2022,2,3,11891.78951080861,0.09196099948503876,0.3163974241390813,79832.77651881333,129313.4,Fair
LN101660,2022-05-11,49.0,Male,Single,0,Retired,61443.36,528.0,237347.61,24,12.29,Education,0,Bengaluru,1,2022,5,2,11204.906304839351,0.18236154899145085,0.321905694935954,31570.141316144436,61443.36,Very_Poor
LN100391,2016-10-06,49.0,Male,Married,1,Self-Employed,37242.2,,570279.37,24,14.49,Education,0,Hyderabad,1,2016,10,3,27512.869306371766,0.7387552106581181,1.2760599758696676,90029.49335292238,18621.1,Fair
LN100744,2017-06-06,53.0,Female,Divorced,4,Salaried,47652.67,652.0,371578.13,60,9.38,Auto,2,Bengaluru,1,2017,6,1,7782.046804948148,0.1633076762529392,0.6498029211514625,95344.67829688889,9530.534,Fair
LN100353,25/06/2017,,Male,Single,3,Salaried,89080.53,736.0,206109.46,60,11.69,Business,3,Delhi,0,2017,6,6,4552.563051256009,0.05110615138073392,0.19281192347343842,67044.32307536059,22270.1325,Good
LN101218,31/05/2021,42.0,Male,Married,2,Self-Employed,48277.0,570.0,650912.67,120,11.17,Auto,0,Delhi,1,2021,5,0,9029.069662181339,0.18702632023906496,1.1235727675704787,432575.6894617606,16092.333333333334,Very_Poor
LN100236,12/09/2023,30.0,Male,Single,2,Unemployed,78119.1,813.0,125466.93,48,9.7,Education,1,Chennai,0,2023,12,5,3164.1128401951514,0.04050370319416316,0.1338414997100581,26410.486329367268,26039.7,Exceptional
LN101795,31/03/2018,30.0,Female,Single,2,Retired,43103.63,745.0,70902.96,120,9.25,Education,0,Mumbai,0,2018,3,5,907.7892964859846,0.02106062288688875,0.13707847807713647,38031.755578318145,14367.876666666665,Very_Good
LN100481,09-27-2022,47.0,Female,Single,1,Salaried,78779.38,661.0,180039.58,120,9.57,Auto,0,Hyderabad,0,2022,9,1,2336.572363149619,0.029659694746894668,0.19044702221994297,100349.10357795426,39389.69,Fair
LN100568,12-10-2018,49.0,Female,Single,0,Self-Employed,44568.25,598.0,163278.43,84,12.74,Education,1,Bengaluru,0,2018,12,0,2947.3222334590473,0.06613053538021006,0.30529661436859945,84296.63761055999,44568.25,Fair
LN101141,17/06/2019,31.0,Female,Single,2,Unemployed,65263.19,726.0,611010.09,12,9.24,Business,1,Pune,1,2019,6,0,53501.20616791575,0.8197761428443162,0.7801872311175717,31004.384014989017,21754.396666666667,Good
LN101768,2019-08-06,31.0,Male,Married,1,Salaried,40282.11,557.0,106673.01,120,12.3,Business,3,Hyderabad,0,2019,8,1,1549.0038698207015,0.038453891065306695,0.2206790433768241,79207.45437848418,20141.055,Very_Poor
LN101965,11-08-2016,32.0,Female,Single,1,Self-Employed,42511.31,580.0,202167.17,36,10.04,Education,1,Pune,0,2016,11,1,6527.144570781989,0.15353901281287238,0.39630075306234197,32810.0345481516,21255.655,Fair
LN101949,01-24-2019,32.0,Female,Married,3,Retired,52771.66,653.0,50754.15,84,6.52,Personal,3,Mumbai,0,2019,1,3,754.160744240071,0.014291018024448559,0.08014742193063473,12595.352516165964,13192.915,Fair
LN100121,10-12-2016,35.0,Male,Married,0,Self-Employed,59637.64,632.0,292772.55,84,10.9,Personal,0,Pune,0,2016,10,2,4997.59447882721,0.08379933342142999,0.4090992282726144,127025.38622148562,59637.64,Fair
LN101389,27/02/2016,23.0,Female,Married,2,Unemployed,25050.28,693.0,317650.31,36,8.36,Business,3,Hyderabad,1,2016,2,5,10006.809105057566,0.3994689522455464,1.0567091132980018,42594.81778207235,8350.093333333332,Good
LN101817,2022-11-24,33.0,Female,Married,2,Retired,30873.51,804.0,311001.8,24,19.54,Education,1,Pune,0,2022,11,3,15758.85280538447,0.5104328210619548,0.839451577312287,67210.66732922726,10291.17,Exceptional
LN101025,05-12-2017,27.0,Female,Divorced,1,Self-Employed,52155.19,808.0,294335.77,24,12.82,Business,0,Chennai,0,2017,5,4,13968.33854381456,0.2678225991279978,0.47028839955013746,40904.355051549384,26077.595,Exceptional
LN101087,21-Jan-2022,31.0,Female,Divorced,1,Unemployed,39684.49,531.0,235387.03,48,11.98,Education,0,Hyderabad,1,2022,1,4,6196.32196174068,0.15613963948486376,0.49428846971029067,62036.42416355267,19842.245,Very_Poor
LN101273,2021-08-27,24.0,Female,Single,0,Self-Employed,72601.53,591.0,185346.16,36,15.44,Business,1,Hyderabad,0,2021,8,4,6465.082802575508,0.08904885065887053,0.2127436340988039,47396.8208927183,72601.53,Fair
LN100927,02-13-2021,38.0,Male,Divorced,1,Salaried,45211.93,679.0,335989.99,120,12.83,Personal,3,Hyderabad,0,2021,2,5,4983.05605522087,0.11021551292370996,0.6192871180976642,261976.73662650445,22605.965,Good
LN100516,17-Nov-2016,39.0,Female,Divorced,0,Self-Employed,72068.7,864.0,354713.35,24,14.48,Home,1,Delhi,0,2016,11,3,17111.30413597262,0.23743045366397092,0.41015650113479685,55957.94926334289,72068.7,Exceptional
LN100224,11-27-2018,33.0,Male,Married,2,Salaried,69089.58,659.0,299266.3,120,16.93,Personal,2,Delhi,0,2018,11,1,5187.910075275063,0.07508961662923791,0.36096410389719163,323282.9090330075,23029.86,Fair
LN101549,2022-06-15,41.0,Female,Divorced,1,Retired,50417.0,627.0,482882.75,84,5.69,Personal,0,Chennai,1,2022,6,2,6982.662158563876,0.13849816844643426,0.7981480287733634,103660.87131936557,25208.5,Fair
LN100844,02-26-2016,27.0,Female,Divorced,1,Self-Employed,60621.18,552.0,282419.2,36,8.67,Education,1,Delhi,1,2016,2,4,8937.512023903617,0.14743216849133614,0.38822954837456697,39331.2328605302,30310.59,Very_Poor
LN101246,2018-10-17,42.0,Male,Married,1,Self-Employed,146168.23,752.0,110469.79,48,18.02,Auto,2,Bengaluru,0,2018,10,2,3246.2015519488987,0.02220866704036095,0.06298096264375187,45347.88449354713,73084.115,Very_Good
LN100053,07/12/2022,40.0,Female,Single,3,Unemployed,47804.78,628.0,105314.4,84,9.27,Home,0,Bengaluru,1,2022,7,1,1708.8758978145775,0.03574696709857419,0.18358415204504652,38231.17541642452,11951.195,Fair
LN101943,11/05/2018,34.0,Female,Married,2,Salaried,37317.7,818.0,254794.65,120,12.65,Auto,2,Delhi,0,2018,11,0,3751.9382740926762,0.1005404479400573,0.568976316868403,195437.94289112117,12439.233333333332,Exceptional
LN100486,03-Mar-2019,40.0,Male,Married,2,Unemployed,32475.22,603.0,502672.06,24,13.48,Personal,1,Chennai,1,2019,3,6,24011.35670737026,0.7393747203982071,1.2898862065702197,73600.50097688631,10825.073333333334,Fair
LN100819,2020-08-10,61.0,Female,Married,1,Retired,28132.15,748.0,123885.21,120,9.58,Home,1,Mumbai,1,2020,8,0,1608.47456558915,0.057175671450249974,0.36697399594414215,69131.737870698,14066.075,Very_Good
LN101906,2016-08-01,45.0,Male,Divorced,1,Unemployed,90520.08,645.0,53428.61,12,14.6,Education,1,Chennai,0,2016,8,0,4812.266578194767,0.0531624207379707,0.04918670163202095,4318.588938337205,45260.04,Fair
LN100156,03-10-2016,32.0,Male,Single,2,Unemployed,72093.52,479.0,223956.89,36,14.1,Auto,1,Pune,1,2016,3,3,7665.182886420217,0.1063227719553743,0.25887311601190605,51989.693911127804,24031.173333333336,Very_Poor
LN101367,06-17-2018,,Female,Single,2,Unemployed,75572.72,529.0,354969.25,120,9.09,Business,0,Delhi,1,2018,6,6,4513.905334750152,0.0597292956340615,0.39142128050086505,186699.3901700183,25190.906666666666,Very_Poor
LN100601,18-May-2022,54.0,Male,Married,1,Salaried,62333.82,858.0,303286.94,84,8.28,Personal,2,Delhi,1,2022,5,2,4769.508426933033,0.07651558057781527,0.4054606579007458,97351.76786237472,31166.91,Exceptional
LN101930,2015-07-02,37.0,Female,Divorced,0,Salaried,30088.46,578.0,240306.3,60,18.88,Education,1,Delhi,1,2015,7,3,6217.817500769399,0.2066512377426229,0.6655550001562061,132762.75004616397,30088.46,Very_Poor
LN100249,10-13-2017,39.0,Male,Single,2,Retired,21378.1,456.0,288653.8,12,14.15,Auto,1,Bengaluru,1,2017,10,4,25937.597913784546,1.2132789122412444,1.1251927595685929,22597.37496541458,7126.033333333333,Very_Poor
LN100762,19-Oct-2015,38.0,Female,Single,0,Retired,33377.62,659.0,46754.16,48,11.66,Personal,1,Hyderabad,0,2015,10,0,1223.4237458161606,0.03665401385168147,0.11673031210733419,11970.179799175705,33377.62,Fair
LN101466,05/09/2018,31.0,Male,Divorced,2,Self-Employed,34886.39,614.0,191798.01,36,14.95,Auto,0,Hyderabad,0,2018,5,2,6644.033938810633,0.1904477344549159,0.4581490804866884,47387.2117971828,11628.796666666667,Fair
LN101927,06-29-2017,39.0,Female,Divorced,2,Retired,30613.23,743.0,81509.98,24,8.92,Auto,0,Delhi,0,2017,6,3,3720.7521522463826,0.12154065912830442,0.22188113875384377,7788.071653913183,10204.41,Very_Good
LN101131,21/07/2023,,Male,Married,1,Salaried,74668.69,666.0,304664.35,12,10.3,Personal,1,Pune,0,2023,7,4,26827.11591507756,0.3592819951050107,0.34001796245967797,17261.04098093073,37334.345,Fair
LN100543,06/02/2016,36.0,Female,Married,3,Unemployed,111120.44,633.0,196053.72,84,9.55,Auto,1,Bengaluru,0,2016,6,3,3209.3173204317723,0.028881430998939278,0.147027945533693,73528.93491626889,27780.11,Fair
LN100794,27-Jan-2017,37.0,Female,Married,0,Salaried,126075.9,671.0,110355.22,48,11.66,Education,0,Hyderabad,0,2017,1,4,2887.683077244174,0.02290432253304695,0.07294231755104136,28253.567707720358,126075.9,Good
LN101142,07-12-2015,52.0,Male,Divorced,1,Self-Employed,63731.47,,156402.37,24,14.48,Auto,1,Hyderabad,0,2015,7,6,7544.8204040161445,0.11838453442257246,0.20450698584754648,24673.31969638748,31865.735,Fair
LN101527,2019-11-14,53.0,Female,Single,1,Self-Employed,21535.36,612.0,977244.24,36,10.85,Home,3,Bengaluru,1,2019,11,3,31924.265906975623,1.482411527226646,3.781549043062201,172029.33265112247,10767.68,Fair
LN100629,05/07/2021,,Female,Single,3,Retired,33085.42,712.0,92867.75,12,10.54,Education,1,Pune,0,2021,5,4,8187.818721406979,0.24747513319785513,0.23390905016973237,5386.074656883749,8271.355,Good
LN100151,15/12/2022,22.0,Male,Divorced,1,Salaried,28193.48,609.0,111944.59,120,8.55,Education,3,Mumbai,1,2022,12,3,1390.9470180316916,0.04933576905127326,0.3308820278069019,54969.05216380299,14096.74,Fair
LN101726,07-24-2017,47.0,Male,Married,1,Unemployed,31781.31,663.0,137936.63,36,14.66,Auto,1,Delhi,0,2017,7,0,4758.675492472415,0.14973188620835373,0.361681729502864,33375.687729006924,15890.655,Fair
LN100292,07/05/2019,47.0,Male,Single,2,Retired,102368.6,,169281.1,120,6.08,Education,0,Hyderabad,0,2019,7,4,1886.1729382933277,0.018425307548343216,0.13780356802118357,57059.652595199324,34122.86666666667,Fair
LN100382,24/10/2019,32.0,Female,Divorced,1,Salaried,64011.88,776.0,179592.63,12,10.02,Education,1,Hyderabad,0,2019,10,3,15790.565510839668,0.24668179579852473,0.2338011709701387,9894.156130076008,32005.94,Very_Good
LN100687,2019-04-27,24.0,Male,Divorced,2,Self-Employed,49417.53,670.0,110494.62,48,9.13,Auto,0,Pune,0,2019,4,5,2756.482741498295,0.055779451977836514,0.18632831305004519,21816.551591918163,16472.51,Good
LN101368,02-15-2016,43.0,Male,Married,1,Unemployed,65120.67,755.0,80897.61,48,11.06,Auto,0,Pune,0,2016,2,0,2093.195187083385,0.03214333002230144,0.10352269870687755,19575.758980002473,32560.335,Very_Good
LN101225,15-Sep-2015,52.0,Female,Married,3,Self-Employed,33266.64,587.0,177809.85,48,16.35,Education,1,Delhi,0,2015,9,1,5071.105454528471,0.15243816191020407,0.4454158129585675,65603.21181736657,8316.66,Fair
LN100898,21/07/2016,34.0,Male,Married,1,Salaried,,765.0,190499.59,24,10.42,Home,0,Hyderabad,0,2016,7,3,8827.525533281396,0.1839067819433624,0.33072845486111113,21361.02279875349,24000.0,Very_Good
LN101830,30-Sep-2020,33.0,Female,Divorced,2,Self-Employed,107432.78,582.0,231163.83,120,13.31,Personal,1,Bengaluru,0,2020,9,2,3493.91868367396,0.0325219051733927,0.17930888970759204,188106.4120408752,35810.926666666666,Fair
LN100855,20/11/2015,34.0,Male,Divorced,0,Salaried,52545.97,726.0,133234.65,36,14.82,Home,0,Bengaluru,0,2015,11,4,4606.879064449492,0.08767330899875846,0.2112985543896135,32612.99632018173,52545.97,Good
LN101072,03-16-2015,56.0,Male,Divorced,2,Unemployed,43582.79,587.0,123069.28,84,9.35,Education,0,Mumbai,0,2015,3,0,2001.9988721227544,0.04593553721830921,0.2353170444878204,45098.62525831137,14527.596666666666,Fair
LN100555,03-08-2019,50.0,Male,Divorced,2,Unemployed,57520.4,520.0,321519.24,120,12.46,Personal,1,Delhi,1,2019,3,4,4698.765977230668,0.08168868744359684,0.46580465365331253,242332.67726768018,19173.466666666667,Very_Poor
LN101605,10-06-2018,41.0,Male,Divorced,0,Salaried,47053.4,730.0,154428.83,48,10.19,Auto,0,Chennai,0,2018,10,5,3930.812347451424,0.08353939029807461,0.2734992405791434,34250.162677668355,47053.4,Good
LN101775,24-Apr-2017,49.0,Female,Married,4,Retired,77853.35,586.0,239307.61,120,14.26,Personal,3,Hyderabad,0,2017,4,0,3753.1443729377525,0.0482078725313394,0.2561521223342776,211069.71475253033,15570.670000000002,Fair
LN100892,09-21-2023,31.0,Male,Divorced,1,Retired,109345.07,716.0,127233.65,12,13.43,Auto,1,Hyderabad,0,2023,9,3,11389.76744316474,0.10416352052419682,0.09696645826525756,9443.559317976877,54672.535,Good
LN101846,09-20-2019,31.0,Female,Married,1,Retired,18861.4,703.0,493573.41,60,8.25,Business,0,Mumbai,1,2019,9,4,10067.027686566935,0.5337370336542852,2.180703314706225,110448.25119401613,9430.7,Good
LN100536,2016-06-30,,Male,Divorced,1,Self-Employed,57282.21,543.0,150523.38,36,12.6,Personal,1,Pune,0,2016,6,3,5042.7645355675895,0.08803369380419487,0.21897924329386034,31016.14328043323,28641.105,Very_Poor
LN101365,10-26-2023,40.0,Male,Single,2,Salaried,39629.11,799.0,414018.07,60,11.51,Personal,4,Delhi,1,2023,10,3,9107.403697584494,0.22981600388160353,0.8706101608977171,132426.15185506962,13209.703333333333,Very_Good
LN100616,06-20-2018,32.0,Female,Divorced,1,Salaried,40596.66,517.0,406670.66,120,7.21,Auto,0,Pune,0,2018,6,2,4765.9186571302325,0.1173968168103049,0.834778567169483,165239.57885562797,20298.33,Very_Poor
LN100155,17/03/2020,33.0,Male,Married,0,Unemployed,84488.8,819.0,585528.69,48,9.53,Auto,0,Chennai,1,2020,3,1,14718.675295725456,0.17420859682851994,0.5775210146196891,120967.7241948219,84488.8,Exceptional
LN101194,2022-03-23,26.0,Female,Single,0,Salaried,61539.71,649.0,270462.85,84,16.03,Auto,2,Chennai,1,2022,3,2,5376.570069100077,0.08736749115489945,0.3662443458595,181169.03580440645,61539.71,Fair
LN101802,2016-04-04,60.0,Female,Single,2,Retired,46635.62,610.0,126488.38,24,5.82,Business,1,Hyderabad,0,2016,4,0,5595.743261153747,0.11998861087627326,0.22602247666769162,7809.458267689915,15545.206666666667,Fair
LN101873,06/08/2020,34.0,Male,Married,1,Retired,47867.95,674.0,201871.59,48,11.84,Education,0,Delhi,0,2020,6,0,5300.199503132213,0.11072543326238565,0.35143833191101775,52537.98615034623,23933.975,Good
LN100323,04-Sep-2019,19.0,Female,Divorced,3,Salaried,83230.09,634.0,341240.95,48,12.32,Home,0,Hyderabad,0,2019,9,2,9039.876923997723,0.10861308601249528,0.34166424466600165,92673.14235189068,20807.5225,Fair
LN101628,28/05/2017,37.0,Male,Divorced,2,Self-Employed,40770.48,788.0,382019.35,120,12.36,Home,0,Delhi,1,2017,5,6,5560.661144338477,0.13638939606152484,0.780833236040717,285259.9873206173,13590.160000000002,Very_Good
LN100083,13-Sep-2017,39.0,Female,Married,1,Self-Employed,38904.39,610.0,160104.1,60,11.67,Business,0,Pune,0,2017,9,2,3534.781444675872,0.0908581639418038,0.34294351699983816,51982.78668055232,19452.195,Fair
LN100513,02-01-2018,29.0,Male,Married,1,Retired,27888.47,677.0,81510.74,120,9.76,Education,2,Mumbai,1,2018,2,3,1066.3661527268127,0.03823681086580987,0.24356164632432925,46453.19832721753,13944.235,Good
LN101489,09-20-2020,30.0,Female,Single,1,Retired,140003.21,557.0,220277.37,120,12.78,Auto,0,Hyderabad,0,2020,9,6,3260.454845138167,0.023288429209145756,0.1311144758752317,170977.21141658002,70001.605,Very_Poor
LN101708,08-Aug-2021,18.0,Male,Single,1,Self-Employed,29606.07,627.0,66682.42,12,14.34,Auto,1,Mumbai,0,2021,8,6,5997.855962377866,0.2025887246222773,0.18769354842886388,5291.851548534396,14803.035,Fair
LN100930,12-22-2017,24.0,Male,Divorced,1,Self-Employed,29653.71,584.0,256946.81,36,8.61,Education,3,Pune,1,2017,12,4,8124.253418193911,0.273970893294428,0.7220760628827444,35526.31305498077,14826.855,Fair
LN101777,10-Jun-2015,28.0,Female,Married,1,Unemployed,56729.25,702.0,231348.68,84,9.42,Auto,2,Mumbai,1,2015,6,2,3771.6832632516584,0.06648568883339122,0.33984332009795065,85472.71411313931,28364.625,Good
LN101358,2016-05-12,51.0,Male,Single,2,Unemployed,36350.69,623.0,48263.36,48,6.22,Business,0,Delhi,0,2016,5,3,1138.336865368352,0.031315412867495826,0.11064292498069958,6376.809537680892,12116.896666666667,Fair
LN100011,16/11/2019,52.0,Female,Divorced,2,Salaried,42362.71,411.0,253181.67,60,9.81,Education,0,Delhi,1,2019,11,5,5355.714956101346,0.1264252205796406,0.4980435033547193,68161.22736608071,14120.903333333334,Very_Poor
LN101495,06-15-2016,39.0,Male,Single,2,Retired,63153.16,613.0,493728.92,120,9.8,Education,0,Mumbai,1,2016,6,2,6470.102149838286,0.10245096444640753,0.6514967210930801,282683.3379805943,21051.053333333333,Fair
LN100832,10-23-2021,33.0,Female,Single,1,Salaried,57413.45,702.0,488391.83,84,6.48,Personal,2,Hyderabad,1,2021,10,5,7247.602818395241,0.12623527794262915,0.7088812667879508,120406.80674520024,28706.725,Good
LN100033,2017-07-02,41.0,Male,Married,1,Salaried,45932.51,658.0,301525.51,120,8.55,Personal,0,Bengaluru,1,2017,7,6,3746.5500476171746,0.08156641227786539,0.5470444753255012,148060.49571406096,22966.255,Fair
LN101588,30-Jun-2021,28.0,Male,Divorced,0,Retired,14591.71,680.0,424113.88,24,6.36,Education,1,Pune,1,2021,6,2,18865.719385568296,1.2929066836969962,2.422116621926651,28663.385253639077,14591.71,Good
LN100414,26-Dec-2016,27.0,Female,Single,1,Retired,80110.3,641.0,91531.72,120,7.07,Personal,0,Hyderabad,0,2016,12,0,1066.0649803072247,0.013307464587040926,0.09521426499879956,36396.07763686696,40055.15,Fair
LN100581,18-Nov-2015,28.0,Male,Divorced,0,Self-Employed,67091.03,568.0,597562.63,12,8.3,Education,0,Mumbai,1,2015,11,2,52063.35512352301,0.7760106697351794,0.7422286680251196,27197.631482276134,67091.03,Very_Poor
LN101407,2020-11-09,26.0,Male,Divorced,0,Self-Employed,54301.61,709.0,46860.31,36,9.4,Business,1,Bengaluru,0,2020,11,0,1498.8797811257507,0.027602860783055065,0.07191362895747166,7099.362120527025,54301.61,Good
  LN101776  ,20/11/2023,48.0,Male,Divorced,1,Unemployed,70739.49,681.0,109941.86,84,14.03,Education,0,Bengaluru,1,2023,11,0,2062.132927882763,0.02915108559423828,0.1295149522093906,63277.30594215209,35369.745,Good
LN101564,06/02/2023,24.0,Male,Single,1,Unemployed,84701.01,613.0,175802.5,84,10.62,Home,0,Delhi,0,2023,6,4,2975.1538739846806,0.0351253647859061,0.17296379740139267,74110.42541471316,42350.505,Fair
LN100615,04-30-2020,42.0,Female,Single,1,Unemployed,87865.31,647.0,486505.08,48,14.25,Auto,1,Mumbai,1,2020,4,3,13355.544045319151,0.15200019262800246,0.46141179038690017,154561.0341753192,43932.655,Fair
LN101046,04-29-2017,42.0,Male,Divorced,1,Retired,42859.78,552.0,1412626.21,120,9.54,Auto,0,Bengaluru,1,2017,4,5,18309.97766640016,0.4272065247745126,2.7466041784006667,784571.1099680192,21429.89,Very_Poor
LN101403,03-Jan-2022,37.0,Male,Married,3,Retired,67366.99,744.0,371176.68,120,12.74,Auto,2,Pune,1,2022,1,0,5485.28849811551,0.08142398076736855,0.4591475736113487,287057.93977386126,16841.7475,Very_Good
LN101015,10-20-2023,29.0,Male,Divorced,0,Self-Employed,49880.45,626.0,108080.2,12,11.48,Personal,1,Pune,0,2023,10,4,9576.443903738184,0.19198792119433936,0.18056539853456283,6837.126844858212,49880.45,Fair
LN100090,02-27-2015,41.0,Male,Married,2,Salaried,57943.77,709.0,811908.7,120,10.47,Business,1,Delhi,1,2015,2,4,10941.84975050753,0.18883565481686004,1.1676675220361625,501113.2700609036,19314.59,Good
LN101958,16-Jan-2018,38.0,Male,Married,1,Unemployed,69275.91,771.0,558095.73,36,10.12,Auto,2,Hyderabad,1,2018,1,1,18039.587393262398,0.2604020271009417,0.6713441584527723,91329.41615744634,34637.955,Very_Good
LN100602,2018-08-13,34.0,Female,Divorced,0,Salaried,64040.55,709.0,219457.44,60,8.5,Education,1,Pune,0,2018,8,0,4502.496903947548,0.07030696806863071,0.285570939037844,50692.37423685286,64040.55,Good
LN101238,07/10/2017,39.0,Female,Married,1,Retired,,755.0,198911.03,48,6.22,Auto,1,Delhi,1,2017,7,0,4691.504246231307,0.09773967179648556,0.34533164930555554,26281.173819102725,24000.0,Very_Good
LN101938,2022-03-10,55.0,Female,Married,0,Unemployed,30015.12,582.0,109854.39,48,6.55,Home,0,Mumbai,0,2022,3,3,2607.717038190548,0.08688011369571563,0.3049973646615439,15316.027833146305,30015.12,Fair
LN100134,12-Sep-2017,43.0,Male,Divorced,3,Salaried,31281.0,652.0,197524.26,12,14.26,Education,0,Delhi,0,2017,9,1,17759.190488259897,0.5677309065650042,0.526209360314568,15586.02585911876,7820.25,Fair
LN101371,24-Jun-2015,,Female,Married,0,Salaried,17169.78,768.0,192347.52,12,11.55,Business,0,Delhi,0,2015,6,2,17049.238778973755,0.9929794545401138,0.9335565161580405,12243.34534768507,17169.78,Very_Good
LN100556,2023-12-21,40.0,Female,Divorced,1,Salaried,39847.11,727.0,220985.6,48,11.28,Business,1,Chennai,0,2023,12,3,5741.57356300181,0.14409008741165444,0.46215313147344106,54609.931024086865,19923.555,Good
LN101032,15/10/2021,37.0,Female,Single,2,Retired,38139.43,749.0,82855.12,24,9.73,Education,2,Pune,0,2021,10,4,3813.008564587565,0.09997549949193171,0.18103556695350015,8657.085550101561,12713.143333333333,Very_Good
LN101648,2017-06-03,35.0,Male,Single,3,Salaried,60779.69,611.0,42529.29,24,15.0,Personal,0,Hyderabad,0,2017,6,5,2062.0967792806364,0.03392739876232729,0.058310720242238816,6961.032702735269,15194.9225,Fair
LN100321,06-Nov-2016,49.0,Female,Divorced,0,Unemployed,57683.04,624.0,45233.52,36,10.37,Education,1,Bengaluru,0,2016,11,6,1467.4246748692485,0.025439447623933284,0.06534780413792338,7593.768295292954,57683.04,Fair
LN101864,11/01/2016,29.0,Male,Divorced,2,Salaried,74225.79,607.0,86246.32,12,13.89,Home,1,Hyderabad,0,2016,11,1,7739.29306833539,0.10426690060604799,0.09682878866406587,6625.196820024663,24741.929999999997,Fair
LN101212,02-10-2022,,Male,Married,0,Salaried,53368.31,635.0,86519.99,36,11.58,Personal,1,Delhi,0,2022,2,3,2856.369819907081,0.05352183383560546,0.13509888483758747,16309.323516654913,53368.31,Fair
LN101828,08-Sep-2020,44.0,Male,Divorced,2,Retired,27821.34,508.0,207763.23,120,5.91,Auto,2,Mumbai,0,2020,9,1,2297.2160885914113,0.08257028915902007,0.6223137526804964,67902.70063096934,9273.78,Very_Poor
LN100635,24/11/2020,50.0,Male,Divorced,0,Self-Employed,92708.39,634.0,428882.99,12,12.07,Education,2,Pune,1,2020,11,1,38119.481314995784,0.41117617634170744,0.38551256436085957,28550.785779949394,92708.39,Fair
LN100553,2020-03-21,59.0,Male,Married,1,Unemployed,28513.48,650.0,113327.19,120,11.89,Home,1,Chennai,0,2020,3,5,1618.71698927272,0.056770236017235354,0.33120939639777397,80918.84871272638,14256.74,Fair
LN101329,28/06/2016,40.0,Male,Single,2,Retired,94728.52,701.0,206990.44,24,12.92,Home,0,Bengaluru,0,2016,6,1,9832.893038816435,0.103800767063778,0.18209091974975788,28998.992931594432,31576.173333333336,Good
LN101056,26-Jul-2022,28.0,Female,Married,1,Salaried,30943.67,517.0,139078.83,120,14.31,Auto,1,Bengaluru,0,2022,7,1,2185.425026132146,0.07062591561156598,0.3745484132942214,123172.17313585753,15471.835,Very_Poor
ln100070,07-31-2019,41.0,Male,Married,0,Retired,43156.55,636.0,287631.47,120,13.5,Personal,1,Chennai,0,2019,7,2,4379.886213644791,0.10148833059280203,0.555403274049169,237954.87563737493,43156.55,Fair
LN100797,2018-05-16,34.0,Male,Divorced,0,Unemployed,60810.12,639.0,191167.15,12,9.87,Personal,0,Delhi,0,2018,5,2,16794.910878987852,0.27618611637319335,0.26197277415886255,10371.780547854229,60810.12,Fair
LN101748,08-19-2021,45.0,Male,Married,3,Unemployed,34243.45,563.0,184427.36,60,9.01,Personal,1,Delhi,1,2021,8,3,3829.2970385244494,0.1118256787363554,0.44881420145069106,45330.46231146698,8560.8625,Very_Poor
LN101800,12-Apr-2019,40.0,Male,Single,0,Salaried,34594.87,643.0,118617.77,48,8.9,Personal,0,Bengaluru,0,2019,4,4,2946.172150394285,0.08516211075209372,0.28573063482148264,22798.49321892568,34594.87,Fair
LN100175,05-26-2023,45.0,Male,Single,0,Salaried,40407.13,680.0,126495.25,84,8.27,Home,0,Chennai,0,2023,5,4,1988.6383518571265,0.049215035857709435,0.2608765045508883,40550.37155599863,40407.13,Good
LN100767,23-May-2023,25.0,Female,Divorced,2,Salaried,76396.43,741.0,313735.45,60,10.41,Education,0,Bengaluru,0,2023,5,1,6729.409424464851,0.08808539122135488,0.34222307028395615,90029.11546789104,25465.476666666666,Very_Good
LN100246,2019-04-19,41.0,Female,Married,1,Salaried,70317.87,629.0,549784.94,60,6.98,Auto,1,Delhi,1,2019,4,4,10881.187566472105,0.1547428493848307,0.6515472050940488,103086.31398832635,35158.935,Fair
LN101081,2022-02-19,40.0,Female,Divorced,0,Salaried,28705.38,711.0,150417.66,120,3.52,Personal,0,Chennai,0,2022,2,5,1488.8242001034516,0.0518656851121097,0.43667093067571305,28241.244012414187,28705.38,Good
LN101827,13-Mar-2022,47.0,Male,Single,1,Retired,58185.53,548.0,535706.83,12,16.68,Personal,3,Mumbai,1,2022,3,6,48777.42145490511,0.8383084497967984,0.7672394809041583,49622.22745886131,29092.765,Very_Poor
LN100146,2017-03-30,,Male,Single,2,Unemployed,18509.85,702.0,220441.92,60,9.55,Business,0,Hyderabad,0,2017,3,3,4635.071268905158,0.25041106594084545,0.992453207346359,57662.35613430946,6169.95,Good
LN100091,19/03/2016,32.0,Male,Divorced,2,Unemployed,54824.58,648.0,456742.61,60,18.58,Education,1,Hyderabad,1,2016,3,5,11742.844404287376,0.2141894092811541,0.6942485317108981,247828.0542572426,18274.86,Fair
LN101417,10-03-2016,27.0,Male,Single,2,Unemployed,100194.41,736.0,281310.62,24,10.21,Personal,1,Hyderabad,1,2016,10,0,13008.28317183398,0.12983042838252135,0.23397065431760783,30888.176124015532,33398.136666666665,Good
LN100683,12-25-2020,32.0,Male,Single,2,Self-Employed,78934.99,579.0,107986.09,60,16.08,Auto,1,Chennai,0,2020,12,4,2630.6020816271457,0.033326185024247744,0.11400319216273204,49850.034897628735,26311.663333333334,Very_Poor
LN100311,04-25-2018,37.0,Male,Single,1,Retired,48108.53,494.0,566060.79,60,11.12,Auto,0,Hyderabad,1,2018,4,2,12341.419509382467,0.2565328749263897,0.9805274137455459,174424.38056294806,24054.265,Very_Poor
LN101384,11-08-2020,41.0,Female,Divorced,1,Self-Employed,32132.76,577.0,103018.39,84,10.77,Auto,1,Bengaluru,0,2020,11,6,1751.4906961745387,0.054507944421037555,0.267168641390697,44106.828478661264,16066.38,Very_Poor
LN100094,08-Jun-2017,38.0,Male,Divorced,3,Salaried,51276.0,717.0,77251.85,60,15.49,Education,0,Hyderabad,0,2017,6,3,1857.7439412132273,0.036230282026937115,0.12554907104038276,34212.78647279364,12819.0,Good
LN101650,07/03/2021,56.0,Male,Divorced,3,Self-Employed,,689.0,466448.36,84,11.99,Auto,3,Delhi,0,2021,7,5,8231.58768059792,0.17149141001245669,0.8098061805555555,225005.00517022528,12000.0,Good
LN100925,08-30-2021,33.0,Female,Married,2,Unemployed,40012.41,658.0,64194.65,12,6.66,Home,1,Hyderabad,0,2021,8,0,5544.416644594192,0.13856742557107135,0.13369737455621059,2338.3497351303013,13337.470000000001,Fair
LN101773,2021-04-22,20.0,Female,Single,0,Unemployed,90519.73,709.0,458633.27,24,9.32,Business,1,Chennai,1,2021,4,3,21019.841281915684,0.23221281461970428,0.4222221958314134,45842.92076597642,90519.73,Good
LN101036,2018-01-28,41.0,Female,Married,1,Salaried,27260.25,560.0,445538.65,36,16.7,Personal,1,Delhi,1,2018,1,6,15818.20201246934,0.5802662122493132,1.3619912081999739,123916.62244889629,13630.125,Very_Poor
LN101401,16/01/2021,33.0,Male,Single,3,Salaried,66583.08,699.0,172583.72,12,7.25,Business,4,Delhi,0,2021,1,5,14952.805882885596,0.22457365869655768,0.2160004713910301,6849.950594627153,16645.77,Good
LN100244,01-Aug-2015,30.0,Male,Married,5,Self-Employed,31721.23,803.0,161044.77,84,15.84,Education,0,Bengaluru,0,2015,8,5,3184.0216975554654,0.1003751020233284,0.423073049185041,106413.05259465912,5286.871666666667,Exceptional
LN101501,2016-12-20,,Male,Divorced,0,Retired,64506.48,595.0,294775.01,48,7.61,Personal,3,Hyderabad,1,2016,12,1,7142.457803287032,0.11072465593048995,0.3808080082290441,48062.96455777751,64506.48,Fair
LN101112,22-Aug-2018,33.0,Female,Single,1,Unemployed,105507.19,644.0,448657.19,12,12.27,Personal,1,Hyderabad,1,2018,8,2,39919.031781326295,0.37835366273451404,0.35436541496998136,30371.191375915543,52753.595,Fair
LN100215,2016-08-20,36.0,Male,Married,0,Self-Employed,112502.99,651.0,233629.23,84,7.22,Education,0,Bengaluru,0,2016,8,5,3551.2646896170204,0.03156595828801546,0.17305408949575474,64677.003927829704,112502.99,Fair
LN101198,29-May-2021,24.0,Male,Divorced,1,Salaried,69294.27,630.0,62722.73,12,9.36,Business,2,Delhi,0,2021,5,5,5495.6157605946155,0.0793083722592736,0.07543039513464342,3224.65912713539,34647.135,Fair
LN100999,2023-02-27,36.0,Female,Married,2,Unemployed,109049.98,710.0,246116.38,48,9.8,Home,2,Delhi,0,2023,2,0,6218.521594961923,0.05702450926595239,0.18807613108533658,52372.65655817231,36349.99333333333,Good
LN100854,22-Oct-2022,32.0,Female,Married,1,Self-Employed,19505.79,566.0,213436.3,120,10.46,Home,0,Chennai,1,2022,10,5,2875.2227302156834,0.14740355198203628,0.9118501908065929,131590.42762588203,9752.895,Very_Poor
LN100426,2018-08-22,,Female,Divorced,0,Unemployed,146218.28,615.0,123457.57,84,8.76,Home,1,Hyderabad,0,2018,8,2,1971.3119197587187,0.01348197995325016,0.07036145434984829,42132.631259732356,146218.28,Fair
LN101855,2015-09-07,38.0,Male,Single,2,Self-Employed,27967.42,888.0,317701.42,24,7.34,Home,0,Mumbai,0,2015,9,0,14273.241016625023,0.510352439253425,0.9466414253918786,24856.364399000595,9322.473333333333,Exceptional
LN101143,24-Jan-2021,51.0,Male,Married,1,Self-Employed,46858.07,755.0,439915.54,60,12.29,Auto,0,Mumbai,1,2021,1,6,9850.25664233049,0.21021473232530685,0.7823546367431125,151099.85853982944,23429.035,Very_Good
LN100227,09/04/2023,18.0,Female,Divorced,1,Self-Employed,57516.43,604.0,187762.68,36,12.04,Auto,0,Chennai,0,2023,9,0,6239.981170630992,0.10849041170724595,0.27204209301585647,36876.64214271572,28758.215,Fair
LN101711,11-20-2021,67.0,Male,Married,1,Retired,125142.98,661.0,129870.43,60,11.35,Education,1,Delhi,0,2021,11,5,2846.4155487496373,0.022745307397583448,0.08648136582118576,40914.50292497824,62571.49,Fair
LN100001,2015-05-11,43.0,Male,Married,3,Unemployed,45746.38,708.0,577302.05,84,10.3,Home,0,Delhi,1,2015,5,0,9673.612561652457,0.21146181537539052,1.0516352149977042,235281.40517880628,11436.595,Good
LN101419,2020-12-12,,Male,Single,0,Retired,86682.44,737.0,81529.58,24,11.41,Education,0,Pune,0,2020,12,5,3815.4405008273447,0.04401630250402901,0.07837956184282154,10040.992019856276,86682.44,Good
LN100402,07/02/2019,29.0,Female,Divorced,2,Unemployed,26500.82,667.0,443002.96,36,8.18,Auto,0,Chennai,1,2019,7,1,13918.86770893015,0.5252240386874878,1.3930479635472917,58076.27752148535,8833.606666666667,Fair
LN101429,26-Jun-2023,25.0,Female,Divorced,4,Self-Employed,26344.3,689.0,401378.97,12,13.71,Education,1,Pune,1,2023,6,0,35983.6689211134,1.3658996033720159,1.2696578576769928,30425.057053360855,5268.86,Good
LN101104,25/02/2022,,Female,Married,0,Self-Employed,159501.26,854.0,226821.24,36,7.19,Education,0,Chennai,0,2022,2,4,7023.273132259662,0.04403271254571695,0.11850545882835031,26016.592761347827,159501.26,Exceptional
LN100085,25-Apr-2019,45.0,Female,Single,2,Unemployed,50186.86,760.0,123204.12,12,9.47,Education,4,Bengaluru,0,2019,4,3,10801.144273154818,0.21521857062097166,0.20457565984403087,6409.6112778578245,16728.953333333335,Very_Good
LN100163,27-Oct-2016,35.0,Female,Divorced,3,Retired,97483.48,591.0,113614.41,120,9.55,Personal,2,Pune,0,2016,10,3,1473.2538035885575,0.015112856081754136,0.09712278942032025,63176.046430626884,24370.87,Fair
LN100115,2015-11-09,27.0,Female,Single,4,Salaried,,674.0,126058.39,60,14.22,Education,0,Bengaluru,0,2015,11,0,2947.552934073187,0.06140735279319139,0.21885137152777778,50794.78604439121,9600.0,Good
LN100671,11/03/2018,40.0,Female,Single,3,Salaried,34514.15,495.0,65804.53,48,9.59,Business,3,Bengaluru,0,2018,11,5,1656.042281953745,0.04798154617609719,0.15888297505032958,13685.499533779759,8628.5375,Very_Poor
LN101175,27/01/2016,35.0,Male,Divorced,2,Unemployed,42080.74,676.0,128474.05,48,11.25,Business,0,Hyderabad,0,2016,1,2,3336.0923460143827,0.07927836692069538,0.2544197377074009,31658.382608690372,14026.913333333332,Good
LN101619,10-15-2023,53.0,Female,Divorced,2,Retired,29346.01,703.0,1082761.84,24,11.94,Home,0,Bengaluru,1,2023,10,6,50938.83624055256,1.7358010932509245,3.0746991953363794,139770.22977326135,9782.003333333332,Good
LN101592,25/12/2022,52.0,Female,Divorced,3,Retired,42819.43,809.0,541525.37,84,9.26,Auto,1,Pune,1,2022,12,6,8784.257682553573,0.20514653470523947,1.0538933882741237,196352.27533450013,10704.8575,Exceptional
LN101393,07-28-2017,,Male,Single,1,Retired,58307.16,636.0,133696.9,60,13.29,Home,1,Pune,0,2017,7,4,3061.8966943076357,0.05251321954812472,0.19108130688123606,50016.90165845814,29153.58,Fair
LN101568,23-Oct-2023,34.0,Male,Married,0,Unemployed,29043.81,706.0,238203.64,120,10.99,Personal,0,Hyderabad,1,2023,10,0,3279.905537303539,0.11292958937906351,0.6834607213493454,155385.02447642467,29043.81,Good
LN100890,2020-08-27,34.0,Female,Divorced,2,Retired,82899.74,545.0,154787.65,24,13.86,Personal,0,Delhi,0,2020,8,3,7421.544751507735,0.08952434291721222,0.15559724111720172,23329.424036185635,27633.24666666667,Very_Poor
LN101502,14/01/2017,51.0,Male,Divorced,0,Retired,40574.83,693.0,324070.09,48,10.08,Business,0,Delhi,0,2017,1,5,8231.694252484158,0.2028768636241768,0.6655811209395908,71051.23411923955,40574.83,Good
LN101557,18/03/2016,41.0,Male,Divorced,0,Self-Employed,93082.92,683.0,166623.19,12,13.49,Auto,0,Hyderabad,0,2016,3,4,14920.55769532038,0.16029318477890875,0.14917093096492173,12423.502343844564,93082.92,Good
LN100626,05-Dec-2021,46.0,Female,Single,2,Retired,76907.13,567.0,311349.88,120,13.0,Home,0,Bengaluru,0,2021,12,6,4648.786339044726,0.06044675362407525,0.3373656426047017,246504.48068536713,25635.710000000003,Very_Poor
LN101537,03-22-2015,51.0,Male,Single,1,Retired,60713.35,580.0,312969.48,120,9.84,Personal,1,Hyderabad,1,2015,3,6,4108.232805236502,0.06766605376307686,0.429572573412602,180018.45662838023,30356.675,Fair
LN101609,06-01-2016,32.0,Female,Single,2,Retired,14289.11,493.0,251627.75,84,14.79,Business,0,Delhi,1,2016,6,2,4825.99706655656,0.33773951397648694,1.4674797217368099,153756.00359075103,4763.036666666667,Very_Poor
LN101097,10/05/2021,,Male,Divorced,1,Salaried,109356.39,694.0,250415.33,48,10.81,Business,1,Delhi,0,2021,10,1,6449.02162556237,0.058972517523323234,0.19082510099928013,59137.70802699376,54678.195,Good
LN100953,2016-04-13,,Male,Divorced,1,Salaried,92443.87,667.0,152399.84,36,13.57,Personal,1,Delhi,0,2016,4,2,5176.883364962871,0.056000288228552866,0.13738051713614616,33967.96113866338,46221.935,Fair
LN100808,2021-06-14,27.0,Male,Married,1,Retired,18656.83,491.0,81773.8,36,8.33,Home,1,Delhi,0,2021,6,0,2574.951696558707,0.13801657069066434,0.3652540829998093,10924.461076113454,9328.415,Very_Poor
LN100259,07-08-2017,31.0,Male,Single,0,Salaried,44700.38,595.0,42450.92,12,13.69,Auto,1,Delhi,0,2017,7,5,3805.3304870230477,0.08512971225352106,0.07913974482245267,3213.045844276574,44700.38,Fair
LN100625,23/09/2021,29.0,Male,Single,2,Unemployed,,865.0,116172.73,84,10.77,Personal,3,Chennai,0,2021,9,3,1975.1372133091645,0.04114869194394093,0.2016887673611111,49738.79591796982,16000.0,Exceptional
LN100827,05-02-2023,43.0,Female,Divorced,1,Salaried,102118.75,661.0,131411.22,36,5.48,Auto,0,Bengaluru,0,2023,5,1,3966.872712026963,0.03884568418656675,0.10723726054226085,11396.197632970667,51059.375,Fair
LN100235,15/02/2021,38.0,Female,Single,1,Salaried,35600.6,559.0,91926.51,60,14.75,Education,0,Hyderabad,0,2021,2,0,2174.878432326282,0.0610910611710556,0.2151801514581215,38566.19593957694,17800.3,Very_Poor
LN100136,2016-06-30,43.0,Female,Single,1,Unemployed,50362.1,487.0,126428.14,36,2.34,Home,0,Hyderabad,1,2016,6,3,3639.973801249659,0.07227605285025167,0.20919855076204794,4610.9168449877325,25181.05,Very_Poor
LN100617,27/06/2023,38.0,Male,Single,0,Self-Employed,79773.97,834.0,298875.25,120,15.74,Personal,0,Bengaluru,0,2023,6,1,4958.232456944073,0.06215351269272513,0.312210497150052,296112.64483328885,79773.97,Exceptional
LN100731,2019-05-20,53.0,Male,Divorced,2,Self-Employed,25974.85,571.0,320052.33,60,11.81,Business,1,Chennai,1,2019,5,0,7088.687338457616,0.27290580459396746,1.026801983457075,105268.91030745691,8658.283333333333,Very_Poor
LN101149,2017-11-12,23.0,Female,Married,0,Salaried,33347.06665521955,709.0,1229030.14,84,12.43,Education,1,Delhi,1,2017,11,6,21979.361383493324,0.6591092887042007,3.0713099713465346,617236.2162134394,33347.06665521955,Good
LN100837,19-Sep-2022,25.0,Female,Single,1,Unemployed,174672.93,840.0,78633.95,120,13.45,Business,0,Hyderabad,0,2022,9,0,1195.05193360645,0.006841655049849166,0.037514852282300795,64772.28203277399,87336.465,Exceptional
LN100843,10-30-2016,30.0,Male,Married,1,Unemployed,70313.42,415.0,540878.23,120,13.99,Auto,2,Pune,1,2016,10,6,8394.768879247096,0.11939070634378325,0.6410324776313445,466494.0355096515,35156.71,Very_Poor
LN100960,09-23-2019,33.0,Female,Divorced,0,Salaried,24532.18,738.0,115505.74,120,8.66,Education,0,Delhi,0,2019,9,0,1442.0078254758982,0.05878025619720295,0.39236131209429137,57535.19905710778,24532.18,Good
LN100593,07-Oct-2015,45.0,Male,Married,0,Retired,16699.51,690.0,127133.11,12,15.96,Home,3,Hyderabad,1,2015,10,2,11532.422667640014,0.6905844942540239,0.63441537106977,11255.962011680167,16699.51,Good
LN101315,03-16-2021,44.0,Male,Married,0,Salaried,71689.59,741.0,1018633.75,24,12.25,Auto,1,Delhi,1,2021,3,1,48069.46360049313,0.6705222278505587,1.1840791087427525,135033.3764118352,71689.59,Very_Good
LN101526,09-24-2023,59.0,Female,Divorced,1,Retired,44806.84,669.0,64685.55,60,9.43,Personal,2,Pune,1,2023,9,6,1356.3029628324357,0.030269998126010132,0.12030445574827416,16692.627769946135,22403.42,Fair
LN101563,05-12-2021,35.0,Male,Divorced,1,Salaried,35514.24,668.0,211601.44,60,11.19,Personal,1,Pune,1,2021,5,2,4620.797432409399,0.13011111690435723,0.49651782871696915,65646.40594456397,17757.12,Fair
LN101292,09-01-2018,23.0,Male,Single,0,Unemployed,23055.7,699.0,430460.25,120,16.84,Education,0,Pune,1,2018,9,5,7437.710724239686,0.3225974801996767,1.5558706740632466,462065.0369087623,23055.7,Good
LN101606,02/10/2021,42.0,Female,Divorced,2,Retired,40007.47,635.0,154541.07,12,15.56,Auto,1,Bengaluru,0,2021,2,2,13989.402301319731,0.3496697567059284,0.3219004475914123,13331.757615836774,13335.823333333334,Fair
LN100344,09/07/2018,36.0,Male,Divorced,1,Retired,47077.98,654.0,94615.49,48,8.85,Business,3,Hyderabad,0,2018,9,4,2347.7716968862974,0.04986984779054448,0.1674800865854199,18077.551450542276,23538.99,Fair
LN101735,20/01/2022,35.0,Male,Divorced,2,Unemployed,28102.62,735.0,115025.38,36,9.53,Business,1,Mumbai,0,2022,1,3,3686.204314771113,0.13116941818133374,0.3410873553189466,17677.97533176007,9367.539999999999,Good
LN101912,08/10/2021,37.0,Male,Single,2,Self-Employed,18680.94,,77571.99,12,12.98,Personal,0,Mumbai,0,2021,8,1,6927.740687206071,0.37084540109898495,0.34603893058914603,5560.898246472847,6226.98,Fair
LN100294,10-Nov-2020,27.0,Male,Single,0,Unemployed,117439.85,733.0,168452.87,24,14.41,Auto,0,Delhi,0,2020,11,1,8120.549355918463,0.06914645544862721,0.1195313104254362,26440.31454204314,117439.85,Good
LN100365,01-20-2020,42.0,Female,Single,2,Self-Employed,59214.08,596.0,247779.47,36,12.42,Home,1,Bengaluru,1,2020,1,0,8279.598718832287,0.13982483083132063,0.34870573293829216,50286.083877962345,19738.02666666667,Fair
LN100179,2021-07-13,61.0,Female,Single,0,Salaried,44893.89,661.0,292447.3,48,11.13,Personal,1,Bengaluru,1,2021,7,1,7576.915754806135,0.1687738744583313,0.5428491122808323,71244.6562306945,44893.89,Fair
LN100660,2023-10-09,54.0,Female,Single,0,Salaried,60194.56,670.0,89807.78,120,8.53,Home,0,Pune,0,2023,10,0,1114.9285817151151,0.01852208209039347,0.12432986746089127,43983.649805813824,60194.56,Good
LN100997,04-16-2015,48.0,Male,Divorced,1,Self-Employed,61673.04,732.0,159966.98,24,9.03,Business,0,Delhi,0,2015,4,3,7310.215240776798,0.11853178051182166,0.21614925527696816,15478.18577864315,30836.52,Good
LN100015,2018-10-16,,Female,Divorced,2,Unemployed,31028.29,705.0,177609.72,84,9.84,Home,0,Mumbai,0,2018,10,1,2933.8662521821298,0.09455455818487353,0.4770101736189781,68835.0451832989,10342.763333333334,Good
LN101111,2015-08-31,27.0,Female,Divorced,1,Retired,68046.19,656.0,57620.78,36,12.39,Personal,2,Bengaluru,0,2015,8,0,1924.5809947201642,0.02828344973789369,0.07056576814464802,11664.135809925909,34023.095,Fair
LN101395,06-27-2016,49.0,Female,Married,3,Self-Employed,41928.09,659.0,624391.82,84,7.87,Auto,3,Mumbai,1,2016,6,0,9691.500357050774,0.23114576306840534,1.2409974236047163,189694.2099922651,10482.0225,Fair
LN100166,2015-05-10,35.0,Male,Divorced,1,Retired,62424.48,600.0,138551.59,84,11.89,Business,0,Mumbai,1,2015,5,6,2437.66935542768,0.03904989445531112,0.18495894292324636,66212.63585592512,31212.24,Fair
LN101983,2016-10-08,35.0,Male,Divorced,1,Retired,98613.11,754.0,109184.46,84,14.94,Auto,0,Pune,0,2016,10,5,2103.2308145759916,0.02132810550824319,0.0922666874617381,67486.9284243833,49306.555,Very_Good
LN101360,2023-02-18,,Female,Single,2,Unemployed,138016.23,606.0,1096151.79,48,12.13,Personal,0,Pune,1,2023,2,5,28935.849840200717,0.2096554140060246,0.6618495701556258,292769.0023296345,46005.41,Fair
LN100060,27/02/2015,43.0,Female,Married,0,Unemployed,91460.6,736.0,210541.57,84,9.54,Auto,0,Mumbai,0,2015,2,4,3445.3982807410707,0.037670847126971295,0.1918326671083869,78871.88558224996,91460.6,Good
LN100710,23/08/2015,28.0,Male,Divorced,3,Retired,69121.37,610.0,110302.88,36,9.57,Education,1,Delhi,0,2015,8,6,3536.9263445013016,0.051169795166115806,0.13298212501671577,17026.468402046856,17280.3425,Fair
LN100677,05-Aug-2016,47.0,Male,Single,0,Unemployed,36183.89,631.0,529378.82,12,15.62,Education,1,Delhi,1,2016,8,4,47935.565651299934,1.3247764585648456,1.219186264016021,45847.96781559929,36183.89,Fair
LN101379,14/02/2022,33.0,Female,Divorced,1,Retired,161215.26,541.0,258448.83,120,17.36,Education,1,Hyderabad,0,2022,2,0,4550.907595180374,0.028228764418333437,0.13359406857638662,287660.081421645,80607.63,Very_Poor
LN100781,01-01-2016,26.0,Female,Married,1,Retired,31966.77,541.0,106918.32,48,2.45,Home,1,Delhi,1,2016,1,4,2340.641738008169,0.07322108983823417,0.2787225609593963,5432.483424392092,15983.385,Very_Poor
LN100425,03-Nov-2017,28.0,Female,Divorced,0,Unemployed,68984.02,637.0,462114.03,48,9.67,Home,1,Pune,1,2017,11,4,11647.280674101634,0.16884027161800128,0.5582380165725338,96955.44235687843,68984.02,Fair
LN100293,2018-01-05,25.0,Female,Married,3,Self-Employed,56908.27,645.0,279125.02,36,6.05,Personal,1,Bengaluru,0,2018,1,4,8497.806117546208,0.14932462570986973,0.4087352916075877,26796.000231663464,14227.0675,Fair
LN101066,24/02/2023,54.0,Male,Married,0,Salaried,72035.22,677.0,933383.08,60,9.41,Home,0,Delhi,1,2023,2,4,19561.72239894423,0.2715577518739337,1.0797763001672422,240320.26393665385,72035.22,Good
LN101885,09/04/2017,31.0,Male,Divorced,1,Self-Employed,44573.39,811.0,531782.21,12,10.57,Business,1,Delhi,1,2017,9,0,46892.77629623519,1.05203522317318,0.994207175327402,30931.105554822367,22286.695,Exceptional
LN100330,21-Dec-2023,37.0,Female,Single,2,Salaried,29996.87,750.0,1008554.33,36,11.59,Education,1,Hyderabad,1,2023,12,3,33301.19964229184,1.1101558143330235,2.801832130041123,190288.85712250613,9998.956666666667,Very_Good
LN101639,2023-04-08,18.0,Male,Married,1,Self-Employed,43520.62,773.0,61666.47,24,16.55,Education,0,Delhi,0,2023,4,5,3035.605116640439,0.06975096211038444,0.1180790278263499,11188.052799370533,21760.31,Very_Good
LN100430,30/06/2020,39.0,Male,Divorced,1,Salaried,79036.25,679.0,979473.19,36,5.1,Business,0,Pune,1,2020,6,1,29399.508336221887,0.3719749904154345,1.0327256902159874,78909.11010398809,39518.125,Good
LN101013,2023-05-30,56.0,Female,Single,3,Self-Employed,35485.48,606.0,285204.7,120,15.87,Auto,1,Delhi,0,2023,5,1,4754.471608625739,0.13398357887862128,0.6697685457075213,285331.8930350886,8871.37,Fair
LN100080,04-06-2019,37.0,Female,Divorced,1,Unemployed,118824.19,593.0,706949.13,12,13.12,Home,2,Hyderabad,1,2019,4,5,63182.12503757974,0.5317277991760746,0.4957949008531007,51236.37045095686,59412.095,Fair
LN101053,04/01/2015,39.0,Female,Married,0,Salaried,44766.73,651.0,236050.94,24,7.71,Personal,2,Mumbai,1,2015,4,2,10644.686761722176,0.23778119960341476,0.4394091698604447,19421.542281332222,44766.73,Fair
LN100938,08-25-2020,39.0,Female,Single,2,Self-Employed,105722.07,638.0,334433.23,36,10.56,Auto,2,Chennai,0,2020,8,1,10879.332002639341,0.10290502259972152,0.26361038743692145,57222.722095016274,35240.69,Fair
LN100835,04-10-2022,55.0,Male,Married,1,Self-Employed,58992.77,596.0,82670.56,84,12.19,Auto,1,Delhi,0,2022,4,6,1467.7735733192321,0.02488056711558437,0.11678063826013481,40622.4201588155,29496.385,Fair
LN100750,2017-10-28,38.0,Male,Divorced,0,Retired,39334.71,602.0,93618.6,12,9.71,Home,0,Pune,0,2017,10,5,8217.85976164213,0.20892132576144912,0.19833754971118384,4995.71713970555,39334.71,Fair
LN100891,19/01/2022,34.0,Female,Married,1,Self-Employed,81365.04,766.0,267093.38,84,11.41,Home,2,Chennai,0,2022,1,2,4631.066913439931,0.05691715893508971,0.2735546085476842,121916.2407289542,40682.52,Very_Good
LN100255,08-14-2015,32.0,Female,Married,1,Salaried,25791.1,638.0,224971.35,36,2.95,Home,0,Pune,1,2015,8,4,6537.412123660393,0.25347550603349195,0.7269024004404622,10375.486451774166,12895.55,Fair
LN101825,10-Sep-2019,67.0,Male,Single,0,Self-Employed,55783.61,694.0,71106.51,48,10.81,Home,2,Chennai,0,2019,9,1,1831.2274280822458,0.032827338138966725,0.10622371875896879,16792.4065479478,55783.61,Good
LN101483,2018-01-07,55.0,Male,Married,3,Retired,49963.21,700.0,141186.94,120,11.62,Business,0,Pune,0,2018,1,6,1994.728209919692,0.03992394023361774,0.23548483640929663,98180.44519036304,12490.8025,Good
LN101408,2015-04-18,26.0,Male,Single,1,Salaried,,639.0,145217.31,24,8.41,Home,0,Chennai,0,2015,4,5,6594.9376160524625,0.13739453366775964,0.25211338541666667,13061.192785259103,24000.0,Fair
LN101338,2020-07-10,44.0,Female,Married,1,Retired,31880.39,595.0,46122.29,60,10.12,Home,0,Mumbai,0,2020,7,4,982.686364329411,0.03082416383016052,0.12056076373804295,12838.891859764663,15940.195,Fair
LN101109,04-07-2015,42.0,Male,Divorced,3,Salaried,36505.22,693.0,643107.85,84,13.99,Auto,3,Bengaluru,1,2015,4,1,12048.288904378112,0.330042906312525,1.4680728080349421,368948.4179677615,9126.305,Good
LN101599,01-05-2020,53.0,Male,Single,1,Retired,54204.75,766.0,752559.99,12,7.6,Home,0,Bengaluru,1,2020,1,6,65324.08034584647,1.2051357186565101,1.156971160276544,31328.97415015765,27102.375,Very_Good
LN100137,06-01-2015,27.0,Female,Single,1,Retired,60390.99,588.0,190258.72,36,9.31,Auto,0,Delhi,0,2015,6,0,6077.644982947891,0.10063827373831578,0.26253739727289344,28536.49938612405,30195.495,Fair
LN101136,2022-02-01,35.0,Male,Divorced,2,Retired,92465.75,673.0,258528.76,120,7.25,Business,3,Hyderabad,0,2022,2,1,3035.151696581278,0.032824604749123625,0.2329950639380888,105689.44358975335,30821.916666666668,Good
LN101219,01-28-2022,34.0,Male,Divorced,0,Salaried,65256.87,694.0,276594.82,120,9.85,Business,0,Mumbai,0,2022,1,4,3632.2826270773735,0.055661306266717565,0.35321290054722715,159279.09524928482,65256.87,Good
LN100853,29/02/2020,28.0,Male,Married,0,Retired,49355.66,664.0,624101.47,120,9.21,Education,1,Mumbai,1,2020,2,5,7976.952577114452,0.1616218398683039,1.053748563656799,333132.8392537342,49355.66,Fair
LN101203,24-May-2017,22.0,Male,Single,0,Self-Employed,49118.66,749.0,189358.28,24,7.23,Business,1,Bengaluru,0,2017,5,2,8497.761620835981,0.17300475258966716,0.32125991764976214,14587.99890006354,49118.66,Very_Good
LN101989,2020-01-02,36.0,Male,Divorced,4,Retired,101069.88,710.0,388723.93,48,11.14,Personal,1,Bengaluru,0,2020,1,3,10073.204195569926,0.0996657381563125,0.3205075620287007,94789.87138735648,20213.976000000002,Good
LN100724,05-Jan-2017,56.0,Female,Single,3,Retired,41560.9,642.0,195700.71,48,10.97,Education,1,Chennai,0,2017,1,3,5055.127224579731,0.12163180356007042,0.3923974817677191,46945.396779827104,10390.225,Fair
LN100860,02-Mar-2019,43.0,Male,Single,1,Retired,,795.0,115925.46,120,14.43,Personal,0,Mumbai,0,2019,3,5,1830.0248956605476,0.038125518659594744,0.20125947916666667,103677.52747926571,24000.0,Very_Good
LN100970,2016-04-12,35.0,Male,Married,2,Unemployed,58589.74,778.0,257810.67,120,11.51,Auto,1,Hyderabad,0,2016,4,1,3626.1739737165612,0.06189093813552614,0.3666891592282198,177330.20684598733,19529.913333333334,Very_Good
LN100497,10-18-2015,,Female,Married,1,Self-Employed,136092.35,,262682.95,36,10.83,Home,0,Pune,0,2015,10,6,8578.748252867692,0.06303622689201628,0.16084846674580408,46151.9871032369,68046.175,Fair
LN100951,08-08-2021,26.0,Female,Divorced,3,Self-Employed,41384.66,781.0,74128.02,48,6.4,Business,0,Mumbai,0,2021,8,6,1754.5195956772795,0.04239540920904701,0.14926629818874915,10088.920592509414,10346.165,Very_Good
LN100806,07/12/2022,45.0,Male,Married,3,Self-Employed,45538.8,652.0,175920.7,36,14.24,Business,0,Delhi,0,2022,7,1,6033.067848555957,0.1324819241735829,0.32192456396157415,41269.742548014445,11384.7,Fair
LN100130,2018-12-02,36.0,Male,Divorced,1,Unemployed,31196.03,583.0,472250.68,36,14.27,Personal,1,Mumbai,1,2018,12,6,16202.376844034141,0.5193730370189458,1.2615138315142451,111034.88638522913,15598.015,Fair
LN100338,28-Jan-2019,30.0,Male,Divorced,3,Retired,76827.98,,112479.78,36,10.7,Business,1,Hyderabad,0,2019,1,0,3666.4746381745003,0.04772316854060852,0.12200392357055333,19513.306974282023,19206.995,Fair
LN100609,16/11/2017,49.0,Female,Divorced,2,Unemployed,36842.52,653.0,388116.92,120,9.55,Personal,1,Bengaluru,1,2017,11,3,5032.765902028412,0.1366021081627536,0.8778736271749779,215814.98824340937,12280.839999999998,Fair
LN100196,09-25-2018,67.0,Male,Divorced,0,Self-Employed,42836.28,757.0,157026.76,48,12.24,Business,1,Chennai,0,2018,9,1,4153.638111079921,0.09696542536093053,0.3054785180536997,42347.869331836206,42836.28,Very_Good
LN101251,2016-09-15,33.0,Female,Married,1,Unemployed,47688.68,568.0,157451.41,60,9.9,Business,0,Chennai,1,2016,9,3,3337.629925535877,0.0699878865495098,0.2751376392329025,42806.385532152635,23844.34,Very_Poor
LN101293,08-Jan-2016,51.0,Female,Divorced,3,Retired,67410.73,790.0,123567.72,120,11.3,Business,0,Chennai,0,2016,1,4,1723.1960384153429,0.025562637259904215,0.15275476174193633,83215.80460984114,16852.6825,Very_Good
LN100910,2015-07-15,38.0,Female,Married,1,Retired,100704.95,621.0,148407.59,48,7.54,Business,3,Delhi,0,2015,7,2,3591.093319547629,0.03565955118936685,0.1228072618740853,23964.889338286215,50352.475,Fair
LN100585,26-May-2017,,Male,Single,1,Self-Employed,41134.85,629.0,328025.02,12,6.8,Business,2,Hyderabad,1,2017,5,4,28352.298568828915,0.6892525089754531,0.6645318588334062,12202.562825946952,20567.425,Fair
LN100104,2023-02-01,57.0,Female,Divorced,3,Salaried,58627.72,685.0,320299.43,84,9.26,Personal,1,Hyderabad,1,2023,2,2,5195.680358789156,0.08862156602353215,0.4552730204528961,116137.72013828915,14656.93,Good
LN101618,2018-09-23,,Male,Divorced,2,Self-Employed,59918.07,786.0,200349.3,60,12.27,Auto,0,Delhi,0,2018,9,6,4484.037995820147,0.0748361553671563,0.27864340423514977,68692.97974920884,19972.69,Very_Good
LN101951,08-09-2021,49.0,Male,Single,2,Retired,56687.12,828.0,1060879.53,60,13.29,Auto,1,Chennai,1,2021,8,0,24296.02725243172,0.4285987231743599,1.5595540486092783,396882.1051459031,18895.70666666667,Exceptional
LN101970,29-Jul-2015,59.0,Male,Divorced,1,Self-Employed,45304.3,619.0,262883.63,84,8.9,Education,1,Mumbai,0,2015,7,2,4216.2212019908375,0.09306448178188025,0.48355165330148936,91278.95096723037,22652.15,Fair
LN100720,01-03-2017,27.0,Female,Divorced,1,Salaried,30747.64,633.0,155301.02,120,9.14,Business,2,Chennai,0,2017,1,1,1979.072414285955,0.0643650183977032,0.4209022762939421,82187.6697143146,15373.82,Fair
LN100885,2020-08-23,26.0,Male,Single,1,Retired,30064.76,758.0,262642.06,12,8.62,Business,0,Hyderabad,0,2020,8,6,22921.924242422367,0.7624183343696197,0.7279897904833876,12421.030909068417,15032.38,Very_Good
LN100777,2023-12-08,33.0,Male,Married,0,Unemployed,55112.38,703.0,361256.78,48,9.52,Business,3,Mumbai,1,2023,12,4,9079.334470051706,0.16474219531168327,0.5462426348973982,74551.2745624819,55112.38,Good
LN101570,29-Apr-2015,,Female,Single,0,Salaried,48013.67,613.0,321850.66,48,13.0,Auto,1,Pune,1,2015,4,2,8634.434511812568,0.17983283743593373,0.5586094196368103,92602.19656700327,48013.67,Fair
LN100850,03-Oct-2019,32.0,Female,Married,2,Salaried,49168.6,510.0,219109.97,84,10.05,Personal,0,Bengaluru,0,2019,10,3,3643.144507123698,0.07409494081840236,0.37135822794764684,86914.16859839062,16389.533333333333,Very_Poor
LN100895,2020-06-15,35.0,Male,Single,0,Unemployed,80017.62,677.0,444037.19,12,12.03,Personal,1,Chennai,1,2020,6,0,39458.0881643963,0.4931174929271366,0.46243688785878245,29459.86797275563,80017.62,Good
LN100228,02-07-2019,26.0,Female,Married,1,Salaried,28483.7,711.0,88951.29,48,13.0,Home,1,Delhi,0,2019,2,3,2386.336844070005,0.08377903306347156,0.2602403304345994,25592.87851536025,14241.85,Good
LN101985,02-15-2019,35.0,Male,Divorced,1,Self-Employed,,681.0,115430.02,48,13.24,Business,0,Mumbai,0,2019,2,4,3110.4613801258765,0.06480127875262243,0.20039934027777778,33872.12624604207,24000.0,Good
LN101326,30-Sep-2018,,Female,Divorced,1,Salaried,80561.45,624.0,53763.82,24,13.54,Education,2,Chennai,0,2018,9,6,2569.6796514106572,0.03189713754420579,0.05561367544071431,7908.491633855774,40280.725,Fair
LN101300,26/07/2016,28.0,Male,Married,1,Retired,32601.26,708.0,60165.83,36,9.25,Personal,1,Bengaluru,0,2016,7,1,1920.2594488046473,0.05890138751706674,0.15379218983151777,8963.510156967299,16300.63,Good
LN100127,09-Jun-2023,22.0,Female,Divorced,0,Retired,18834.52,737.0,430556.74,84,11.91,Auto,1,Pune,1,2023,6,4,7579.789934101941,0.4024413647972946,1.9049982868336084,206145.61446456308,18834.52,Good
LN100406,11-30-2017,38.0,Male,Single,4,Salaried,50649.03,657.0,108938.28,48,10.38,Home,1,Hyderabad,0,2017,11,3,2782.873661300395,0.05494426371641066,0.17923719368366975,24639.655742418952,10129.806,Fair
LN100776,27-Nov-2018,53.0,Female,Single,3,Unemployed,32494.7,460.0,566015.1,12,5.08,Business,1,Chennai,1,2018,11,1,48474.94833529553,1.4917801467714897,1.4515574847590529,15684.280023546307,8123.675,Very_Poor
LN100822,2019-07-02,75.0,Female,Divorced,2,Self-Employed,68751.49,613.0,94913.56,24,5.36,Auto,2,Delhi,0,2019,7,1,4179.272045733746,0.060788094130523516,0.11504424607136997,5388.969097609923,22917.163333333334,Fair
LN100712,2023-11-07,41.0,Female,Single,1,Unemployed,62185.43,703.0,31061.37,60,15.1,Education,3,Delhi,0,2023,11,1,740.5786086555382,0.011909198161941442,0.04162466191839471,13373.346519332295,31092.715,Good
LN101993,10/03/2015,37.0,Male,Single,0,Retired,59695.79,588.0,141874.43,120,8.07,Home,1,Delhi,0,2015,10,5,1726.5790782893325,0.02892296221038925,0.1980519759712815,65315.05939471992,59695.79,Fair
LN101061,2019-09-27,29.0,Female,Married,1,Self-Employed,80814.51,580.0,116640.09,84,13.33,Personal,2,Chennai,0,2019,9,4,2142.8928794291696,0.02651618972173648,0.12027552354150264,63362.91187205026,40407.255,Fair
LN101164,25-Oct-2020,38.0,Male,Single,1,Retired,73791.29,493.0,211026.87,36,10.79,Personal,0,Chennai,0,2020,10,6,6887.763526191155,0.0933411453599897,0.23831501658258042,36932.61694288158,36895.645,Very_Poor
LN100304,16-Mar-2020,33.0,Male,Single,3,Self-Employed,41158.78,542.0,162011.3,120,11.46,Education,0,Bengaluru,0,2020,3,0,2274.0980547615063,0.05525183338188125,0.32802093907221413,110880.46657138079,10289.695,Very_Poor
LN100268,10-07-2016,49.0,Male,Single,1,Unemployed,134594.87,737.0,250546.89,48,15.9,Personal,2,Delhi,1,2016,10,4,7087.735904607827,0.05265977748340503,0.15512409574005312,89664.4334211757,67297.435,Good
LN101558,06-29-2019,27.0,Female,Married,0,Salaried,36194.7,729.0,203682.74,24,5.61,Home,2,Bengaluru,0,2019,6,5,8991.516379815454,0.24842080138294984,0.4689515776250851,12113.653115570894,36194.7,Good
LN100546,23/04/2018,35.0,Male,Single,1,Self-Employed,45666.54,662.0,331029.59,12,12.91,Personal,0,Bengaluru,1,2018,4,0,29552.469625828748,0.6471361663447406,0.6040702704138888,23600.04550994496,22833.27,Fair
LN100213,31-Mar-2021,35.0,Female,Married,0,Unemployed,53966.43,738.0,118236.17,12,4.52,Home,1,Chennai,0,2021,3,2,10095.692703150768,0.18707356968305608,0.18257672717403514,2912.1424378092197,53966.43,Good
LN100897,2017-11-08,22.0,Female,Divorced,3,Retired,46361.9,665.0,205254.5,12,14.99,Home,1,Pune,0,2017,11,2,18524.840930676524,0.39957035692403725,0.3689353039169375,17043.59116811829,11590.475,Fair
LN101493,07-Feb-2022,52.0,Female,Single,1,Self-Employed,23482.49,611.0,141033.17,120,11.03,Personal,1,Pune,0,2022,2,0,1945.1268551404391,0.08283307499078842,0.5004905428115446,92382.05261685268,11741.245,Fair
LN101223,09/02/2017,50.0,Male,Divorced,1,Unemployed,50719.53,727.0,558071.18,12,5.28,Auto,0,Hyderabad,1,2017,9,5,47845.82205673353,0.9433411953291667,0.9169235532479633,16078.684680802282,25359.765,Good
LN101697,13-Sep-2018,38.0,Male,Single,2,Unemployed,34551.82,511.0,369486.38,120,12.39,Education,0,Delhi,1,2018,9,3,5384.688663703202,0.15584385030088724,0.8911406596430136,276676.25964438426,11517.273333333333,Very_Poor
LN100917,2021-06-22,28.0,Female,Married,1,Self-Employed,26733.47,720.0,189892.39,48,10.96,Education,0,Mumbai,0,2021,6,1,4904.171213439115,0.18344686318084089,0.5919308579594543,45507.828245077486,13366.735,Good
LN101552,02-Nov-2021,36.0,Female,Single,2,Retired,31888.44,642.0,396619.69,120,9.68,Home,0,Chennai,1,2021,11,1,5171.326668790316,0.16216932119571595,1.0364771946615556,223939.51025483798,10629.48,Fair
LN100676,02-22-2019,38.0,Female,Single,0,Self-Employed,25134.55,512.0,327736.61,48,9.73,Business,2,Delhi,1,2019,2,4,8269.797900762214,0.3290211243392945,1.0866072464661858,69213.68923658633,25134.55,Very_Poor
LN101290,06/10/2016,38.0,Female,Single,3,Self-Employed,113439.83,865.0,288300.78,48,8.02,Business,2,Hyderabad,0,2016,6,4,7040.952759613426,0.06206773017566604,0.21178685652120602,49664.95246144442,28359.9575,Exceptional
LN100815,03-14-2019,,Male,Married,0,Salaried,56873.23,649.0,219254.29,12,11.16,Education,3,Chennai,0,2019,3,3,19394.25995171174,0.34100858966005165,0.32126170490639155,13476.82942054089,56873.23,Fair
LN101266,21/01/2020,51.0,Female,Divorced,2,Retired,64487.32,,135009.4,84,7.08,Auto,1,Bengaluru,0,2020,1,1,2042.9344033964053,0.03167962947438978,0.17446504728888304,36597.089885298046,21495.773333333334,Fair
LN100343,11-05-2018,56.0,Female,Single,2,Unemployed,126581.84,664.0,406960.52,12,11.53,Business,1,Bengaluru,1,2018,11,0,36068.23512466397,0.28494004451715954,0.267916603729782,25858.30149596755,42193.94666666666,Fair
LN100550,07-03-2022,60.0,Male,Single,1,Self-Employed,61975.17,605.0,503651.49,12,8.08,Auto,1,Delhi,1,2022,7,6,43829.96115973072,0.7072180868520526,0.677222143965075,22308.043916768627,30987.585,Fair
LN101411,11-Sep-2017,23.0,Female,Married,3,Retired,28702.68,565.0,425053.51,36,10.56,Personal,1,Chennai,1,2017,9,0,13827.269061083378,0.4817413935243461,1.2340703318760942,72728.17619900161,7175.67,Very_Poor
LN101215,03-20-2015,43.0,Female,Married,0,Unemployed,68379.27,597.0,91728.76,36,11.26,Business,1,Hyderabad,0,2015,3,4,3014.3812170000933,0.04408326115502686,0.1117891918608276,16788.963812003363,68379.27,Fair
LN100967,04/02/2021,23.0,Male,Single,3,Self-Employed,31454.44,502.0,79631.83,36,12.44,Home,1,Delhi,0,2021,4,4,2661.6763941506574,0.08462005345352382,0.2109713551833488,16188.520189423667,7863.61,Very_Poor
LN101231,05-28-2018,33.0,Female,Single,1,Self-Employed,38128.1,728.0,160218.96,12,5.62,Home,1,Chennai,0,2018,5,0,13761.267175016692,0.36092192307029963,0.35017690364849025,4916.246100200311,19064.05,Good
LN100296,09-03-2021,39.0,Male,Married,2,Self-Employed,29604.1,625.0,327949.1,24,13.56,Home,3,Mumbai,1,2021,9,4,15677.648904708776,0.5295769472711137,0.923152254811552,48314.473713010666,9868.033333333333,Fair
LN100696,07-04-2023,39.0,Male,Married,1,Salaried,34656.12,660.0,1045622.03,120,11.9,Home,1,Hyderabad,1,2023,7,1,14941.248250843591,0.4311287083159797,2.5142794163532054,747327.760101231,17328.06,Fair
  LN101453  ,12-19-2019,46.0,Male,Single,2,Unemployed,101969.91,678.0,134733.61,84,10.69,Education,0,Chennai,0,2019,12,3,2285.0632532148015,0.022409191625400095,0.11010896090163591,57211.703270043334,33989.97,Good
LN100074,26/04/2016,,Male,Married,4,Unemployed,117877.01,462.0,651817.22,84,11.63,Home,1,Delhi,1,2016,4,1,11377.77064189934,0.09652238924196789,0.46080318517297536,303915.51391954464,23575.402,Very_Poor
LN100606,2017-01-09,43.0,Female,Single,1,Retired,34092.08,618.0,53616.94,48,7.48,Business,1,Hyderabad,0,2017,1,0,1295.8946265699792,0.03801160347417873,0.1310591296668708,8586.002075359,17046.04,Fair
LN100105,04-15-2016,57.0,Female,Married,0,Salaried,54119.8,591.0,141673.43,36,10.04,Auto,1,Bengaluru,0,2016,4,4,4574.0510659993015,0.08451714651568006,0.21814787132743774,22992.40837597486,54119.8,Fair
LN100646,07-Feb-2020,,Male,Single,2,Salaried,94892.3,659.0,105381.88,24,13.87,Education,1,Pune,0,2020,2,4,5053.2024996542505,0.05325197618409766,0.09254516260363942,15894.979991702014,31630.766666666666,Fair
LN101405,2020-05-23,54.0,Male,Single,2,Salaried,63304.24,704.0,93547.83,120,13.21,Business,4,Delhi,0,2020,5,5,1408.3800513148735,0.022247799694220697,0.12314581930057134,75457.77615778481,21101.413333333334,Good
LN100495,25/05/2019,45.0,Female,Married,0,Retired,232455.74,722.0,109793.22,12,9.73,Auto,1,Bengaluru,0,2019,5,5,9638.691831344615,0.04146463249883447,0.03935990137305278,5871.081976135378,232455.74,Good
LN101041,04-27-2016,54.0,Male,Divorced,1,Retired,37675.26,610.0,351834.43,60,6.13,Home,1,Bengaluru,1,2016,4,2,6823.214233977609,0.18110596274525004,0.778217212922574,57558.42403865658,18837.63,Fair
LN100440,25/04/2021,39.0,Female,Single,1,Unemployed,35848.53,658.0,131225.51,36,9.38,Personal,0,Bengaluru,1,2021,4,6,4196.170010525875,0.11705277763205005,0.30504623667042047,19836.61037893151,17924.265,Fair
LN101020,2016-09-08,51.0,Female,Single,0,Self-Employed,21282.56,751.0,840957.07,48,11.76,Personal,1,Hyderabad,1,2016,9,3,22046.621143230783,1.0359008100167828,3.2928254793283007,217280.7448750775,21282.56,Very_Good
LN100092,22/04/2016,44.0,Male,Married,2,Unemployed,85336.01,723.0,283535.28,48,14.2,Personal,2,Bengaluru,0,2016,4,4,7776.485935808755,0.0911278361363363,0.2768812368893273,89736.0449188202,28445.336666666666,Good
LN101113,03-30-2021,51.0,Male,Married,1,Unemployed,43093.94,765.0,184884.85,120,8.42,Personal,1,Bengaluru,1,2021,3,1,2284.402865743602,0.05300984003188387,0.357522910027102,89243.49388923225,21546.97,Very_Good
LN101848,2018-08-02,,Female,Single,0,Unemployed,89462.76,,249976.91,36,12.53,Auto,3,Delhi,1,2018,8,3,8366.212943757322,0.09351615067271928,0.23285006148554627,51206.75597526357,89462.76,Fair
LN100909,2021-11-13,41.0,Female,Single,2,Unemployed,65308.9,775.0,457632.22,12,15.0,Home,2,Bengaluru,1,2021,11,5,41304.854908302965,0.6324536917373125,0.5839329453310855,38026.038899635605,21769.633333333335,Very_Good
LN101475,22-Jun-2023,52.0,Male,Single,1,Self-Employed,77396.4,669.0,235250.58,84,10.09,Education,3,Hyderabad,0,2023,6,3,3916.3828101211784,0.050601614676150035,0.2532962127437452,93725.57605017899,38698.2,Fair
LN101742,2023-04-20,41.0,Male,Divorced,0,Self-Employed,63215.56,673.0,386712.65,24,6.51,Education,2,Mumbai,0,2023,4,3,17228.222561937648,0.2725313603476367,0.5097804111308462,26764.69148650352,63215.56,Good
LN100103,2019-11-04,26.0,Female,Married,0,Unemployed,42593.2,811.0,311324.17,36,9.29,Home,0,Delhi,1,2019,11,0,9942.067134659934,0.233419117010695,0.609103820171608,46590.24684775766,42593.2,Exceptional
LN100239,06-23-2021,,Male,Divorced,1,Self-Employed,29673.85,668.0,208676.61,120,8.83,Auto,0,Chennai,1,2021,6,2,2624.264549426851,0.08843694193462766,0.5860283549320362,106235.13593122212,14836.925,Fair
LN101794,03-May-2018,61.0,Female,Single,0,Unemployed,63664.56,733.0,513202.12,36,9.05,Education,0,Bengaluru,1,2018,5,3,16331.582798689637,0.2565254954827244,0.6717527511905106,74734.8607528269,63664.56,Good
  LN100943  ,01/01/2015,,Male,Married,2,Unemployed,,738.0,166915.19,24,11.62,Business,0,Delhi,1,2015,1,3,7827.659885829654,0.16307624762145112,0.28978331597222223,20948.647259911697,16000.0,Good
LN101271,2018-04-26,47.0,Female,Married,1,Salaried,74396.94,579.0,474905.81,84,4.35,Auto,0,Delhi,1,2018,4,3,6568.167862493115,0.08828545720419569,0.5319504292336038,76820.29044942168,37198.47,Very_Poor
LN100939,29/12/2015,53.0,Female,Single,1,Retired,19344.6,588.0,186094.83,48,12.24,Home,1,Delhi,1,2015,12,1,4922.540452104718,0.2544658691368505,0.8016657103274298,50187.11170102647,9672.3,Fair
LN101853,10/06/2015,28.0,Male,Single,0,Unemployed,41105.26,500.0,508874.51,48,10.15,Education,1,Bengaluru,1,2015,10,1,12943.034732331982,0.3148753889972228,1.031649213912445,112391.15715193516,41105.26,Very_Poor
LN101182,17-Apr-2021,,Female,Married,1,Retired,47468.12,681.0,79281.37,36,9.34,Personal,0,Delhi,0,2021,4,5,2533.682737531455,0.053376513279469566,0.13918353693664995,11931.208551132382,23734.06,Good
LN101504,15-May-2016,41.0,Male,Married,4,Unemployed,122665.41,687.0,537697.98,24,14.0,Education,1,Bengaluru,1,2016,5,6,25816.34991938977,0.21046153042972562,0.3652876960179728,81894.41806535446,24533.082000000002,Good
LN101670,2020-09-11,33.0,Male,Married,1,Unemployed,20880.28,700.0,247187.92,12,11.49,Business,0,Pune,1,2020,9,4,21903.235376055552,1.0489914587378883,0.98652859699838,15650.904512666602,10440.14,Good
LN100006,27/12/2020,26.0,Female,Single,1,Unemployed,22211.22,719.0,136393.7,48,6.96,Home,1,Hyderabad,0,2020,12,6,3263.5761132886887,0.14693367195897789,0.5117297323905066,20257.95343785704,11105.61,Good
LN101914,09/10/2021,41.0,Male,Single,2,Unemployed,50447.47,704.0,212820.72,24,4.98,Education,1,Hyderabad,0,2021,9,4,9334.74532813721,0.18503891925873014,0.35155499373903193,11213.16787529306,16815.823333333334,Good
LN100966,06-29-2015,44.0,Male,Married,1,Self-Employed,67879.06,639.0,88442.02,84,8.95,Auto,1,Mumbai,0,2015,6,0,1420.705747507141,0.02092995612354003,0.10857793748666134,30897.262790599838,33939.53,Fair
LN100019,09/03/2020,28.0,Male,Divorced,1,Self-Employed,32600.89,643.0,252409.08,120,11.83,Auto,2,Mumbai,1,2020,9,3,3596.5734798169938,0.11032132803174986,0.645199870310289,179179.73757803926,16300.445,Fair
LN101431,2023-05-19,21.0,Female,Married,0,Salaried,26057.59,679.0,515414.21,36,11.12,Auto,0,Pune,1,2023,5,4,16903.261936385243,0.6486886138121462,1.648317598314605,93103.21970986872,26057.59,Good
LN100122,23-Jan-2016,39.0,Female,Divorced,0,Retired,98321.81,732.0,66214.16,36,8.03,Home,1,Delhi,0,2016,1,5,2075.819966213795,0.021112507654342357,0.05612027145011536,8515.358783696618,98321.81,Good
LN100662,2023-08-17,27.0,Female,Single,2,Salaried,120480.12,699.0,103196.02,120,14.32,Home,0,Chennai,0,2023,8,3,1622.202086657021,0.013464479340301297,0.07137831812695185,91468.23039884253,40160.04,Good
LN101772,13-Jan-2022,44.0,Female,Single,1,Retired,28939.32,679.0,385389.73,84,13.0,Business,0,Chennai,1,2022,1,3,7010.991080881716,0.24226523224739613,1.1097638380353558,203533.52079406416,14469.66,Good
LN100275,11-10-2018,35.0,Female,Married,0,Self-Employed,,680.0,246696.74,24,9.0,Personal,0,Pune,0,2018,11,5,11270.219607954601,0.2347962418323875,0.4282929513888889,23788.530590910465,48000.0,Good
LN100434,11/06/2020,31.0,Female,Married,1,Salaried,40047.4,588.0,72920.87,84,11.44,Auto,2,Mumbai,0,2020,11,4,1265.5157909973998,0.03160044824376613,0.1517386688440864,33382.456443781586,20023.7,Fair
LN100812,11-Apr-2023,32.0,Female,Single,2,Salaried,22926.61,733.0,151720.94,12,11.55,Education,0,Hyderabad,0,2023,4,1,13448.19280139588,0.5865757214606032,0.5514732298698616,9657.373616750556,7642.203333333334,Good
LN101301,02-May-2023,51.0,Female,Single,3,Salaried,85968.17,836.0,169309.97,12,15.74,Business,0,Mumbai,0,2023,5,1,15340.724476809555,0.17844656315017007,0.16412079222654927,14778.723721714661,21492.0425,Exceptional
LN101336,15/06/2018,52.0,Female,Single,2,Retired,63103.49,738.0,141108.39,12,15.59,Home,0,Bengaluru,0,2018,6,4,12775.447129941189,0.20245230699508363,0.1863452005586379,12196.975559294253,21034.496666666666,Good
LN101995,04-02-2023,39.0,Male,Divorced,1,Unemployed,98768.57,721.0,39912.17,84,7.84,Home,1,Mumbai,0,2023,4,6,618.9019953157305,0.006266183618085494,0.0336748235462624,12075.597606521362,49384.285,Good
LN101571,2015-08-10,29.0,Male,Single,3,Unemployed,26629.98,611.0,420035.07,24,9.88,Auto,2,Bengaluru,1,2015,8,0,19359.142596780523,0.7269679735689071,1.314417904181678,44584.352322732506,6657.495,Fair
LN100182,2015-11-16,49.0,Female,Divorced,3,Self-Employed,49545.95,821.0,190524.76,48,8.87,Home,1,Chennai,0,2015,11,0,4729.453503512129,0.09545590514486309,0.3204512847837883,36489.008168582164,12386.4875,Exceptional
LN100185,2018-11-12,25.0,Male,Divorced,0,Unemployed,51755.18,647.0,171839.85,84,10.61,Business,1,Delhi,0,2018,11,0,2907.195336428411,0.056172065026697054,0.2766870388625834,72364.55825998652,51755.18,Fair
LN100407,15/04/2022,27.0,Female,Married,1,Salaried,26652.61,741.0,340842.34,36,12.95,Business,0,Pune,1,2022,4,4,11476.094288859565,0.4305805055812382,1.0656940664847958,72297.05439894431,13326.305,Very_Good
LN101744,2018-12-01,40.0,Female,Married,1,Salaried,46967.87,642.0,233541.8,12,13.48,Business,3,Pune,1,2018,12,5,20911.80140859764,0.4452363159878793,0.4143644722800217,17399.816903171682,23483.935,Fair
LN100866,13-Jun-2015,36.0,Male,Married,2,Unemployed,27167.31,793.0,131739.72,120,6.67,Education,3,Pune,0,2015,6,5,1507.296487301999,0.05548199241301398,0.40410000106745936,49135.85847623987,9055.77,Very_Good
LN101631,01-13-2015,41.0,Male,Divorced,3,Unemployed,154025.46,636.0,256320.89,12,13.68,Education,0,Mumbai,0,2015,1,1,22975.580771925637,0.1491674218789909,0.1386788532666396,19386.07926310762,38506.365,Fair
LN101717,21/09/2023,34.0,Female,Single,0,Unemployed,,612.0,232097.64,120,9.22,Education,1,Chennai,1,2023,9,3,2967.818273126213,0.061829547356796105,0.4029472916666667,124040.55277514557,48000.0,Fair
LN100521,21/08/2015,32.0,Female,Single,1,Self-Employed,23353.63,576.0,89887.91,84,9.76,Home,1,Pune,0,2015,8,4,1481.1211918799834,0.06342145490358386,0.3207492439790588,34526.2701179186,11676.815,Very_Poor
LN101004,01-07-2017,45.0,Female,Divorced,2,Retired,39173.44,522.0,965440.72,84,10.5,Education,0,Pune,1,2017,1,5,16277.965335782816,0.41553576443076773,2.053774019675916,401908.36820575665,13057.813333333334,Very_Poor
LN100381,2023-06-09,51.0,Male,Single,2,Salaried,59271.5,562.0,159976.88,120,9.16,Business,0,Pune,0,2023,6,4,2040.3967112477342,0.034424583674240304,0.2249210272503086,84870.7253497281,19757.166666666668,Very_Poor
LN101435,23/07/2023,23.0,Male,Divorced,1,Salaried,43191.08,542.0,175876.42,36,16.8,Personal,0,Chennai,1,2023,7,6,6252.9722576743825,0.14477462146522807,0.33933785247632925,49230.58127627775,21595.54,Very_Poor
LN101659,15-Aug-2017,45.0,Male,Single,2,Retired,27295.56,842.0,200805.41,12,11.15,Personal,0,Delhi,0,2017,8,1,17761.416812048792,0.6507071777259302,0.6130588332559093,12331.591744585516,9098.52,Exceptional
LN101394,2022-01-13,38.0,Female,Divorced,3,Unemployed,43966.1,600.0,83897.39,12,9.17,Auto,1,Hyderabad,0,2022,1,3,7343.489499808864,0.16702617470753295,0.15901908894959224,4224.4839977063675,10991.525,Fair
LN101425,2015-02-04,28.0,Female,Single,1,Retired,62686.86,719.0,94903.01,12,8.88,Personal,0,Hyderabad,0,2015,2,2,8294.038527190774,0.13230904414722278,0.12616015807246792,4625.452326289305,31343.43,Good
LN101613,06-10-2021,29.0,Female,Married,1,Retired,71637.8,650.0,254337.49,48,11.02,Personal,1,Delhi,0,2021,6,3,6575.943963117026,0.09179433152772734,0.2958604372738042,61307.8202296173,35818.9,Fair
LN100428,2022-11-12,19.0,Male,Married,2,Self-Employed,31005.79,744.0,338456.02,36,13.81,Home,0,Bengaluru,0,2022,11,5,11536.393338715368,0.37207222711356064,0.909658110092771,76854.14019375324,10335.263333333334,Very_Good
LN100079,07/08/2019,39.0,Male,Single,1,Unemployed,53611.47,704.0,68636.11,48,10.98,Business,1,Delhi,0,2019,7,0,1773.2663376684186,0.03307624912483128,0.10668753968755815,16480.674208084092,26805.735,Good
LN101598,09-25-2019,,Female,Married,0,Salaried,98216.95,605.0,528022.78,36,9.03,Personal,0,Hyderabad,1,2019,9,2,16798.302449918232,0.17103262165968536,0.44800717527202116,76716.10819705634,98216.95,Fair
LN101010,10-02-2023,,Male,Divorced,1,Unemployed,34740.2,622.0,263487.54,60,13.01,Home,1,Chennai,1,2023,10,0,5996.493557893954,0.1726096440980177,0.6320428494942458,96302.07347363728,17370.1,Fair
LN101662,12-29-2015,51.0,Female,Married,1,Retired,51638.52,833.0,353307.79,84,13.05,Personal,2,Chennai,0,2015,12,1,6436.96586737857,0.12465434461286981,0.5701618836739188,187397.34285979992,25819.26,Exceptional
LN100608,08-02-2023,48.0,Male,Single,1,Self-Employed,92573.86,520.0,354581.0,60,8.53,Auto,1,Hyderabad,1,2023,8,2,7279.886366441816,0.07863868230666644,0.31918747545653453,82212.18198650895,46286.93,Very_Poor
LN101879,11-01-2016,32.0,Female,Married,1,Self-Employed,59419.35,861.0,131973.33,84,11.44,Education,0,Bengaluru,0,2016,11,1,2290.3502537135237,0.03854552858140528,0.18508747571287804,60416.091311936005,29709.675,Exceptional
LN101925,06-25-2023,58.0,Female,Married,0,Self-Employed,43009.07,733.0,172810.83,120,11.07,Business,5,Hyderabad,1,2023,6,6,2387.3207833108804,0.05550737979944417,0.3348340826713993,113667.66399730564,43009.07,Good
  LN101058  ,05-15-2017,45.0,Female,Married,2,Salaried,28610.32,774.0,894566.4,36,12.56,Auto,1,Mumbai,1,2017,5,0,29952.17438312248,1.0469010616841223,2.6056052501335185,183711.87779240927,9536.773333333333,Very_Good
LN101441,21/05/2021,44.0,Female,Single,0,Self-Employed,47777.14,706.0,162151.27,60,9.0,Home,1,Delhi,0,2021,5,4,3365.9877127363134,0.07045184606563544,0.2828257579531411,39807.99276417881,47777.14,Good
LN101515,2021-12-04,45.0,Male,Single,3,Salaried,57061.16,578.0,659611.7,60,15.01,Auto,2,Delhi,1,2021,12,5,15695.564659828153,0.275065642896642,0.9633109748674346,282122.17958968924,14265.29,Very_Poor
LN101586,08/08/2015,39.0,Female,Single,1,Self-Employed,72755.96,589.0,639899.06,120,13.2,Education,1,Bengaluru,1,2015,8,5,9630.01040320689,0.13236043347111204,0.732928569242529,515702.18838482676,36377.98,Fair
LN101092,04-23-2019,32.0,Female,Single,0,Retired,27819.12,629.0,421896.31,60,10.99,Auto,1,Hyderabad,1,2019,4,1,9170.93157444334,0.3296628928033432,1.263807979308236,128359.58446660038,27819.12,Fair
LN101561,23-Nov-2015,38.0,Male,Single,2,Salaried,31996.79,589.0,4571532.18,120,14.06,Business,1,Delhi,1,2015,11,0,71145.54148458903,2.2235212183656246,11.90622606205185,3965932.7981506847,10665.596666666666,Fair
LN101102,03-28-2022,54.0,Female,Divorced,1,Unemployed,25786.32,773.0,89648.23,12,,Education,0,Pune,1,2022,3,0,7923.1907815996,0.3072633389176742,0.2897150827777416,5430.059379195198,12893.16,Very_Good
LN101130,12-22-2021,29.0,Male,Married,1,Salaried,104853.57,621.0,580201.04,36,9.07,Personal,2,Bengaluru,1,2021,12,2,18469.08676575843,0.17614170662723672,0.4611200807627882,84686.08356730349,52426.785,Fair
LN101236,10/12/2022,36.0,Female,Single,3,Unemployed,,649.0,145764.4,120,6.42,Auto,1,Bengaluru,0,2022,10,2,1649.1963454245654,0.03435825719634511,0.2530631944444444,52139.16145094784,12000.0,Fair
LN101861,2016-09-06,50.0,Male,Divorced,1,Salaried,57946.7,631.0,131528.89,12,13.47,Education,0,Hyderabad,0,2016,9,1,11776.742749133646,0.20323405386559798,0.18915211450062447,9792.022989603749,28973.35,Fair
LN100959,28/12/2020,27.0,Male,Divorced,1,Unemployed,56071.78,666.0,260901.24,12,7.92,Home,2,Bengaluru,0,2020,12,0,22685.463428348383,0.4045789776666334,0.3877488818796193,11324.321140180575,28035.89,Fair
LN101663,2016-02-20,,Female,Married,1,Retired,80753.15,514.0,214278.22,24,12.0,Business,1,Bengaluru,0,2016,2,5,10086.782442015729,0.12490884184723108,0.22112472805498404,27804.558608377498,40376.575,Very_Poor
LN100560,03-04-2019,19.0,Female,Married,3,Unemployed,42287.59,640.0,63979.04,48,10.18,Auto,1,Mumbai,0,2019,3,0,1628.2066772252304,0.038503179708875124,0.12607922718383022,14174.88050681106,10571.8975,Fair
LN100847,14-Aug-2022,27.0,Female,Married,1,Salaried,93359.86,592.0,438095.96,12,10.3,Business,0,Pune,1,2022,8,6,38576.3910377016,0.4132010377661406,0.39104596629286575,24820.73245241918,46679.93,Fair
LN101838,21-May-2019,30.0,Female,Married,3,Self-Employed,48076.01,574.0,538284.83,60,11.62,Home,2,Bengaluru,1,2019,5,1,11870.725414336777,0.24691577804266154,0.9330447590527305,173958.69486020668,12019.0025,Very_Poor
LN100691,07-24-2021,,Male,Single,0,Unemployed,115506.51,556.0,164020.81,12,7.76,Personal,1,Hyderabad,0,2021,7,5,14249.54083684552,0.12336569459890633,0.1183344629954912,6973.680042146239,115506.51,Very_Poor
LN101520,2020-02-02,56.0,Male,Divorced,0,Unemployed,47443.08,571.0,203314.85,120,13.21,Personal,3,Delhi,1,2020,2,6,3060.943037118828,0.06451821924543744,0.3571206626270189,163998.31445425938,47443.08,Very_Poor
LN101969,24-Jun-2020,31.0,Male,Divorced,1,Self-Employed,52176.14,685.0,337128.32,120,10.14,Education,0,Delhi,1,2020,6,2,4481.350149203661,0.08588887850277274,0.5384458617802442,200633.69790443935,26088.07,Good
LN101760,25/11/2018,43.0,Female,Divorced,1,Retired,20880.45,625.0,33271.56,24,6.99,Auto,3,Delhi,0,2018,11,6,1489.492764779382,0.07133432300450335,0.13278593133768665,2476.2663547051707,10440.225,Fair
LN100437,15/02/2017,37.0,Male,Married,1,Unemployed,54997.92,452.0,157224.56,60,14.37,Home,1,Pune,1,2017,2,2,3688.5659601345264,0.06706737200487813,0.23822803965434813,64089.397608071595,27498.96,Very_Poor
LN100491,04-26-2017,25.0,Female,Married,0,Salaried,,697.0,181748.87,60,13.4,Education,1,Delhi,0,2017,4,2,4172.651702571583,0.08693024380357464,0.31553623263888886,68610.232154295,48000.0,Good
LN101940,28-Jun-2022,38.0,Female,Married,0,Self-Employed,73911.18,757.0,105346.1,12,11.63,Education,1,Bengaluru,0,2022,6,1,9341.572749093943,0.1263891707464817,0.11877555826691805,6752.772989127305,73911.18,Very_Good
LN101630,2017-08-02,50.0,Male,Divorced,1,Salaried,62830.79,714.0,296439.43,120,14.64,Business,0,Hyderabad,1,2017,8,2,4717.4612442442585,0.075081997922424,0.3931716572930777,269655.919309311,31415.395,Good
LN101388,07-07-2015,,Female,Single,3,Unemployed,29568.96,776.0,156208.3,84,13.15,Business,0,Mumbai,0,2015,7,1,2854.487864630476,0.09653663384273495,0.4402372735914057,83568.68062895999,7392.24,Very_Good
LN101573,07-26-2023,26.0,Male,Divorced,2,Retired,29781.44,695.0,509240.15,36,11.49,Personal,0,Chennai,1,2023,7,2,16790.24362725831,0.5637821283073724,1.4249371140773137,95208.62058129918,9927.146666666666,Good
LN101185,06-26-2017,37.0,Male,Divorced,3,Unemployed,24465.62,767.0,146511.35,84,9.44,Auto,0,Chennai,0,2017,6,0,2390.07688652101,0.09769124536884861,0.49903820817402816,54255.1084677648,6116.405,Very_Good
LN100012,21/07/2023,40.0,Male,Married,0,Self-Employed,47229.64,477.0,195133.71,48,11.18,Business,0,Mumbai,1,2023,7,4,5060.397979654516,0.10714453846471234,0.34429952250324164,47765.39302341678,47229.64,Very_Poor
LN100145,06-Aug-2020,45.0,Female,Single,2,Unemployed,90428.39,,204232.51,60,15.37,Home,3,Hyderabad,1,2020,8,3,4898.428443141978,0.05416914359685026,0.18820832520996267,89673.19658851868,30142.796666666665,Fair
LN100918,04-Jun-2022,52.0,Female,Married,1,Salaried,21209.61,577.0,643090.25,24,9.69,Auto,0,Delhi,1,2022,6,5,29583.284123752346,1.394805662327235,2.5267251102998434,66908.56897005625,10604.805,Very_Poor
LN101542,2015-03-02,22.0,Male,Married,5,Retired,36612.31,654.0,118765.06,120,13.58,Business,0,Pune,0,2015,3,0,1814.148967713936,0.049550246015996696,0.2703213299934731,98932.81612567231,6102.051666666666,Fair
LN101452,14-Mar-2022,45.0,Male,Single,4,Salaried,14626.82,659.0,95659.71,84,14.49,Business,0,Pune,0,2022,3,0,1818.6562197467763,0.1243370889740064,0.5450017502095467,57107.41245872919,2925.364,Fair
LN100640,04-03-2023,44.0,Female,Divorced,1,Unemployed,31879.39,522.0,61830.9,24,10.35,Home,1,Chennai,0,2023,4,0,2863.1684391557887,0.08981252273508962,0.1616271515860247,6885.142539738932,15939.695,Very_Poor
LN100177,11-13-2023,38.0,Male,Divorced,1,Self-Employed,87635.3,566.0,234886.64,120,13.93,Auto,2,Hyderabad,0,2023,11,0,3637.120399567137,0.041502914916330944,0.22335618941986468,201567.80794805643,43817.65,Very_Poor
LN100995,12/03/2018,30.0,Male,Single,3,Salaried,28341.44,550.0,269272.49,120,10.33,Education,0,Delhi,0,2018,12,0,3607.8422502800704,0.12729918628976053,0.7917513777234562,163668.58003360848,7085.36,Very_Poor
LN100441,21/10/2020,46.0,Female,Single,0,Retired,98646.25,790.0,286148.39,48,7.83,Home,0,Pune,0,2020,10,2,6962.887748595953,0.07058441399035395,0.24172940346608884,48070.221932605724,98646.25,Very_Good
LN100522,11-03-2017,29.0,Male,Single,0,Salaried,87965.86,590.0,274777.73,60,9.91,Business,1,Delhi,0,2017,11,4,5826.044861883449,0.06623074976909733,0.26030717106234924,74784.96171300695,87965.86,Fair
LN101069,05-27-2021,41.0,Female,Divorced,1,Self-Employed,50108.72,,125167.88,48,9.27,Home,1,Delhi,0,2021,5,3,3130.8728935053136,0.06248159788366802,0.2081605091222978,25114.018888255057,25054.36,Fair
LN101713,12/06/2023,35.0,Female,Single,1,Unemployed,22392.4,664.0,345847.36,120,8.96,Education,2,Chennai,1,2023,12,2,4373.561808974846,0.1953145624843628,1.2870712086838985,178980.05707698152,11196.2,Fair
LN101005,2018-04-25,32.0,Male,Divorced,0,Retired,24243.08,656.0,416226.96,120,7.71,Business,2,Pune,1,2018,4,2,4986.4224719845215,0.20568436320733674,1.4307414734431434,182143.73663814255,24243.08,Fair
LN101256,14/03/2018,35.0,Female,Divorced,0,Retired,75698.65,638.0,364765.45,48,11.48,Personal,1,Pune,1,2018,3,2,9512.790644306939,0.1256665824860409,0.4015543319905089,91848.50092673308,75698.65,Fair
LN101235,04-Jul-2018,55.0,Female,Single,1,Salaried,67525.01,601.0,267277.68,36,7.16,Auto,1,Bengaluru,0,2018,7,2,8272.290802734089,0.12250706520049519,0.32985022882632675,30524.788898427214,33762.505,Fair
LN101665,02/02/2019,53.0,Male,Married,0,Unemployed,54520.25,643.0,72965.32,36,7.67,Personal,1,Bengaluru,0,2019,2,5,2275.3674836750056,0.04173435528404594,0.11152632890225804,8947.9094123002,54520.25,Fair
LN100144,08/06/2021,41.0,Female,Divorced,0,Salaried,34409.01,579.0,367954.59,36,12.82,Personal,1,Chennai,1,2021,8,4,12365.940444303433,0.3593808843760234,0.8911294599873697,77219.26599492354,34409.01,Very_Poor
LN100754,2023-06-02,50.0,Female,Single,1,Self-Employed,36612.28,552.0,202978.9,24,9.08,Home,0,Chennai,1,2023,6,4,9280.444148560591,0.2534790007221782,0.4620009552350559,19751.75956545418,18306.14,Very_Poor
  LN100520  ,2020-11-21,34.0,Female,Married,1,Unemployed,63268.2,728.0,173208.84,60,11.93,Home,1,Chennai,1,2020,11,5,3846.806067244755,0.06080157278450715,0.22814099342165578,57599.52403468531,31634.1,Good
LN101323,2019-08-31,32.0,Female,Divorced,1,Retired,72603.84,702.0,158103.33,48,18.63,Education,0,Chennai,0,2019,8,5,4696.490704099873,0.06468653316546168,0.18146805320489934,67328.22379679393,36301.92,Good
LN100823,11-20-2020,18.0,Male,Divorced,0,Salaried,37222.08,648.0,126314.22,36,7.14,Home,2,Chennai,0,2020,11,4,3908.290475410559,0.10499924978428284,0.28279411037749635,14384.237114780117,37222.08,Fair
LN101791,01/12/2016,53.0,Female,Single,1,Self-Employed,63458.6,791.0,552915.46,48,14.54,Education,0,Pune,0,2016,1,1,15259.412137835112,0.24046247691936337,0.7260842239402276,179536.3226160854,31729.3,Very_Good
LN100429,24-Sep-2022,45.0,Female,Divorced,1,Unemployed,27533.37,717.0,228569.77,24,12.42,Personal,1,Mumbai,0,2022,9,5,10804.419943208404,0.3924118240232999,0.6917962034190995,30736.308637001697,13766.685,Good
LN100613,10-Sep-2018,50.0,Male,Single,1,Salaried,45387.92,635.0,270192.21,24,8.35,Auto,0,Delhi,0,2018,9,0,12263.169888318202,0.27018576502995073,0.49607951851505866,24123.867319636804,22693.96,Fair
LN101506,27/05/2021,68.0,Female,Single,1,Salaried,,735.0,330784.88,60,8.91,Business,0,Delhi,0,2021,5,3,6852.098163059975,0.1427520450637495,0.5742793055555555,80341.00978359854,24000.0,Good
LN101784,27-Jun-2015,51.0,Male,Single,1,Self-Employed,40665.67,683.0,113231.64,84,9.02,Education,3,Pune,0,2015,6,5,1822.9401465991298,0.04482749568860245,0.2320377360068087,39895.33231432691,20332.835,Good
LN101033,04-24-2022,31.0,Female,Single,0,Retired,57703.86,761.0,166094.72,24,14.16,Education,1,Pune,0,2022,4,6,7987.222057594521,0.13841746561832297,0.2398665646746451,25598.609382268507,57703.86,Very_Good
LN100157,25-Nov-2021,40.0,Female,Married,1,Unemployed,40569.55,391.0,177613.76,24,13.7,Home,0,Bengaluru,1,2021,11,3,8502.571037742415,0.20958011705188778,0.3648338881418864,26447.944905817945,20284.775,Very_Poor
LN100540,06/04/2016,33.0,Female,Divorced,0,Self-Employed,27913.92,669.0,339960.92,60,13.04,Auto,0,Delhi,1,2016,6,5,7742.110117550257,0.2773566062219229,1.0149085713030155,124565.68705301546,27913.92,Fair
LN101531,2015-11-23,40.0,Male,Married,0,Retired,23860.72,645.0,56359.03,24,6.04,Personal,1,Mumbai,0,2015,11,0,2498.8630180929963,0.10472705844974486,0.1968333660230426,3613.682434231916,23860.72,Fair
  LN101461  ,26/06/2022,37.0,Female,Divorced,2,Retired,54846.83,774.0,276851.8,24,11.6,Auto,4,Hyderabad,0,2022,6,6,12980.670555152836,0.23667129996670427,0.4206438792056594,34684.29332366807,18282.27666666667,Very_Good
LN101291,25/11/2022,42.0,Female,Divorced,0,Salaried,123932.67,741.0,289032.02,60,14.09,Personal,0,Pune,0,2022,11,4,6738.756558392446,0.05437433534186301,0.1943474764698176,115293.37350354675,123932.67,Very_Good
LN101851,07-02-2020,26.0,Male,Divorced,0,Self-Employed,62400.75,589.0,391648.97,36,10.33,Home,0,Delhi,1,2020,7,3,12698.141775676277,0.20349341595535753,0.5230291970315527,65484.13392434601,62400.75,Fair
LN100462,2017-08-03,45.0,Male,Married,1,Self-Employed,21684.05,693.0,94980.29,24,13.47,Business,2,Pune,0,2017,8,3,4536.517798742598,0.20920989385020777,0.36501595258573316,13896.137169822352,10842.025,Good
LN100577,09-20-2022,,Male,Single,0,Self-Employed,69015.17,576.0,224876.2,120,7.25,Education,3,Hyderabad,0,2022,9,1,2640.0675110604743,0.03825343777404989,0.27152991629714646,91931.90132725693,69015.17,Very_Poor
LN101363,30/01/2020,36.0,Male,Single,3,Retired,62336.7,786.0,213443.07,84,11.43,Education,1,Delhi,0,2020,1,3,3703.098000565713,0.059404780820378894,0.2853362866497585,97617.16204751987,15584.175,Very_Good
LN100256,11-14-2016,60.0,Male,Divorced,1,Salaried,79160.94,551.0,357455.38,84,14.73,Auto,2,Bengaluru,1,2016,11,0,6843.688325868083,0.08645284310504754,0.3762960411199429,217414.43937291892,39580.47,Very_Poor
LN100980,2021-01-22,,Female,Divorced,2,Self-Employed,28011.62,762.0,377405.94,60,9.91,Education,0,Hyderabad,1,2021,1,4,8002.045644606254,0.28566879190158423,1.1227660163889128,102716.79867637524,9337.206666666667,Very_Good
LN101186,2022-09-24,50.0,Male,Divorced,0,Self-Employed,52131.54,629.0,155646.89,12,14.08,Home,3,Chennai,0,2022,9,5,13980.852023480264,0.26818413619625014,0.2488047382959849,12123.33428176315,52131.54,Fair
LN101007,09/09/2020,30.0,Female,Divorced,3,Retired,44343.19,642.0,292056.34,36,15.53,Auto,1,Bengaluru,1,2020,9,2,10200.177093260056,0.23002804023030493,0.5488560550860986,75150.03535736195,11085.7975,Fair
LN101522,22/01/2019,46.0,Male,Married,0,Salaried,42638.12,787.0,102221.63,24,9.26,Personal,0,Chennai,0,2019,1,1,4682.149455030604,0.10981134850764067,0.1997852899393,10149.95692073449,42638.12,Very_Good
LN100561,14/03/2018,32.0,Male,Single,1,Unemployed,23905.72,712.0,328276.83,120,5.81,Business,1,Hyderabad,1,2018,3,2,3613.2980271225138,0.1511478435756176,1.1443454746395423,105318.93325470161,11952.86,Good
LN100209,20-Sep-2018,44.0,Male,Married,0,Salaried,27738.69,743.0,188521.06,60,13.01,Business,1,Hyderabad,0,2018,9,3,4290.3938524658115,0.15467182669642335,0.5663601393336648,68902.57114794868,27738.69,Very_Good
LN100911,2022-09-20,36.0,Male,Married,1,Retired,40366.68,630.0,251142.45,24,10.49,Auto,1,Pune,1,2022,9,1,11645.78005314441,0.2884998234470709,0.5184607081880402,28356.271275465842,20183.34,Fair
LN101312,2021-03-14,35.0,Male,Married,1,Unemployed,50970.72,676.0,247546.62,120,13.19,Auto,2,Pune,1,2021,3,6,3723.9289629411514,0.0730601600868332,0.4047202982418141,199324.85555293818,25485.36,Good
LN100002,08-10-2021,32.0,Male,Divorced,1,Salaried,64297.76,608.0,143485.49,12,11.73,Business,1,Mumbai,0,2021,8,1,12730.292836828707,0.19798967859578165,0.18596486357637756,9278.024041944474,32148.88,Fair
LN101366,10-21-2022,39.0,Female,Married,0,Retired,43422.88,441.0,201675.07,24,11.91,Home,0,Hyderabad,0,2022,10,4,9485.03628354988,0.21843406709895521,0.38703687625816935,25965.800805197097,43422.88,Very_Poor
LN100270,22/02/2016,51.0,Male,Divorced,0,Retired,88041.21,700.0,177680.15,36,11.0,Business,2,Delhi,0,2016,2,0,5817.005209748406,0.06607139099687982,0.16817896036034335,31732.037550942623,88041.21,Good
LN100266,08-29-2018,32.0,Male,Single,0,Self-Employed,67664.31,586.0,217022.37,12,14.48,Education,3,Hyderabad,0,2018,8,2,19534.734961538587,0.2887007192054214,0.26727823722727684,17394.449538463028,67664.31,Fair
LN100915,08-Feb-2017,28.0,Male,Married,0,Salaried,39865.86,675.0,174204.23,84,13.82,Home,1,Chennai,0,2017,2,2,3247.2898458786203,0.08145540685384989,0.36414664494047455,98568.11705380408,39865.86,Good
LN100231,29/09/2019,49.0,Male,Single,2,Self-Employed,77814.33,611.0,319214.51,12,9.39,Business,0,Pune,0,2019,9,6,27973.25945177618,0.3594872493508095,0.34185488928153296,16464.603421314154,25938.11,Fair
LN101120,03-31-2017,35.0,Male,Divorced,1,Self-Employed,27866.1,605.0,90066.97,48,10.62,Business,0,Hyderabad,0,2017,3,4,2311.2375730523545,0.08294083395424386,0.26934450222073897,20872.433506513014,13933.05,Fair
LN100865,02/06/2017,40.0,Male,Divorced,2,Self-Employed,64739.13,635.0,319052.01,48,11.21,Home,0,Hyderabad,0,2017,2,0,8278.62668652997,0.12787670588915806,0.4106892925499617,78322.07095343852,21579.71,Fair
LN101067,19-May-2021,42.0,Female,Single,2,Unemployed,50891.12,537.0,63465.56,84,8.78,Business,2,Hyderabad,0,2021,5,2,1014.0294363531337,0.019925469047510327,0.10392376246910397,21712.91265366324,16963.70666666667,Very_Poor
LN100874,06/06/2015,32.0,Female,Divorced,2,Retired,31576.88,676.0,310108.39,12,9.91,Personal,0,Bengaluru,1,2015,6,5,27250.212662215738,0.8629798973874473,0.8183951623255158,16894.161946588836,10525.626666666667,Good
LN101890,28-Sep-2023,30.0,Male,Married,2,Salaried,77698.76,620.0,568578.02,60,9.46,Business,1,Chennai,1,2023,9,3,11930.065587211755,0.1535425480047784,0.6098102681003748,147225.9152327053,25899.586666666666,Fair
LN100399,03/07/2020,55.0,Male,Single,1,Salaried,49731.58,660.0,124003.69,12,14.53,Business,0,Chennai,0,2020,3,5,11164.809003853949,0.22450139335717764,0.2077883074161998,9974.018046247365,24865.79,Fair
LN101928,04-Dec-2016,41.0,Male,Married,0,Retired,61887.5,581.0,267923.69,84,14.58,Personal,2,Chennai,0,2016,12,6,5107.124103133898,0.08252270819040837,0.3607671042886959,161074.73466324742,61887.5,Fair
LN101653,15-Jan-2023,20.0,Male,Married,3,Salaried,55377.12,627.0,119373.78,84,11.26,Auto,1,Mumbai,0,2023,1,6,2060.323792114682,0.037205325811719384,0.17963763734914345,53693.41853763329,13844.28,Fair
LN100046,22/06/2020,42.0,Male,Married,0,Retired,30639.95,603.0,94707.7,120,10.81,Education,1,Chennai,1,2020,6,0,1294.4329589875392,0.04224657543460545,0.25758228500155295,60624.25507850472,30639.95,Fair
LN100162,07-15-2016,28.0,Female,Married,2,Unemployed,51178.35,,25720.78,48,12.31,Business,1,Delhi,0,2016,7,4,681.2472047664764,0.013311238145944065,0.04188095812649945,6979.08582879087,17059.45,Fair
LN100992,2020-09-17,58.0,Female,Single,2,Retired,23148.9,659.0,670371.29,48,12.77,Auto,1,Hyderabad,1,2020,9,3,17907.924253672347,0.7735972013215464,2.4132582613716704,189209.0741762726,7716.3,Fair
LN100728,2018-10-27,44.0,Female,Single,0,Self-Employed,46219.93,609.0,235972.36,120,12.42,Business,2,Hyderabad,1,2018,10,5,3443.055990160355,0.07449288629732574,0.42545203623920097,177194.35881924263,46219.93,Fair
LN100630,09/11/2019,32.0,Male,Single,1,Retired,24188.61,603.0,306607.3,36,15.18,Home,0,Hyderabad,1,2019,9,2,10655.6704902573,0.44052430008410154,1.056307424582617,76996.8376492628,12094.305,Fair
LN100289,02-05-2023,40.0,Female,Single,0,Salaried,31358.9,576.0,135620.89,60,14.66,Auto,1,Hyderabad,0,2023,2,6,3202.2548138695324,0.10211629916449659,0.36039978549417656,56514.39883217192,31358.9,Very_Poor
LN101614,05-05-2023,42.0,Male,Single,0,Salaried,41651.56,777.0,288491.29,12,11.37,Personal,1,Hyderabad,1,2023,5,4,25546.942105329505,0.6133489863363942,0.5771918466759308,18072.01526395406,41651.56,Very_Good
LN101060,2018-11-19,38.0,Female,Single,0,Self-Employed,71286.91,784.0,228885.28,12,10.42,Business,2,Chennai,0,2018,11,0,20167.20552114082,0.2829019454082218,0.2675634746033084,13121.18625368984,71286.91,Very_Good
LN100401,2019-04-04,29.0,Male,Single,2,Salaried,143521.69,795.0,183660.42,48,8.11,Home,1,Hyderabad,0,2019,4,3,4493.165013630276,0.03130652247496721,0.1066391776741202,32011.500654253236,47840.56333333333,Very_Good
LN100576,11/11/2015,37.0,Female,Single,1,Retired,88953.49,638.0,38687.79,12,7.13,Education,3,Pune,0,2015,11,2,3349.802122256081,0.03765790552181911,0.03624346273541375,1509.8354670729677,44476.745,Fair
LN100851,15-Jan-2021,34.0,Female,Divorced,4,Unemployed,143508.34,641.0,448695.91,84,9.8,Personal,0,Pune,1,2021,1,4,7402.590127928136,0.05158299599819868,0.2605515876870524,173121.6607459635,28701.667999999998,Fair
LN101340,08/11/2023,40.0,Male,Married,0,Unemployed,38066.01,,159858.05,12,11.95,Home,0,Delhi,1,2023,8,4,14199.342768358705,0.3730189417897674,0.3499579852647195,10534.063220304466,38066.01,Fair
LN101994,28-Aug-2018,48.0,Male,Single,2,Salaried,41031.09,698.0,198522.58,60,5.63,Education,0,Bengaluru,0,2018,8,1,3803.9238849692147,0.0927083312914479,0.40319543871082475,29712.853098152904,13677.029999999999,Good
LN100912,18-Jul-2016,,Male,Married,1,Salaried,44433.26,715.0,180531.49,36,11.76,Education,1,Bengaluru,0,2016,7,0,5975.5415977633065,0.13448352872967922,0.33858174784684564,34588.007519479055,22216.63,Good
LN101255,29/09/2018,,Male,Divorced,1,Unemployed,27368.78,534.0,98432.01,12,12.9,Education,1,Mumbai,0,2018,9,5,8786.997377251662,0.3210591548929716,0.29970892016377787,7011.9585270199605,13684.39,Very_Poor
LN101834,26-Apr-2015,44.0,Female,Divorced,0,Unemployed,50569.68,660.0,194491.54,12,6.23,Auto,0,Pune,1,2015,4,6,16759.498841575325,0.3314139785257752,0.32050090752667076,6622.446098903893,50569.68,Fair
LN101723,03-18-2015,22.0,Male,Single,2,Unemployed,90485.01,460.0,163070.6,120,12.68,Education,1,Mumbai,1,2015,3,2,2404.1367147705923,0.02656944741201435,0.1501819656832294,125425.8057724711,30161.67,Very_Poor
LN101736,07-03-2023,39.0,Male,Divorced,4,Self-Employed,54580.52,614.0,803961.47,36,8.56,Business,2,Chennai,1,2023,7,0,25401.354391652585,0.4653923119760051,1.227485358634668,110487.28809949313,10916.104,Fair
LN100933,17/06/2015,44.0,Female,Single,0,Self-Employed,40041.86,539.0,106410.41,60,16.2,Home,1,Delhi,0,2015,6,2,2599.013779849032,0.0649074188823654,0.2214565998349394,49530.416790941905,40041.86,Very_Poor
LN101902,07-15-2023,44.0,Female,Married,0,Unemployed,35050.42,,400610.69,24,11.89,Home,3,Delhi,1,2023,7,5,18837.49314155689,0.537439869238568,0.9524628853710361,51489.145397365384,35050.42,Fair
LN101101,22-Jun-2023,24.0,Female,Married,1,Salaried,59953.23,490.0,252632.09,60,7.6,Auto,0,Hyderabad,0,2023,6,3,5074.231385798829,0.08463649724625061,0.3511516254698315,51821.79314792974,29976.615,Very_Poor
LN101658,16-Sep-2019,29.0,Female,Married,3,Retired,90108.88,613.0,113671.62,120,11.96,Business,2,Mumbai,0,2019,9,0,1628.2294102355393,0.01806957771792901,0.10512432293021508,81715.9092282647,22527.22,Fair
LN101208,21/11/2022,41.0,Male,Single,3,Unemployed,54700.03,625.0,679333.52,84,9.08,Education,1,Chennai,1,2022,11,0,10957.438798342364,0.2003186981495689,1.0349377626788627,241091.3390607586,13675.0075,Fair
LN100248,2017-06-08,34.0,Male,Single,0,Self-Employed,42621.75,721.0,252214.68,60,12.71,Auto,0,Chennai,1,2017,6,3,5701.279873568611,0.13376456559312114,0.49312592749007256,89862.11241411668,42621.75,Good
LN101844,2016-08-13,20.0,Male,Married,1,Salaried,94500.65,547.0,335383.73,36,8.0,Education,1,Mumbai,1,2016,8,5,10509.668242545446,0.11121265560126249,0.2957508140596564,42964.32673163607,47250.325,Very_Poor
LN101849,27-Mar-2021,37.0,Female,Single,2,Retired,46309.14,497.0,341961.85,24,13.83,Business,2,Bengaluru,1,2021,3,5,16391.072897036,0.3539489806339742,0.6153606141969671,51423.899528864014,15436.38,Very_Poor
LN100477,2016-07-05,28.0,Female,Married,3,Unemployed,48676.45,644.0,235359.21,120,11.25,Business,0,Hyderabad,1,2016,7,1,3275.4677504039146,0.06729060460251138,0.40293134565072025,157696.92004846976,12169.1125,Fair
LN101900,19/07/2018,34.0,Male,Single,1,Salaried,58277.53,638.0,370468.07,60,13.49,Personal,1,Delhi,1,2018,7,3,8522.495870891393,0.146239826411507,0.5297468709924162,140881.68225348357,29138.765,Fair
LN101695,27-Jul-2017,31.0,Male,Single,1,Retired,44732.46,557.0,87093.8,84,17.29,Home,1,Bengaluru,0,2017,7,3,1794.4578567434412,0.04011534033101335,0.1622494418296393,63640.659966449064,22366.23,Very_Poor
LN100086,2018-01-29,23.0,Male,Single,0,Unemployed,30966.9,,116138.85,12,10.9,Education,1,Hyderabad,0,2018,1,0,10259.038152359908,0.3312904472956579,0.3125349163138706,6969.607828318898,30966.9,Fair
LN100470,23/04/2019,44.0,Male,Divorced,1,Salaried,40736.8,685.0,125166.17,84,11.75,Education,0,Pune,0,2019,4,1,2192.8240443845093,0.05382906964672014,0.25604647804114866,59031.04972829878,20368.4,Good
LN100226,10/03/2021,38.0,Male,Divorced,0,Salaried,69899.98,763.0,153559.42,36,9.56,Auto,2,Pune,0,2021,10,6,4923.254348725637,0.07043284345325475,0.18307041480317068,23677.73655412291,69899.98,Very_Good
LN101913,31/05/2019,34.0,Female,Married,2,Retired,38167.14,612.0,149117.49,24,14.31,Home,0,Pune,1,2019,5,4,7181.396189078142,0.18815651864609562,0.32558000154059225,23236.01853787541,12722.38,Fair
LN100775,01-13-2015,46.0,Female,Divorced,0,Unemployed,49949.19,704.0,389890.65,120,9.35,Personal,1,Chennai,1,2015,1,1,5013.121505603948,0.10036442043612614,0.6504787665225402,211683.93067247374,49949.19,Good
LN100332,09-17-2015,43.0,Female,Single,2,Salaried,120352.52,713.0,167732.06,120,7.92,Home,1,Chennai,0,2015,9,3,2027.9675941590958,0.016850229593523225,0.1161394183243248,75624.05129909149,40117.50666666667,Good
LN100234,19-Nov-2016,,Male,Single,2,Salaried,84844.58,606.0,108668.47,48,13.08,Education,2,Pune,0,2016,11,5,2919.6152979583035,0.0344113353847506,0.10673287360646176,31473.06430199856,28281.52666666667,Fair
LN100589,2022-07-15,50.0,Female,Divorced,2,Salaried,59972.25,562.0,113863.44,36,11.31,Auto,2,Hyderabad,0,2022,7,4,3744.47153763234,0.062436735950916304,0.15821684195607136,20937.53535476426,19990.75,Very_Poor
LN100476,2015-05-27,45.0,Male,Divorced,1,Unemployed,32794.82,677.0,167137.7,48,14.96,Business,0,Chennai,1,2015,5,2,4648.17330404029,0.1417349844896325,0.42470553784611925,55974.618593933876,16397.41,Good
LN101285,29-Jun-2016,49.0,Male,Divorced,0,Retired,29765.97,537.0,765620.41,120,9.03,Auto,1,Mumbai,1,2016,6,2,9710.98403309193,0.32624450112299147,2.1434443706465247,399697.6739710317,29765.97,Very_Poor
LN101972,02/09/2015,51.0,Male,Divorced,0,Salaried,41384.86,782.0,64614.65,120,9.82,Home,5,Bengaluru,0,2015,2,0,847.4593614592271,0.020477521525002793,0.13010927587206206,37080.473375107256,41384.86,Very_Good
LN100600,2021-08-24,38.0,Female,Married,3,Retired,105496.88,528.0,108799.85,48,15.13,Auto,1,Hyderabad,0,2021,8,1,3035.1520794054954,0.028770064853154854,0.08594239153486498,36887.44981146377,26374.22,Very_Poor
LN100422,2018-09-14,29.0,Female,Single,3,Salaried,43527.34,446.0,105711.26,12,9.86,Education,2,Hyderabad,1,2018,9,4,9286.727465292453,0.2133538935595985,0.20238479233205306,5729.469583509446,10881.835,Very_Poor
LN101712,06-15-2023,53.0,Female,Single,1,Retired,76166.9,797.0,138959.14,60,10.43,Personal,0,Bengaluru,0,2023,6,3,2981.953170128022,0.03915024991338786,0.15203360427342238,39958.05020768131,38083.45,Very_Good
LN100183,15-Jan-2023,39.0,Male,Single,2,Self-Employed,36048.25,586.0,252703.11,12,8.5,Personal,1,Hyderabad,0,2023,1,6,22040.460929055815,0.6114155591202295,0.5841779420637617,11782.42114866979,12016.083333333334,Fair
LN100989,09-11-2019,18.0,Male,Married,2,Retired,40403.95,719.0,107900.79,60,11.05,Personal,1,Mumbai,0,2019,9,2,2348.7128729060255,0.05813077367203023,0.22254587732140052,33021.98237436153,13467.983333333332,Good
LN101001,29-Jul-2021,32.0,Male,Divorced,0,Unemployed,68120.52,630.0,48171.97,48,6.23,Home,1,Mumbai,1,2021,7,3,1136.402804396718,0.016682239131420574,0.05892983249883198,6375.36461104246,68120.52,Fair
LN101642,28-Aug-2021,53.0,Female,Divorced,2,Retired,82474.66,639.0,126528.75,48,8.93,Home,0,Pune,0,2021,8,5,3144.462016594236,0.03812640169228022,0.1278460863009317,24405.42679652333,27491.553333333333,Fair
LN101357,30/08/2019,30.0,Male,Married,1,Salaried,45253.01,556.0,157988.48,84,12.75,Auto,0,Hyderabad,0,2019,8,4,2852.689249449914,0.06303866305136197,0.29093549062629576,81637.41695379277,22626.505,Very_Poor
LN101463,02-04-2021,48.0,Female,Single,0,Retired,45940.6,742.0,583324.24,24,13.56,Business,3,Delhi,1,2021,2,3,27885.890317509882,0.6069988271269832,1.0581131577152527,85937.12762023718,45940.6,Very_Good
LN100050,2020-04-23,20.0,Male,Married,3,Salaried,54270.27,581.0,73454.57,24,9.06,Business,10,Mumbai,0,2020,4,3,3357.758627089338,0.0618710507076773,0.11279129745746,7131.637050144112,13567.5675,Fair
LN101030,10/08/2016,50.0,Female,Married,1,Retired,54004.94,650.0,225153.1,36,7.79,Auto,0,Delhi,0,2016,10,5,7033.661175763691,0.13024107009032304,0.347426704544683,28058.70232749288,27002.47,Fair
LN100530,14/04/2015,41.0,Female,Married,1,Unemployed,77456.11,627.0,85583.12,36,14.0,Auto,2,Delhi,0,2015,4,1,2925.0225450331345,0.03776361277416507,0.09207700550242796,19717.691621192847,38728.055,Fair
LN101259,2022-08-24,37.0,Male,Single,1,Unemployed,92138.23,647.0,238462.83,36,9.68,Auto,4,Hyderabad,0,2022,8,2,7658.725495630956,0.0831221252636496,0.21567488869712387,37251.28784271443,46069.115,Fair
LN100487,2020-09-03,56.0,Female,Married,1,Unemployed,57103.55,702.0,534951.36,120,12.34,Home,1,Delhi,1,2020,9,3,7780.505202773296,0.13625256578222011,0.7806744064073073,398709.26433279563,28551.775,Good
LN100498,09-28-2015,26.0,Female,Divorced,0,Retired,39335.02,765.0,200818.4,60,7.29,Business,2,Chennai,0,2015,9,0,4003.9697337522134,0.10179147573211388,0.4254444682287353,39419.7840251328,39335.02,Very_Good
LN101909,14/07/2022,34.0,Male,Married,1,Retired,87879.8,723.0,235150.29,24,9.2,Business,2,Hyderabad,0,2022,7,3,10764.317993138811,0.12248910435775696,0.2229847757960305,23193.341835331463,43939.9,Good
LN101647,28-Sep-2022,30.0,Female,Divorced,1,Unemployed,112163.91,574.0,143049.84,60,7.96,Home,0,Bengaluru,0,2022,9,2,2897.791325676632,0.025835327296245575,0.10628035345772094,30817.639540597913,56081.955,Very_Poor
LN100107,16-Sep-2019,35.0,Male,Married,2,Retired,21283.94,685.0,312711.76,120,9.55,Home,0,Mumbai,1,2019,9,0,4054.976739718774,0.19051814371393522,1.2243651003213378,173885.44876625284,7094.6466666666665,Good
LN100444,2018-05-15,42.0,Male,Single,0,Retired,36718.63,729.0,198973.71,84,12.19,Business,0,Pune,0,2018,5,1,3532.676606076996,0.09620937943700504,0.4515730162045807,97771.12491046768,36718.63,Good
LN101513,17-Aug-2016,38.0,Male,Married,0,Retired,25227.2,572.0,62316.19,12,12.29,Business,2,Delhi,0,2016,8,2,5545.133018277592,0.21980770827827073,0.20584986971734212,4225.4062193310965,25227.2,Very_Poor
LN100647,2019-11-12,,Female,Married,3,Self-Employed,26766.86,689.0,76189.68,60,14.2,Business,0,Hyderabad,0,2019,11,1,1780.7086654013274,0.06652661781775401,0.23720152457180257,30652.839924079657,6691.715,Good
LN101037,29/04/2015,41.0,Male,Married,1,Retired,22808.6,505.0,118813.19,60,11.58,Business,0,Delhi,0,2015,4,2,2617.7827872193907,0.11477174343095985,0.43409499779323013,38253.77723316345,11404.3,Very_Poor
LN101763,16-Aug-2020,,Female,Single,2,Retired,32062.11,630.0,113221.76,12,15.8,Auto,1,Mumbai,1,2020,8,6,10261.934323587071,0.32006422295934583,0.29427715975856444,9921.451883044865,10687.37,Fair
LN100727,17/04/2020,30.0,Male,Single,1,Unemployed,39134.84,559.0,90961.7,84,17.26,Education,1,Chennai,0,2020,4,4,1872.5678136693568,0.047849124045718776,0.1936929259623054,66333.99634822599,19567.42,Very_Poor
LN100191,08-31-2023,,Male,Single,1,Self-Employed,58972.18,640.0,271957.71,24,6.29,Business,1,Pune,0,2023,8,3,12088.81011017418,0.20499174543274776,0.3843022676116094,18173.7326441803,29486.09,Fair
LN101789,14/01/2015,29.0,Male,Divorced,1,Unemployed,60568.59,716.0,166072.6,48,6.7,Auto,0,Mumbai,0,2015,1,2,3953.72823621804,0.0652768743042894,0.22849109304564189,23706.355338465917,30284.295,Good
LN101857,14/05/2021,37.0,Male,Single,0,Unemployed,47043.82,481.0,576191.06,12,8.05,Home,2,Delhi,1,2021,5,4,50134.67654771963,1.0657016489672742,1.020663748536294,25425.05857263552,47043.82,Very_Poor
LN100283,10-03-2021,31.0,Female,Single,1,Self-Employed,32253.08,595.0,136300.07,84,9.36,Personal,3,Delhi,1,2021,10,6,2217.9236442921583,0.06876625873535669,0.3521629303826694,50005.51612054129,16126.54,Fair
LN100030,06-16-2018,45.0,Male,Divorced,1,Salaried,50791.6,689.0,184250.49,84,9.54,Auto,0,Mumbai,0,2018,6,5,3015.1590561032663,0.0593633407119143,0.30229816544467986,69022.87071267437,25395.8,Good
LN100170,06-Jun-2021,31.0,Female,Single,3,Self-Employed,39920.52,590.0,48013.06,24,13.29,Education,1,Bengaluru,1,2021,6,6,2289.1663795592717,0.05734310022913709,0.10022635810689172,6926.93310942252,9980.13,Fair
LN101002,2017-03-24,39.0,Male,Married,2,Unemployed,45019.8,642.0,285024.56,120,7.47,Auto,1,Bengaluru,1,2017,3,4,3378.8277639103067,0.07505203852327878,0.5275911191668258,120434.77166923683,15006.6,Fair
LN101205,12-06-2016,44.0,Female,Single,0,Retired,50562.83,686.0,85572.54,84,12.52,Auto,3,Pune,0,2016,12,1,1534.4878159976336,0.030348139453381735,0.14103334405926252,43324.43654380123,50562.83,Good
LN100101,02-Feb-2020,33.0,Male,Married,1,Self-Employed,14589.54,507.0,338503.69,12,13.36,Business,1,Chennai,1,2020,2,6,30291.21698897365,2.076228379302819,1.9334839092482239,24990.91386768379,7294.77,Very_Poor
LN100198,07-Feb-2023,33.0,Female,Single,3,Unemployed,33740.73,753.0,137023.83,48,8.32,Business,1,Chennai,1,2023,2,1,3365.763904500261,0.099753736937531,0.3384233980711146,24532.83741601254,8435.1825,Very_Good
LN100496,04/03/2020,49.0,Female,Married,1,Retired,62560.38,583.0,180039.09,84,15.79,Personal,0,Bengaluru,0,2020,4,4,3554.446065657374,0.056816248009640836,0.23982043427485575,118534.37951521945,31280.19,Fair
LN101746,12/05/2021,32.0,Male,Single,0,Self-Employed,106515.68,713.0,263835.13,48,8.59,Education,0,Mumbai,0,2021,12,6,6514.288757117196,0.06115802628417897,0.20641337344260802,48850.7303416254,106515.68,Good
LN100648,05-25-2018,24.0,Female,Divorced,2,Salaried,99938.86,789.0,368649.11,12,8.72,Personal,0,Chennai,0,2018,5,4,32190.707178751163,0.32210400617688817,0.30739553329572367,17639.376145013957,33312.95333333333,Very_Good
LN100988,01-Aug-2019,56.0,Female,Single,0,Self-Employed,31242.65,558.0,57990.17,120,9.66,Education,2,Delhi,0,2019,8,3,755.467481357827,0.024180646691552315,0.15467683332453125,32665.92776293923,31242.65,Very_Poor
LN100045,17-Sep-2019,19.0,Male,Single,0,Retired,47678.04,684.0,194291.26,84,4.8,Personal,1,Delhi,0,2019,9,1,2727.866391983201,0.057214314849838646,0.3395890085526447,34849.51692658887,47678.04,Good
LN100711,16-Oct-2022,45.0,Male,Married,1,Unemployed,20199.16,585.0,122280.92,60,12.23,Home,1,Mumbai,1,2022,10,6,2734.3018899187828,0.13536710882624736,0.5044802193094499,41777.193395126975,10099.58,Fair
LN100374,01-Jul-2017,18.0,Male,Divorced,1,Retired,62054.68,485.0,84127.54,60,4.77,Home,0,Bengaluru,0,2017,7,5,1578.7350688517865,0.025441031504018496,0.11297501386411682,10596.564131107196,31027.34,Very_Poor
LN100679,27/06/2016,28.0,Female,Single,1,Unemployed,17095.24,521.0,225250.96,48,5.11,Personal,0,Hyderabad,1,2016,6,0,5198.579000931777,0.3040951165898681,1.0980198776579524,24280.832044725306,8547.62,Very_Poor
LN100567,2018-07-25,33.0,Male,Divorced,2,Retired,115968.93,580.0,130263.32,24,9.66,Business,1,Mumbai,0,2018,7,2,5990.5418341515415,0.051656437928258386,0.09360504289094215,13509.684019637003,38656.31,Fair
LN101673,04-21-2016,33.0,Female,Divorced,2,Unemployed,41666.46,632.0,179147.67,120,8.66,Auto,2,Mumbai,1,2016,4,3,2236.5325052744033,0.05367704636473565,0.3582971171537011,89236.2306329284,13888.82,Fair
LN100848,2022-12-23,34.0,Female,Married,1,Unemployed,54499.11,740.0,145505.59,24,8.35,Personal,2,Bengaluru,0,2022,12,4,6604.03854674409,0.12117699806004337,0.22248924493140038,12991.335121858167,27249.555,Very_Good
LN100461,12-20-2019,40.0,Male,Divorced,1,Unemployed,32822.19,783.0,163039.43,60,9.3,Education,2,Chennai,1,2019,12,4,3408.212413429261,0.10383866565360997,0.41394614943934777,41453.314805755654,16411.095,Very_Good
LN101933,07/12/2021,56.0,Male,Married,1,Salaried,132415.56,708.0,362551.27,24,11.75,Education,1,Delhi,0,2021,7,0,17024.186059217922,0.12856635624406923,0.2281650723928014,46029.195421230106,66207.78,Good
LN101156,14/12/2018,,Female,Married,1,Unemployed,56358.54,,68639.7,12,11.07,Education,2,Hyderabad,0,2018,12,4,6068.679854355429,0.10767986279196425,0.10149260431515791,4184.458252265147,28179.27,Fair
LN100040,09-Feb-2020,28.0,Female,Married,1,Self-Employed,62690.15,531.0,716419.48,84,14.54,Auto,1,Pune,1,2020,2,6,13640.318975919812,0.2175831287039481,0.9523286087739993,429367.31397726433,31345.075,Very_Poor
LN100435,2017-06-23,28.0,Male,Single,3,Retired,30269.62,747.0,384597.25,12,12.46,Business,1,Delhi,1,2017,6,4,34253.55772362313,1.1316150557431224,1.058809817676381,26445.442683477595,7567.405,Very_Good
LN100974,27-Oct-2016,32.0,Female,Divorced,1,Salaried,41071.53,844.0,415914.27,120,14.07,Education,0,Chennai,1,2016,10,3,6475.267139148193,0.15765828882313837,0.8438819420654649,361117.78669778304,20535.765,Exceptional
LN101240,13-Oct-2017,35.0,Male,Divorced,1,Salaried,53308.22,621.0,447336.74,12,12.52,Auto,4,Pune,0,2017,10,4,39853.92847972341,0.7476131913562938,0.69929293581115,30910.40175668092,26654.11,Fair
LN101008,06-21-2019,35.0,Female,Divorced,2,Unemployed,35749.59,671.0,185256.74,120,12.93,Personal,1,Chennai,1,2019,6,4,2758.4374753735665,0.07715997513184254,0.4318388453312798,145755.75704482797,11916.529999999999,Good
LN101580,14-Mar-2018,41.0,Female,Married,1,Unemployed,38392.27,800.0,554830.68,60,12.9,Personal,1,Bengaluru,1,2018,3,2,12595.704838291074,0.32807918985491286,1.2043020639310988,200911.61029746442,19196.135,Exceptional
LN101591,2016-09-10,34.0,Male,Single,0,Self-Employed,37422.79,646.0,396774.94,24,10.06,Business,0,Mumbai,1,2016,9,5,18320.057608007588,0.48954280554730384,0.8835412414021866,42906.44259218214,37422.79,Fair
LN101787,05-28-2018,46.0,Male,Married,3,Unemployed,79515.57,615.0,140017.55,36,8.91,Personal,1,Chennai,0,2018,5,0,4446.643466996219,0.0559216700200504,0.14674018140933487,20061.614811863896,19878.8925,Fair
LN101499,12-02-2017,40.0,Female,Married,5,Salaried,76145.66,666.0,488957.73,120,9.01,Education,2,Chennai,1,2017,12,5,6196.552149050888,0.08137761428623624,0.5351122769176864,254628.52788610663,12690.943333333335,Fair
LN100457,09-11-2015,38.0,Male,Single,1,Unemployed,41989.51,753.0,27275.54,48,10.95,Education,1,Pune,0,2015,9,4,704.2871890819468,0.01677293183659316,0.054131654945882124,6530.245075933446,20994.755,Very_Good
LN101836,2016-03-17,32.0,Female,Divorced,4,Unemployed,66923.21,762.0,137849.26,24,3.72,Auto,0,Chennai,0,2016,3,3,5968.851409736755,0.08918955635476473,0.1716510360655643,5403.1738336821145,13384.642000000002,Very_Good
LN100261,02-02-2015,53.0,Male,Single,3,Salaried,69490.94,610.0,142109.75,120,11.89,Education,3,Pune,0,2015,2,0,2029.834734861942,0.0292100629932757,0.17041759928224695,101470.41818343304,17372.735,Fair
LN101841,16-Apr-2017,47.0,Female,Divorced,2,Self-Employed,44217.46,555.0,68508.73,24,13.09,Auto,3,Delhi,0,2017,4,6,3259.9157888403392,0.07372462798270953,0.1291132695847598,9729.24893216815,14739.153333333334,Very_Poor
LN100036,2022-06-10,22.0,Male,Single,1,Salaried,24252.33,585.0,171199.87,36,11.93,Home,2,Pune,1,2022,6,4,5680.550151892308,0.23422698569136688,0.5882591830695579,33299.93546812312,12126.165,Fair
LN100828,01-Mar-2017,53.0,Female,Married,0,Retired,69034.36,675.0,226826.45,24,12.65,Business,1,Delhi,0,2017,3,2,10746.453303937142,0.15566818181463754,0.27380863915688747,31088.42929449139,69034.36,Good
LN101936,10-01-2023,45.0,Male,Single,1,Self-Employed,59571.5,693.0,203520.33,36,12.15,Auto,0,Delhi,0,2023,10,6,6774.361865916399,0.11371816835091277,0.28470036007151067,40356.69717299039,29785.75,Good
LN100310,10/02/2017,43.0,Male,Single,1,Salaried,40985.98,637.0,333619.77,36,5.27,Education,0,Bengaluru,1,2017,10,0,10039.317955123424,0.244945172840162,0.678320916079108,27795.676384443243,20492.99,Fair
LN100277,24/12/2018,32.0,Male,Divorced,1,Salaried,41111.34,580.0,80235.26,120,9.63,Education,0,Mumbai,0,2018,12,0,1043.9433398005986,0.025393074995867286,0.16263813504173463,45037.94077607183,20555.67,Fair
LN100637,2021-08-30,28.0,Male,Married,1,Self-Employed,73469.99,660.0,80828.61,36,13.64,Personal,0,Hyderabad,1,2021,8,0,2748.4131289343372,0.03740864983014612,0.09167984778546995,18114.262641636145,36734.995,Fair
LN100623,09-25-2021,67.0,Male,Single,1,Retired,57007.42,615.0,42458.99,60,15.17,Auto,1,Hyderabad,0,2021,9,5,1013.8882882511508,0.01778519863293499,0.0620664672540288,18374.307295069048,28503.71,Fair
LN101860,2019-12-31,26.0,Male,Married,1,Salaried,68301.81,651.0,240615.47,12,13.87,Personal,0,Delhi,0,2019,12,1,21589.308420047084,0.3160869151205083,0.2935689283588044,18456.231040565006,34150.905,Fair
LN100845,05-08-2022,43.0,Female,Married,1,Salaried,89725.03,489.0,418703.99,12,18.52,Personal,1,Mumbai,1,2022,5,6,38490.28291025994,0.428980440689292,0.38887698523663544,43179.40492311935,44862.515,Very_Poor
  LN100394  ,01-12-2021,31.0,Male,Divorced,1,Salaried,58780.05,677.0,52957.53,36,17.05,Education,0,Pune,0,2021,1,1,1889.395601531059,0.03214348408228742,0.07507866189293816,15060.711655118124,29390.025,Good
LN101770,11-10-2021,35.0,Male,Single,2,Retired,98947.45,428.0,52432.26,24,9.8,Personal,0,Chennai,0,2021,11,2,2414.6344243846333,0.024403200126780766,0.04415833859285914,5518.966185231198,32982.48333333333,Very_Poor
LN100108,2016-10-06,20.0,Male,Single,2,Unemployed,133368.14,640.0,691473.74,36,6.1,Business,2,Delhi,1,2016,10,3,21067.210684277987,0.15796284393167653,0.4320582986811292,66945.84463400755,44456.04666666667,Fair
LN100350,2023-03-30,36.0,Male,Single,1,Self-Employed,26382.96,838.0,606894.15,120,13.04,Auto,0,Mumbai,1,2023,3,3,9075.902118374299,0.344006211523434,1.916938527746697,482214.1042049158,13191.48,Exceptional
LN100525,2016-02-28,30.0,Female,Single,0,Self-Employed,98353.9,615.0,53766.11,24,17.04,Business,1,Chennai,0,2016,2,6,2659.34509913839,0.027038532271098457,0.04555497206177556,10058.17237932136,98353.9,Fair
LN100785,08-Apr-2018,21.0,Female,Divorced,4,Salaried,27928.61,684.0,87403.33,60,14.34,Personal,0,Mumbai,0,2018,4,6,2049.159920212959,0.07337135361240531,0.26079388961116695,35546.26521277755,5585.722,Good
LN100048,16-May-2017,30.0,Male,Single,0,Retired,54556.38,639.0,170300.75,48,12.84,Home,0,Chennai,0,2017,5,1,4555.223510268718,0.08349570683151482,0.26012959743052355,48349.97849289846,54556.38,Fair
LN101979,15-Oct-2022,49.0,Male,Divorced,0,Unemployed,32062.4,624.0,499962.52,48,14.29,Education,1,Mumbai,1,2022,10,5,13735.03834263901,0.4283845982408993,1.299451798160254,159319.3204466725,32062.4,Fair
LN100204,17/11/2020,42.0,Female,Divorced,1,Unemployed,38006.72,647.0,57621.26,60,15.0,Personal,1,Delhi,1,2020,11,1,1370.804508784937,0.03606742462345967,0.12634007003673736,24627.010527096216,19003.36,Fair
LN101656,2022-08-28,25.0,Male,Married,1,Self-Employed,,696.0,137722.73,48,8.25,Auto,1,Delhi,0,2022,8,6,3378.3908931377246,0.07038314360703593,0.23910196180555557,24440.03287061077,24000.0,Good
LN100022,2015-08-23,22.0,Male,Divorced,2,Self-Employed,30671.45,696.0,284830.68,24,12.55,Business,2,Hyderabad,1,2015,8,6,13481.19624099364,0.43953566724082627,0.773875705256843,38718.02978384739,10223.816666666668,Good
LN100403,29/05/2021,43.0,Female,Single,3,Retired,54036.83,558.0,229682.51,48,15.39,Personal,1,Chennai,1,2021,5,5,6437.727130519627,0.1191359139779226,0.35420673578865874,79328.39226494211,13509.2075,Very_Poor
LN101971,14-Aug-2022,62.0,Female,Single,2,Retired,54311.68,663.0,157090.25,84,8.2,Education,0,Chennai,1,2022,8,6,2464.1213035701307,0.04537000703292792,0.2410320241735602,49895.939499890985,18103.893333333333,Fair
LN101108,08-02-2019,,Female,Divorced,2,Unemployed,119210.65,693.0,192984.99,120,13.72,Personal,1,Chennai,0,2019,8,4,2964.003974717505,0.02486358370428737,0.13490474634606892,162695.48696610064,39736.88333333333,Good
LN101155,11/05/2021,47.0,Female,Divorced,1,Salaried,37445.31,641.0,61183.48,120,6.16,Personal,1,Delhi,1,2021,11,4,684.1876606149124,0.01827165165984505,0.13616186735624125,20919.03927378948,18722.655,Fair
  LN101440  ,08-17-2016,,Female,Single,1,Retired,15870.85,733.0,186922.89,48,,Business,1,Delhi,0,2016,8,2,4831.110989830782,0.30440152794782777,0.9814790953225567,44970.437511877535,7935.425,Good
LN100990,09-26-2019,49.0,Female,Single,1,Self-Employed,39000.18,580.0,435707.96,120,11.52,Auto,0,Mumbai,1,2019,9,3,6130.839018606881,0.15720027493736902,0.930995617627064,299992.72223282565,19500.09,Fair
LN101866,08-13-2019,38.0,Male,Single,0,Unemployed,51279.96,523.0,67810.9,60,11.17,Personal,1,Bengaluru,0,2019,8,1,1480.1268384329603,0.02886365040910641,0.11019720634207461,20996.710305977627,51279.96,Very_Poor
LN100742,05/12/2015,28.0,Male,Single,2,Salaried,64135.84,627.0,152381.73,12,9.6,Personal,0,Chennai,0,2015,5,1,13368.309790439422,0.20843743202614048,0.19799346979785407,8037.987485273043,21378.61333333333,Fair
LN101722,2016-07-09,22.0,Female,Married,0,Self-Employed,51667.89,548.0,161638.66,24,5.29,Personal,1,Hyderabad,0,2016,7,5,7112.260298957607,0.1376533916704864,0.26070134339399836,9055.58717498256,51667.89,Very_Poor
LN101311,26/07/2021,28.0,Female,Single,3,Self-Employed,49554.72,,210238.34,48,11.36,Personal,1,Mumbai,0,2021,7,0,5470.538683698854,0.11039389756816008,0.35354577054752134,52347.516817544965,12388.68,Fair
LN101148,13/04/2020,31.0,Female,Divorced,1,Salaried,46154.57,,279400.39,24,7.68,Business,2,Hyderabad,1,2020,4,0,12595.708449905926,0.27290273639004603,0.5044650146959084,22896.612797742186,23077.285,Fair
LN100034,2018-09-18,44.0,Male,Married,0,Unemployed,,648.0,106077.15,84,11.23,Education,2,Hyderabad,0,2018,9,1,1829.1512118692037,0.038107316913941744,0.18416171874999998,47571.55179701312,48000.0,Fair
LN100788,22/06/2021,33.0,Female,Divorced,3,Salaried,38142.11,787.0,251691.93,84,7.0,Education,0,Hyderabad,0,2021,6,1,3798.6997238505933,0.09959332936354579,0.5498995073948452,67398.84680344985,9535.5275,Very_Good
LN101541,13/10/2017,25.0,Male,Single,0,Self-Employed,40922.23,781.0,256728.29,48,12.29,Personal,0,Pune,1,2017,10,4,6797.24234683031,0.16610146482316115,0.5227971243665526,69539.34264785491,40922.23,Very_Good
LN100924,08/02/2020,36.0,Female,Single,1,Self-Employed,25118.97,620.0,272087.21,60,7.69,Home,1,Mumbai,0,2020,8,6,5476.657164773053,0.218028731463633,0.9026617797890067,56512.21988638316,12559.485,Fair
LN101044,02-10-2017,36.0,Male,Single,4,Unemployed,96935.75,610.0,305016.48,36,11.11,Business,1,Chennai,1,2017,2,4,10001.719242009523,0.10317885034169048,0.26221533335224617,55045.41271234286,19387.15,Fair
LN101244,04-01-2022,,Male,Married,1,Retired,34816.94,681.0,523456.92,12,13.59,Personal,0,Delhi,1,2022,4,4,46898.44198719975,1.3470006837820827,1.2528789146892287,39324.38384639699,17408.47,Good
LN101916,11-11-2018,32.0,Male,Married,0,Retired,19001.32,687.0,286093.39,36,9.62,Business,1,Chennai,1,2018,11,6,9180.44431779903,0.4831477138324617,1.254708400960214,44402.605440765095,19001.32,Good
LN100580,12-06-2016,21.0,Male,Single,0,Retired,16950.05,714.0,135722.77,120,19.78,Education,0,Chennai,0,2016,12,1,2603.1523750704932,0.15357785818156838,0.6672682873108536,176655.5150084592,16950.05,Good
LN100482,30-Oct-2018,40.0,Male,Divorced,0,Unemployed,48138.36,663.0,137930.87,36,20.23,Home,1,Hyderabad,1,2018,10,1,5142.177731592844,0.10682079180912776,0.23877504689953427,47187.52833734237,48138.36,Fair
LN100932,21/08/2022,20.0,Female,Married,0,Unemployed,44193.9,706.0,703477.94,48,7.41,Personal,1,Mumbai,1,2022,8,6,16979.743449454854,0.38421011608966066,1.3264989436702046,111549.74557383312,44193.9,Good
LN100357,08-Apr-2015,28.0,Male,Divorced,1,Salaried,34215.88,834.0,198884.19,24,13.35,Personal,1,Delhi,0,2015,4,2,9488.014707440321,0.2772985732776805,0.4843856858277502,28828.162978567707,17107.94,Exceptional
LN101686,20-Jul-2015,35.0,Male,Married,2,Retired,70027.91,715.0,347422.17,24,10.11,Home,2,Chennai,0,2015,7,0,16049.342978428564,0.2291849489500481,0.41343297979334237,37762.06148228556,23342.63666666667,Good
LN101249,24-Jun-2023,,Male,Married,1,Self-Employed,44332.82,628.0,414221.49,48,11.93,Business,1,Bengaluru,1,2023,6,5,10893.791518805885,0.24572746599034045,0.7786208389179845,108680.50290268252,22166.41,Fair
LN100760,02-01-2020,43.0,Male,Divorced,1,Self-Employed,27665.09,672.0,493571.79,48,8.42,Education,0,Chennai,1,2020,2,5,12147.043286225595,0.43907477930581806,1.486746744724127,89486.28773882851,13832.545,Good
LN100093,28-Feb-2019,33.0,Male,Married,0,Retired,32312.86,587.0,281100.87,12,12.25,Business,1,Chennai,1,2019,2,3,25008.16614962604,0.7739384922791124,0.7249458110486041,18997.12379551248,32312.86,Fair
LN101176,11-Feb-2017,31.0,Male,Single,0,Unemployed,49762.0,596.0,170080.12,12,15.85,Business,1,Delhi,0,2017,2,5,15419.354553958337,0.30986203436273335,0.28482262234904815,14952.134647500061,49762.0,Fair
LN101416,04-Dec-2020,53.0,Female,Single,1,Salaried,55696.03,573.0,132145.64,48,11.31,Auto,1,Hyderabad,0,2020,12,4,3435.2951046773264,0.06167935317252103,0.1977185208113876,32748.525024511648,27848.015,Very_Poor
LN101342,16/06/2022,53.0,Female,Divorced,3,Salaried,38557.24,476.0,256760.77,48,11.1,Education,1,Chennai,0,2022,6,3,6648.580299900327,0.17243403054524462,0.5549341922122365,62371.0843952157,9639.31,Very_Poor
LN101473,29-Dec-2021,38.0,Female,Single,2,Salaried,188908.91,678.0,312296.35,36,12.31,Business,1,Chennai,0,2021,12,2,10418.984258607927,0.05515348248321335,0.13776319938182552,62787.083309885405,62969.636666666665,Good
LN101608,03-17-2021,55.0,Female,Married,1,Salaried,21456.82,719.0,142963.8,60,9.85,Education,0,Mumbai,0,2021,3,2,3027.0126282325773,0.14107461535458551,0.555238381083497,38656.95769395464,10728.41,Good
LN100765,24-Mar-2022,21.0,Female,Divorced,1,Unemployed,48872.77,580.0,136920.58,36,13.82,Auto,1,Delhi,0,2022,3,3,4667.650471410915,0.09550615754766745,0.23346432652238316,31114.836970792967,24436.385,Fair
LN101374,11/11/2018,31.0,Male,Divorced,2,Retired,58335.03,810.0,715469.19,48,9.27,Personal,1,Pune,1,2018,11,6,17896.309285650623,0.30678495040888165,1.0220691152468764,143553.6557112299,19445.01,Exceptional
LN101952,2016-12-17,27.0,Male,Married,1,Self-Employed,43555.32,723.0,293140.43,24,8.31,Home,1,Pune,1,2016,12,5,13299.358222758789,0.30534405952611043,0.5608584477548705,26044.167346210917,21777.66,Good
LN100258,2017-07-24,47.0,Female,Married,1,Retired,15939.5,,230475.21,60,14.6,Auto,2,Delhi,1,2017,7,0,5434.711349062305,0.3409587094364506,1.2049479281031399,95607.47094373833,7969.75,Fair
LN100945,19-May-2016,24.0,Female,Married,2,Retired,61137.48,665.0,178730.47,12,13.43,Business,1,Hyderabad,0,2016,5,3,15999.686311817137,0.2617001275128961,0.2436182491220334,13265.765741805633,20379.16,Fair
LN101220,2023-01-20,46.0,Male,Divorced,1,Salaried,31122.68,594.0,72065.7,120,6.56,Auto,0,Mumbai,0,2023,1,4,820.4923163755772,0.026363163981237385,0.19296137093592194,26393.37796506926,15561.34,Fair
LN101162,2019-12-18,38.0,Female,Married,1,Self-Employed,33595.98,553.0,169621.63,60,12.98,Business,1,Bengaluru,1,2019,12,2,3857.6726865070045,0.11482542514035918,0.42073890487294413,61838.73119042028,16797.99,Very_Poor
LN100773,17-Jun-2022,34.0,Female,Single,2,Retired,61210.41,723.0,303073.74,48,14.12,Education,0,Mumbai,0,2022,6,4,8300.181704631013,0.13560081862923337,0.412611923364016,95334.98182228865,20403.47,Good
LN101487,15/06/2016,54.0,Male,Married,0,Retired,24097.16,732.0,68737.41,48,12.8,Personal,0,Bengaluru,0,2016,6,2,1837.2339123684244,0.07624275692108216,0.23770923627514615,19449.81779368437,24097.16,Good
LN100313,22/07/2023,,Female,Married,1,Self-Employed,36133.96,710.0,115552.02,60,10.97,Auto,1,Hyderabad,0,2023,7,5,2510.648990436767,0.06948170060620996,0.26648988928974293,35086.91942620599,18066.98,Good
LN100291,02-Dec-2015,43.0,Male,Married,0,Retired,54063.94,712.0,71427.82,48,7.48,Auto,4,Hyderabad,0,2015,12,2,1726.3746891487597,0.03193209168900305,0.11009775338854944,11438.165079140454,54063.94,Good
LN100764,28/03/2022,31.0,Female,Single,0,Self-Employed,85685.09,465.0,123300.81,84,7.01,Personal,1,Hyderabad,0,2022,3,0,1861.5395221339506,0.021725361111646736,0.11991663310384572,33068.50985925185,85685.09,Very_Poor
LN100184,07-18-2022,43.0,Female,Divorced,4,Retired,45064.31,760.0,446845.18,12,14.53,Personal,0,Delhi,1,2022,7,0,40232.19864661075,0.8927729870181248,0.8263101850074557,35941.203759328986,9012.862,Very_Good
LN101177,09/09/2020,40.0,Male,Divorced,1,Salaried,29318.06,544.0,123977.95,24,9.04,Business,1,Chennai,1,2020,9,2,5666.147590232476,0.19326475183666572,0.35239357015209505,12009.592165579452,14659.03,Very_Poor
LN101350,08-18-2022,47.0,Female,Single,2,Salaried,93052.54,606.0,120662.98,120,6.44,Auto,0,Mumbai,0,2022,8,3,1366.4214447930801,0.014684407806526079,0.10805990178595161,43307.59337516963,31017.513333333332,Fair
  LN101100  ,14/02/2016,49.0,Male,Single,1,Salaried,76863.06,558.0,92950.82,60,8.9,Personal,1,Chennai,0,2016,2,6,1924.9946209528453,0.025044470268980254,0.10077534860915852,22548.857257170705,38431.53,Very_Poor
LN100392,2015-10-09,34.0,Female,Divorced,0,Retired,58668.09,541.0,166690.39,36,11.94,Business,1,Hyderabad,1,2015,10,4,5531.7176765515005,0.0942883546498872,0.23677037778685714,32451.446355854016,58668.09,Very_Poor
LN101920,2019-10-07,38.0,Female,Single,0,Retired,29511.01,693.0,201790.18,12,7.11,Home,0,Mumbai,0,2019,10,0,17470.24430938114,0.591990728524071,0.5698160901078388,7852.751712573692,29511.01,Good
LN101457,02-Jan-2015,38.0,Male,Married,1,Salaried,14441.1,757.0,82599.25,48,7.79,Auto,1,Delhi,0,2015,1,4,2008.351298938298,0.13907190580622653,0.4766444961487236,13801.612349038303,7220.55,Very_Good
LN101093,01-Feb-2023,35.0,Male,Single,1,Self-Employed,145160.66,779.0,61655.45,84,12.16,Business,2,Bengaluru,0,2023,2,2,1093.6689691362296,0.007534196724761582,0.035394949063104746,30212.743407443297,72580.33,Very_Good
LN100905,2022-07-12,66.0,Female,Married,1,Self-Employed,53489.68,,286442.72,48,11.56,Business,1,Hyderabad,0,2022,7,1,7481.389072214133,0.13986602784339208,0.4462585430809581,72663.95546627842,26744.84,Fair
LN100367,09-09-2023,37.0,Male,Married,0,Unemployed,54761.29,526.0,82676.7,120,2.83,Personal,2,Chennai,0,2023,9,5,791.8585208308449,0.014460187494320256,0.12581378196167403,12346.32249970139,54761.29,Very_Poor
LN100346,17-Mar-2018,43.0,Male,Divorced,0,Retired,37509.2,696.0,770355.85,84,13.45,Personal,0,Hyderabad,1,2018,3,5,14203.427653406725,0.3786651715687545,1.7114820053035877,422732.0728861649,37509.2,Good
LN101373,24/01/2018,,Male,Married,0,Self-Employed,37738.94,572.0,253801.71,84,20.86,Personal,1,Hyderabad,1,2018,1,2,5768.1283553061485,0.1528428820551438,0.5604328711935205,230721.07184571648,37738.94,Very_Poor
LN101640,2017-09-22,37.0,Male,Married,2,Salaried,46778.83,604.0,225197.37,60,13.51,Business,1,Pune,0,2017,9,4,5182.911639935847,0.11079609387271651,0.40117393915153504,85777.32839615084,15592.943333333335,Fair
LN100920,08/07/2019,30.0,Female,Married,1,Unemployed,29770.79,411.0,80120.32,12,13.6,Personal,2,Bengaluru,1,2019,8,2,7178.65245135963,0.24113073423176307,0.22426994155456856,6023.5094163155445,14885.395,Very_Poor
LN100212,2016-03-12,38.0,Male,Married,0,Salaried,64444.49,543.0,433663.94,120,13.15,Auto,2,Bengaluru,1,2016,3,5,6513.490291905357,0.10107132963431563,0.560771939799146,347954.8950286428,64444.49,Very_Poor
LN101604,08/04/2021,25.0,Male,Divorced,7,Self-Employed,13560.63,742.0,198268.22,24,15.79,Personal,1,Pune,1,2021,8,2,9687.920030414689,0.714415187968014,1.2184059049370617,34241.86072995255,1695.07875,Very_Good
LN100538,08/09/2021,27.0,Male,Divorced,1,Self-Employed,40210.96,373.0,342689.7,84,10.49,Personal,2,Mumbai,1,2021,8,0,5776.18752471482,0.1436470933475555,0.7101913259469558,142510.0520760449,20105.48,Very_Poor
LN101221,28-Feb-2017,40.0,Female,Divorced,3,Self-Employed,94856.59,658.0,154084.88,12,11.44,Personal,1,Hyderabad,0,2017,2,1,13649.808466350476,0.14389942192050628,0.13536652189022044,9712.8215962057,23714.1475,Fair
LN100176,22/01/2018,46.0,Male,Single,0,Salaried,21847.56,555.0,94139.97,12,13.85,Business,1,Mumbai,1,2018,1,0,8445.856593232522,0.3865812288984455,0.3590788856970755,7210.309118790261,21847.56,Very_Poor
